filename,freshripe,freshunripe,overripe,ripe,rotten,unripe
musa-acuminata-mold-e38d6cb3-1d0a-11ec-a725-d8c4975e38aa_jpg.rf.3ghJTjF4D5fqPfZyuIel.jpg,0,0,1,0,1,0
musa-acuminata-overripe-80d5b2b5-2653-11ec-b35e-d8c4975e38aa_jpg.rf.3VgAHYkPZhOBurfmMNms.jpg,0,0,1,0,0,0
musa-acuminata-freshunripe-667f26d2-1d0a-11ec-a0b5-d8c4975e38aa_jpg.rf.ImpxPM0PnkHUw93ngqGU.jpg,0,1,0,0,0,0
musa-acuminata-banana-b6bcdef3-394a-11ec-875d-d8c4975e38aa_jpg.rf.IrYUReRdkNDvjcIWHIeB.jpg,0,0,0,1,0,0
musa-acuminata-banana-c9e08f99-394a-11ec-aa99-d8c4975e38aa_jpg.rf.3utBwAYLdbxyDjlGm132.jpg,0,0,0,1,0,0
musa-acuminata-rotten-865fc826-2653-11ec-95e9-d8c4975e38aa_jpg.rf.2vehOb2c4i8zBTHhQxVu.jpg,0,0,0,0,1,0
musa-acuminata-banana-ea8996bb-394a-11ec-9cd7-d8c4975e38aa_jpg.rf.3uyeOvJ0AequlOtL0ivg.jpg,1,0,0,1,0,0
musa-acuminata-rotten-b9c7734b-1d0a-11ec-ad3d-d8c4975e38aa_jpg.rf.3wuXW676vMS09xrJ1M4n.jpg,0,0,0,0,1,0
musa-acuminata-mold-e3bf7a46-1d0a-11ec-a466-d8c4975e38aa_jpg.rf.IhR7nkPrgHwkdWzz5Mjx.jpg,0,0,1,0,1,0
musa-acuminata-ripe-926a7f0e-1d0a-11ec-ac96-d8c4975e38aa_jpg.rf.3GoSZEXBBhoMABVu0Yhg.jpg,0,0,0,1,0,0
musa-acuminata-rotten-ae8d9409-1d0a-11ec-8e93-d8c4975e38aa_jpg.rf.48KLd8oMZiZ8K9MHbMSr.jpg,0,0,0,0,1,0
musa-acuminata-ripe-6c59a33e-2653-11ec-ae1f-d8c4975e38aa_jpg.rf.4AxEG6sobn7neSmmSzU3.jpg,0,0,0,1,0,0
musa-acuminata-banana-a5c64ec9-4037-11ec-9710-94b86d66fd1d_jpg.rf.4BW42jUmcbqdz51RJPVQ.jpg,1,0,0,0,0,0
musa-acuminata-unripe-8c70550b-1d0a-11ec-992b-d8c4975e38aa-1-_jpg.rf.43vdIcTOkb3w4wHFqnyu.jpg,0,0,0,0,0,1
musa-acuminata-freshripe-499f7abd-2653-11ec-977e-d8c4975e38aa_jpg.rf.476i9QzRPPctlYNRUbo5.jpg,1,0,0,0,0,0
musa-acuminata-banana-afa7fc5e-394a-11ec-bb72-d8c4975e38aa_jpg.rf.4BcnQr8PSpnewbaWwWY4.jpg,1,0,0,0,0,0
musa-acuminata-banana-85737db6-394a-11ec-bda3-d8c4975e38aa_jpg.rf.4Io2M8gyzpXjTEYGTn52.jpg,0,0,0,1,1,0
musa-acuminata-ripe-946d4f4d-1d0a-11ec-b95a-d8c4975e38aa_jpg.rf.4NeWeD8n3EwKNtxUOgm6.jpg,0,0,0,1,0,0
musa-acuminata-mold-e38d6cb2-1d0a-11ec-86b7-d8c4975e38aa_jpg.rf.i1Q6bCnOUPpsZvO8N9WT.jpg,0,0,1,0,1,0
musa-acuminata-overripe-8097942b-2653-11ec-9b58-d8c4975e38aa_jpg.rf.3fdJZlUBHYSXashzp8tH.jpg,0,0,1,0,0,0
musa-acuminata-banana-e283a409-394a-11ec-b3c1-d8c4975e38aa_jpg.rf.iWOPLzhwjpUeErYkFKWt.jpg,1,0,0,1,0,0
musa-acuminata-banana-edec7e4f-394a-11ec-8b12-d8c4975e38aa_jpg.rf.4PPppp5uYQjbRzsEDwjo.jpg,0,0,0,1,0,0
musa-acuminata-unripe-8e2943ff-1d0a-11ec-8340-d8c4975e38aa-1-_jpg.rf.IdMmpAp4gkSVHI1uBOil.jpg,0,1,0,0,0,0
musa-acuminata-banana-f9d3745e-394a-11ec-8998-d8c4975e38aa_jpg.rf.IgGg3DC2JIPI5Ebu0Ckt.jpg,0,0,0,1,0,0
musa-acuminata-ripe-708a2d69-2653-11ec-bf4c-d8c4975e38aa_jpg.rf.4HUpxoIdQtL0zLhgHw2L.jpg,0,0,0,0,1,0
musa-acuminata-unripe-607f8b0d-2653-11ec-9d59-d8c4975e38aa---Copy_jpg.rf.IajzZi0sH1T6Q3tfkt5X.jpg,0,0,0,0,1,0
musa-acuminata-ripe-920b2767-1d0a-11ec-85dc-d8c4975e38aa_jpg.rf.3DeYz78Qx2NUupl4YYw0.jpg,0,0,0,1,0,0
musa-acuminata-rotten-a2077e0a-1d0a-11ec-9632-d8c4975e38aa_jpg.rf.id3uAElvTNMO8aLbUKb4.jpg,0,0,0,0,1,0
musa-acuminata-unripe-5ae4baca-2653-11ec-afaf-d8c4975e38aa---Copy_jpg.rf.iXeismzFKIEUgamWCgoR.jpg,0,0,0,0,1,1
musa-acuminata-banana-9fe7fbb7-394a-11ec-9b79-d8c4975e38aa_jpg.rf.ijEux7y95eDyMtoEAaXv.jpg,0,0,0,0,1,0
musa-acuminata-freshunripe-6f8e9a22-1d0a-11ec-9392-d8c4975e38aa_jpg.rf.IjhPQbpYYPOJurKFXYkY.jpg,0,1,0,0,0,0
musa-acuminata-overripe-7f89578b-2653-11ec-9951-d8c4975e38aa_jpg.rf.IgyundminkuAk7izrpCq.jpg,0,0,1,0,0,0
musa-acuminata-rotten-81689482-2653-11ec-ace0-d8c4975e38aa_jpg.rf.3F8LdwYWKiA3REUjahZc.jpg,0,0,0,0,1,0
musa-acuminata-banana-af671d3f-394a-11ec-9564-d8c4975e38aa_jpg.rf.3pAJMgFlYXGxxYx5L6IF.jpg,1,0,0,1,0,0
musa-acuminata-banana-c5d2a66a-394a-11ec-b0f4-d8c4975e38aa_jpg.rf.3ssAIFYghgqFZ5TOceNz.jpg,1,0,0,1,0,0
musa-acuminata-unripe-841d7bd8-1d0a-11ec-8a96-d8c4975e38aa-1-_jpg.rf.iqUR56DjylIO7Ts7RWEw.jpg,0,0,0,0,1,1
musa-acuminata-banana-ae97e29d-394a-11ec-8a89-d8c4975e38aa_jpg.rf.jToJTXqYxNQ974Q6IYBA.jpg,0,0,0,1,0,0
musa-acuminata-freshripe-7aa4173f-1d0a-11ec-9be1-d8c4975e38aa_jpg.rf.ivnaC2qYgdDsPHZ8yV4E.jpg,1,0,0,0,0,0
musa-acuminata-banana-bf433bcc-394a-11ec-8843-d8c4975e38aa_jpg.rf.kY5YxjGXxknEI5Bfujy5.jpg,1,0,0,1,0,0
musa-acuminata-ripe-6fde9228-2653-11ec-b985-d8c4975e38aa_jpg.rf.kpq1t4PM5VFl7lxhThn3.jpg,0,0,0,1,1,0
musa-acuminata-freshunripe-774e459c-1d0a-11ec-b05e-d8c4975e38aa_jpg.rf.keGIEHTLXB9cQ08uNJnP.jpg,0,0,0,0,0,1
musa-acuminata-banana-c4fa7b8d-394a-11ec-ae19-d8c4975e38aa_jpg.rf.l8RcanUUskftRqsnvPDg.jpg,0,0,0,1,0,0
musa-acuminata-rotten-b2ff6464-1d0a-11ec-b7f8-d8c4975e38aa_jpg.rf.klBJJDKlq6f4zusTD69k.jpg,0,0,0,0,1,0
musa-acuminata-overripe-7dba59ee-2653-11ec-bf15-d8c4975e38aa_jpg.rf.kxCM9vzk2MXcfptiLbjL.jpg,0,0,1,0,1,0
musa-acuminata-unripe-5b0fa026-2653-11ec-8ee8-d8c4975e38aa---Copy_jpg.rf.lOSXd3SNsfCLqlikGsl3.jpg,0,0,0,0,1,1
musa-acuminata-banana-835e1250-394a-11ec-87f3-d8c4975e38aa_jpg.rf.l1P8ql0JeIikTZKA3GBa.jpg,0,0,1,0,0,0
musa-acuminata-unripe-53b71b36-2653-11ec-ac4b-d8c4975e38aa---Copy_jpg.rf.lBRiM9zAANZaoN5EbkiN.jpg,0,0,0,0,0,1
musa-acuminata-banana-89e064af-394a-11ec-85c4-d8c4975e38aa_jpg.rf.jXQAlU8SvuPfYAPuFtUl.jpg,0,0,0,0,1,0
musa-acuminata-mold-e3de7603-1d0a-11ec-9d4b-d8c4975e38aa_jpg.rf.lhxa17TyxPAmWkkldAEe.jpg,0,0,1,0,1,0
musa-acuminata-banana-c7ed53d3-394a-11ec-9570-d8c4975e38aa_jpg.rf.lpe41aZCRNWUtnceiP4J.jpg,0,0,0,1,0,0
musa-acuminata-rotten-8f1b05f1-2653-11ec-9e84-d8c4975e38aa_jpg.rf.lhPKBXfeLLjaU9nP3hQT.jpg,0,0,0,0,1,0
musa-acuminata-overripe-7f03a6a9-2653-11ec-8b4e-d8c4975e38aa_jpg.rf.mL0kzty6oUUfWttkZpeF.jpg,0,0,1,0,0,0
musa-acuminata-ripe-6c5c057a-2653-11ec-a1b9-d8c4975e38aa_jpg.rf.lmcKis5VQkUwL676THOI.jpg,0,0,0,1,0,0
musa-acuminata-ripe-945a3e15-1d0a-11ec-b433-d8c4975e38aa_jpg.rf.lpdvdRQH9NyyXkzZ7CAm.jpg,0,0,0,1,0,0
musa-acuminata-overripe-7be35c76-2653-11ec-a003-d8c4975e38aa_jpg.rf.m8g9SYIsXOAHeEOgqcCm.jpg,0,0,1,0,1,0
musa-acuminata-mold-e60e932c-1d0a-11ec-af66-d8c4975e38aa_jpg.rf.lalOmMvLW1LXltU9390v.jpg,0,0,1,0,0,0
musa-acuminata-banana-a473fcfa-394a-11ec-87cc-d8c4975e38aa_jpg.rf.mcE547Hu69JTLlUEKuu2.jpg,0,0,1,0,1,0
musa-acuminata-unripe-5e163cb9-2653-11ec-91fd-d8c4975e38aa---Copy_jpg.rf.n5DFPqX5VjRDQPF3oDaO.jpg,0,0,0,0,0,1
musa-acuminata-freshunripe-1ce903df-2653-11ec-8e3d-d8c4975e38aa_jpg.rf.4ddPEXXcf8HvwU7NNSpt.jpg,0,1,0,0,0,0
musa-acuminata-overripe-76bb26d0-2653-11ec-84ec-d8c4975e38aa_jpg.rf.nFtB3S56AxudcRbqQpkl.jpg,0,0,1,0,0,0
musa-acuminata-ripe-93e313ae-1d0a-11ec-8abd-d8c4975e38aa_jpg.rf.3oTtwPrxPSD7kQ78ZpJd.jpg,0,0,0,1,0,0
musa-acuminata-freshunripe-36b1fbf9-2653-11ec-9bbd-d8c4975e38aa_jpg.rf.34J3HKzHtdE7APxg5hVx.jpg,0,1,0,0,0,0
musa-acuminata-banana-90a1aa90-394a-11ec-a449-d8c4975e38aa_jpg.rf.lqpp6tUgutrt4sVJk1sN.jpg,0,0,1,0,1,0
musa-acuminata-banana-fd7f5fc0-394a-11ec-baad-d8c4975e38aa_jpg.rf.3oTBlk6O7yp9vT2QmfDn.jpg,0,0,0,1,0,0
musa-acuminata-mold-e246e55f-1d0a-11ec-bc48-d8c4975e38aa_jpg.rf.2aSZzEAvJAp87AgogvUk.jpg,0,0,1,0,1,0
musa-acuminata-rotten-8370794c-2653-11ec-a1d4-d8c4975e38aa_jpg.rf.4fAgTyatLpb1KqRKDtcW.jpg,0,0,0,0,1,0
musa-acuminata-freshunripe-6984b311-1d0a-11ec-950d-d8c4975e38aa_jpg.rf.4f7HQsRjXo8Oe7k5lyQP.jpg,0,1,0,0,0,0
musa-acuminata-rotten-8758ef41-2653-11ec-821b-d8c4975e38aa_jpg.rf.4qc4QaFR43se7NGvEffN.jpg,0,0,0,0,1,0
musa-acuminata-banana-b4f0439d-394a-11ec-8d57-d8c4975e38aa_jpg.rf.4ZfLuHZF1gNEmbvd50qp.jpg,0,0,0,1,0,0
musa-acuminata-freshunripe-26c655c0-2653-11ec-9a1c-d8c4975e38aa_jpg.rf.4pZBi5lqITVYoJCBWq7K.jpg,0,1,0,0,0,0
musa-acuminata-mold-e482ebac-1d0a-11ec-8b0c-d8c4975e38aa_jpg.rf.4y1JyCrInmf8BQOBEWsi.jpg,0,0,1,0,0,0
musa-acuminata-freshunripe-7181d599-1d0a-11ec-8194-d8c4975e38aa_jpg.rf.55O5OJWoOtHOncTJw4Jm.jpg,0,1,0,0,0,0
musa-acuminata-rotten-8120c602-2653-11ec-9415-d8c4975e38aa_jpg.rf.4xPKMQrbyWUemo250srx.jpg,0,0,0,0,1,0
musa-acuminata-mold-e4a1e6df-1d0a-11ec-abbf-d8c4975e38aa_jpg.rf.5NDHKCy8Q7nTHYtgvvxo.jpg,0,0,1,0,0,0
musa-acuminata-rotten-8c969eef-2653-11ec-8ff5-d8c4975e38aa_jpg.rf.4zYPHoOd6Htmjyyoczzy.jpg,0,0,0,0,1,0
musa-acuminata-overripe-9cc0174f-1d0a-11ec-9071-d8c4975e38aa_jpg.rf.5PEqYhCojgRSoRlSe85S.jpg,0,0,1,0,0,0
musa-acuminata-banana-e7bae49b-394a-11ec-9a85-d8c4975e38aa_jpg.rf.5B0uO6vlrwGgZqccCrN6.jpg,0,0,0,1,0,0
musa-acuminata-banana-cfa1e81f-394a-11ec-81b1-d8c4975e38aa_jpg.rf.56a8aH5tQh5g3kUheEbh.jpg,0,0,0,1,0,0
musa-acuminata-unripe-88ca085f-1d0a-11ec-a5d9-d8c4975e38aa-1-_jpg.rf.51U3ZBTwzWsN5acpnBEO.jpg,0,0,0,0,0,1
musa-acuminata-freshunripe-3580e7fb-2653-11ec-ba32-d8c4975e38aa_jpg.rf.5VLJ1TP9uvAte61O4IEj.jpg,0,1,0,0,0,0
musa-acuminata-mold-e225871e-1d0a-11ec-afb1-d8c4975e38aa_jpg.rf.5hbRDuDxphIOF8N96kNh.jpg,0,0,1,0,1,0
musa-acuminata-banana-e44786bc-394a-11ec-af55-d8c4975e38aa_jpg.rf.5RhecqL3hq6MePs3MDR2.jpg,1,0,0,0,0,0
musa-acuminata-rotten-838e8c49-2653-11ec-a56e-d8c4975e38aa_jpg.rf.5jcz2FlXa189mFfG1LXy.jpg,0,0,0,0,1,0
musa-acuminata-mold-e30cb9bd-1d0a-11ec-9aa4-d8c4975e38aa_jpg.rf.5dS5TuRjQGcgyMmQgg9f.jpg,0,0,1,0,1,0
musa-acuminata-ripe-96d1db2f-1d0a-11ec-ad96-d8c4975e38aa_jpg.rf.5PixftN7yEFV12H9Bnik.jpg,0,0,0,1,1,0
musa-acuminata-unripe-5d01c29b-2653-11ec-b9cf-d8c4975e38aa---Copy_jpg.rf.5gb2K4wDQsXQEcUm7Qpv.jpg,0,0,0,0,1,1
musa-acuminata-banana-f8fa2f83-394a-11ec-bf0c-d8c4975e38aa_jpg.rf.5jn8sk28Z7CRAsirWPp2.jpg,0,0,0,1,0,0
musa-acuminata-freshunripe-6b163dee-1d0a-11ec-927a-d8c4975e38aa_jpg.rf.65dsCRCwhQC0v61AWcWb.jpg,0,1,0,0,0,0
musa-acuminata-unripe-55b0644b-2653-11ec-8c1f-d8c4975e38aa_jpg.rf.2psZEqFF5tYmG4LXHX3Q.jpg,0,0,0,0,0,1
musa-acuminata-unripe-59486469-2653-11ec-bf76-d8c4975e38aa_jpg.rf.5vMIp3n9RAJmpnRReHlZ.jpg,0,0,0,0,1,1
musa-acuminata-rotten-8f213cfe-2653-11ec-aa6a-d8c4975e38aa_jpg.rf.6BhlZ2QVi4hFmQJQ6uSC.jpg,0,0,0,0,1,0
musa-acuminata-banana-aace5901-394a-11ec-94df-d8c4975e38aa_jpg.rf.WGld7jrd9QBNVnyuOLsl.jpg,0,0,1,1,0,0
musa-acuminata-rotten-b56c701f-1d0a-11ec-91c4-d8c4975e38aa_jpg.rf.WUDkPPETwjf7QvTttebe.jpg,0,0,0,0,1,0
musa-acuminata-banana-c83fbb44-394a-11ec-9624-d8c4975e38aa_jpg.rf.5yCCIwJb1lpDbLl71jiC.jpg,0,0,0,1,0,0
musa-acuminata-banana-9fa85295-394a-11ec-b205-d8c4975e38aa_jpg.rf.WU6nmfwcTWkd1keQLjrk.jpg,0,0,0,0,1,0
musa-acuminata-banana-ae0bc487-4037-11ec-b17f-94b86d66fd1d_jpg.rf.5nlOAl2GjMa0m2UkbKUC.jpg,1,0,0,0,0,0
musa-acuminata-banana-9201a715-394a-11ec-8211-d8c4975e38aa_jpg.rf.Y4IjLvZLqGMk8NGnCjHV.jpg,0,0,1,0,0,0
musa-acuminata-banana-da611a53-394a-11ec-9052-d8c4975e38aa_jpg.rf.WR2mmIb7ljW0vf2KqkJP.jpg,0,0,0,1,0,0
musa-acuminata-overripe-9fc6b423-1d0a-11ec-be97-d8c4975e38aa_jpg.rf.2ctz5DQh43U4bPfKHkjl.jpg,0,0,1,0,0,0
musa-acuminata-freshripe-4538202f-2653-11ec-b06e-d8c4975e38aa_jpg.rf.64rSjUm7g0MW07qvUb96.jpg,1,0,0,0,0,0
musa-acuminata-banana-e4d6fe09-394a-11ec-9ea5-d8c4975e38aa_jpg.rf.WWAJuDCLn9GZaAGdxtUs.jpg,0,0,0,1,0,0
musa-acuminata-mold-e3674b93-1d0a-11ec-b941-d8c4975e38aa_jpg.rf.YU6PFeUNBgMiPFvIWlJo.jpg,0,0,1,0,1,0
musa-acuminata-ripe-9219742f-1d0a-11ec-8726-d8c4975e38aa_jpg.rf.XcUFzjrXc60qNI7f4lyZ.jpg,0,0,0,1,0,0
musa-acuminata-overripe-74ef26f2-2653-11ec-b9d8-d8c4975e38aa_jpg.rf.ZcrJkoUG4aEBNNLrb3LE.jpg,0,0,1,0,0,0
musa-acuminata-freshripe-4957fa09-2653-11ec-80e7-d8c4975e38aa_jpg.rf.ZiJnDcdkAcUsWORIrM0j.jpg,1,0,0,0,0,0
musa-acuminata-banana-c2745310-394a-11ec-ac96-d8c4975e38aa_jpg.rf.a2a2AOEhd93LFLowbvA5.jpg,0,0,0,1,0,0
musa-acuminata-banana-f0a29595-394a-11ec-b8c5-d8c4975e38aa_jpg.rf.a3TmpulnzGHGFnwslkES.jpg,1,0,0,0,0,0
musa-acuminata-banana-99d5ee08-4037-11ec-86d1-94b86d66fd1d_jpg.rf.XXZs6lc1GzEwVcKKeTgw.jpg,0,0,0,1,0,0
musa-acuminata-mold-e2363786-1d0a-11ec-9332-d8c4975e38aa_jpg.rf.Y8DRKC5qYYfJtCzfl5Kn.jpg,0,0,1,0,1,0
musa-acuminata-mold-e5d55e9b-1d0a-11ec-a20b-d8c4975e38aa_jpg.rf.ZF9jYzM5J5GtZ6ObQVEw.jpg,0,0,1,0,0,0
musa-acuminata-banana-f8b9a9c4-394a-11ec-83cb-d8c4975e38aa_jpg.rf.XbqtKyc4qv2TKHOR72Cd.jpg,0,0,0,1,0,0
musa-acuminata-overripe-80d92dec-2653-11ec-9ef7-d8c4975e38aa_jpg.rf.5v49AufdTyAiBmauC1v9.jpg,0,0,1,0,1,0
musa-acuminata-banana-acff2ec7-394a-11ec-8ac4-d8c4975e38aa_jpg.rf.XvvCFc0zlwihN8HlAeCB.jpg,0,0,1,0,1,0
musa-acuminata-rotten-8563e8c8-2653-11ec-8587-d8c4975e38aa_jpg.rf.2cqteuSSqZVO5M7IXGlS.jpg,0,0,0,0,1,0
musa-acuminata-freshunripe-71dfb401-1d0a-11ec-8542-d8c4975e38aa_jpg.rf.WYLAJDQLozyjDSa48uwA.jpg,0,1,0,0,0,0
musa-acuminata-rotten-89d9466c-2653-11ec-88e8-d8c4975e38aa_jpg.rf.2anTuffzI6T9MtRpuB1a.jpg,0,0,0,0,1,0
musa-acuminata-rotten-8e8c6606-2653-11ec-a232-d8c4975e38aa_jpg.rf.ZbQheT9wZlWTvPt3mzZJ.jpg,0,0,0,0,1,0
musa-acuminata-rotten-a2de017c-1d0a-11ec-80c1-d8c4975e38aa_jpg.rf.aFV1oVzcZO2UwZkFlF81.jpg,0,0,0,0,1,0
musa-acuminata-banana-daf8464a-4037-11ec-a55a-94b86d66fd1d_jpg.rf.aoh9MXEuqyR16RriDSUZ.jpg,1,0,0,1,0,0
musa-acuminata-unripe-8bd569df-1d0a-11ec-932f-d8c4975e38aa-1-_jpg.rf.adeOtrascc5UQm924H9h.jpg,0,0,0,0,0,1
musa-acuminata-banana-ffd851b7-394a-11ec-bdcb-d8c4975e38aa_jpg.rf.b9oldgjM1gVes4dNqJQY.jpg,1,0,0,1,0,0
musa-acuminata-banana-bbe740a9-4037-11ec-b713-94b86d66fd1d_jpg.rf.bPZzUyjItKkJxFrrWVX3.jpg,1,0,0,1,0,0
musa-acuminata-freshripe-7853cf0f-1d0a-11ec-b495-d8c4975e38aa_jpg.rf.ZJhbVovtdxRjHar0nolT.jpg,1,0,0,0,0,0
musa-acuminata-banana-a55dd8b5-394a-11ec-b667-d8c4975e38aa_jpg.rf.bQOpop9CmaX96j92uq01.jpg,0,0,1,1,1,0
musa-acuminata-freshunripe-3bb90809-2653-11ec-a87d-d8c4975e38aa_jpg.rf.bxCaG9xwv4K8Uz4uHHuI.jpg,0,1,0,0,0,0
musa-acuminata-rotten-bf6647d3-1d0a-11ec-a7a2-d8c4975e38aa_jpg.rf.aYaVF37OlHOynX3ntFlR.jpg,0,0,0,0,1,0
musa-acuminata-banana-8b6700e7-394a-11ec-a17f-d8c4975e38aa_jpg.rf.bHvDbcFkPPT7RiTF9jpA.jpg,0,0,0,0,1,0
musa-acuminata-unripe-5e13da82-2653-11ec-93e8-d8c4975e38aa---Copy_jpg.rf.bfbefXC4v5bG445sqkt2.jpg,0,0,0,0,0,1
musa-acuminata-freshunripe-1e400bf6-2653-11ec-b2ac-d8c4975e38aa_jpg.rf.JGbl5ZAwzvdWnwUhK34D.jpg,0,1,0,0,0,0
musa-acuminata-banana-91aa1486-394a-11ec-84e1-d8c4975e38aa_jpg.rf.IYstDZgS4MxEMfNgfLbY.jpg,0,0,1,0,0,0
musa-acuminata-freshunripe-6ff7dace-1d0a-11ec-9570-d8c4975e38aa_jpg.rf.JaMfBdyHO60KFgYxgg99.jpg,0,1,0,0,0,0
musa-acuminata-unripe-8cd933f6-1d0a-11ec-9cd1-d8c4975e38aa-1-_jpg.rf.K6ayVyTuBdEO8i84Miu2.jpg,0,1,0,0,0,0
musa-acuminata-unripe-5d742a18-2653-11ec-896f-d8c4975e38aa---Copy_jpg.rf.Jf2ggX3ObaD2rToACNH1.jpg,0,0,0,0,1,1
musa-acuminata-ripe-97c9b9ca-1d0a-11ec-b43b-d8c4975e38aa_jpg.rf.IzrpCccdRfOodsNbFnJE.jpg,0,0,0,1,1,0
musa-acuminata-banana-857d5803-394a-11ec-a4a4-d8c4975e38aa_jpg.rf.JZbnDUbaSZZJj6pvYC9V.jpg,0,0,1,0,1,0
musa-acuminata-freshunripe-34bb16b0-2653-11ec-a051-d8c4975e38aa_jpg.rf.KcOdYQ5VB8mZR8sbHNQk.jpg,0,1,0,0,0,0
musa-acuminata-ripe-9abae335-1d0a-11ec-8d5b-d8c4975e38aa_jpg.rf.KudRfIUEliAAXub70Fpc.jpg,0,0,0,1,1,0
musa-acuminata-banana-945c8ad9-394a-11ec-922d-d8c4975e38aa_jpg.rf.LBm6Hqe9wkUNS0CCZmYv.jpg,0,0,1,0,1,0
musa-acuminata-ripe-93377705-1d0a-11ec-9797-d8c4975e38aa_jpg.rf.L0K6QOyvFvfrgedI3q7n.jpg,0,0,0,1,0,0
musa-acuminata-freshunripe-389cf809-2653-11ec-b05c-d8c4975e38aa_jpg.rf.NWX7HLBxNxNZskMLlHAL.jpg,0,1,0,0,0,0
musa-acuminata-freshunripe-34143e33-2653-11ec-9efd-d8c4975e38aa_jpg.rf.OBvF71tN7w9G6ubByN7j.jpg,0,1,0,0,0,0
musa-acuminata-banana-fc64e02b-394a-11ec-867a-d8c4975e38aa_jpg.rf.OJJb6tcTNOm1089j0TEA.jpg,1,0,0,1,0,0
musa-acuminata-banana-f2454c9b-394a-11ec-b377-d8c4975e38aa_jpg.rf.OTOEoEO58LqDi4Be1YgV.jpg,1,0,0,1,0,0
musa-acuminata-rotten-a262116f-1d0a-11ec-a63f-d8c4975e38aa_jpg.rf.KMcmupm3SP40dRehhHGq.jpg,0,0,0,0,1,0
musa-acuminata-banana-9732b9b9-394a-11ec-aa9f-d8c4975e38aa_jpg.rf.LX3viLAa4vXNkQKMTE7p.jpg,0,0,1,0,1,0
musa-acuminata-banana-83598677-394a-11ec-9b42-d8c4975e38aa_jpg.rf.LQjF1puGrkucIOl8KkGM.jpg,0,0,0,1,1,0
musa-acuminata-banana-c831079f-394a-11ec-a0af-d8c4975e38aa_jpg.rf.LY8aPLPxNQoMnRS32Aoy.jpg,1,0,0,0,0,0
musa-acuminata-freshunripe-71809be6-1d0a-11ec-8e2b-d8c4975e38aa_jpg.rf.LQaHgVA4nEnfDjhDRJhT.jpg,0,1,0,0,0,0
musa-acuminata-rotten-b9cb1cef-1d0a-11ec-946c-d8c4975e38aa_jpg.rf.LHscQlhbQsYhMVpOPFGz.jpg,0,0,0,0,1,0
musa-acuminata-ripe-94cf07c9-1d0a-11ec-a53b-d8c4975e38aa_jpg.rf.MCNaOz7HXwT9p1Ydylnk.jpg,0,0,0,1,0,0
musa-acuminata-mold-e34127c8-1d0a-11ec-ab36-d8c4975e38aa_jpg.rf.MQPd9feCjwbypiOrCqnK.jpg,0,0,1,0,0,0
musa-acuminata-rotten-ab9c6966-1d0a-11ec-982e-d8c4975e38aa_jpg.rf.M2QPfMWWZNVN1oZUpXfV.jpg,0,0,0,0,1,0
musa-acuminata-banana-a5ffc53a-394a-11ec-bef7-d8c4975e38aa_jpg.rf.NMOLvqkBTQpUe5fSFzZ8.jpg,0,0,1,0,1,0
musa-acuminata-banana-f1240cb7-394a-11ec-90c7-d8c4975e38aa_jpg.rf.MSjuiNgyAJcAeYgMtgH0.jpg,1,0,0,1,0,0
musa-acuminata-banana-da5dc63b-394a-11ec-b20a-d8c4975e38aa_jpg.rf.16YuxPRRpNpFQITStIhj.jpg,0,0,0,1,0,0
musa-acuminata-banana-e12ee376-394a-11ec-b0f9-d8c4975e38aa_jpg.rf.194IH55zGYHM2LWIHT0i.jpg,1,0,0,1,0,0
musa-acuminata-banana-f90ec4f5-394a-11ec-a3a1-d8c4975e38aa_jpg.rf.Ni35fvNHQwKe2VIApmx6.jpg,0,0,0,1,0,0
musa-acuminata-ripe-98e09870-1d0a-11ec-ae5e-d8c4975e38aa_jpg.rf.O7pueCkE77C7Biby10I7.jpg,0,0,0,1,1,0
musa-acuminata-overripe-800b04df-2653-11ec-a4b2-d8c4975e38aa_jpg.rf.0eNbSQ6mEPD9zJONR9RX.jpg,0,0,1,0,1,0
musa-acuminata-banana-a17990ae-394a-11ec-b310-d8c4975e38aa_jpg.rf.Ob50pFQUFyHhRlDeY88k.jpg,0,0,1,0,0,0
musa-acuminata-freshripe-4412f5b9-2653-11ec-a735-d8c4975e38aa_jpg.rf.M8FemhtuK8FTgWwrPKnc.jpg,1,0,0,0,0,0
musa-acuminata-banana-a76af8a9-394a-11ec-818e-d8c4975e38aa_jpg.rf.0j8P1JbWCGrlq317GFZ3.jpg,0,0,0,0,1,0
musa-acuminata-banana-f5d00287-394a-11ec-be88-d8c4975e38aa_jpg.rf.0tA656qSaItML8a0vYyK.jpg,0,0,0,1,0,0
musa-acuminata-rotten-85c18624-2653-11ec-a747-d8c4975e38aa_jpg.rf.0N7uk6sB1lXGRapxz3Yu.jpg,0,0,0,0,1,0
musa-acuminata-ripe-6b511409-2653-11ec-8b0d-d8c4975e38aa_jpg.rf.0vVKaYVou5ewIWLhycNu.jpg,0,0,0,1,0,0
musa-acuminata-unripe-623879e6-2653-11ec-98ce-d8c4975e38aa_jpg.rf.1AQ88tQ260ulHM2eW23i.jpg,0,0,0,0,0,1
musa-acuminata-ripe-6d47faea-2653-11ec-b545-d8c4975e38aa_jpg.rf.1NjJIMNbRf5AYaYyGLxM.jpg,0,0,0,1,0,0
musa-acuminata-rotten-a1d0ac73-1d0a-11ec-bed1-d8c4975e38aa_jpg.rf.1uwJ8C0kcLLF7T8nrDDK.jpg,0,0,0,0,1,0
musa-acuminata-banana-d704fd2c-4037-11ec-a3cf-94b86d66fd1d_jpg.rf.2wcZKQYGTRQM3hnPlYVm.jpg,0,0,0,1,0,0
musa-acuminata-overripe-9dec6704-1d0a-11ec-9a79-d8c4975e38aa_jpg.rf.2KyvevzUy3iK6WKhULEX.jpg,0,0,1,0,1,0
musa-acuminata-overripe-9c78968a-1d0a-11ec-ac91-d8c4975e38aa_jpg.rf.3A0cohjkfZ3EQ2dxJNep.jpg,0,0,1,0,0,0
musa-acuminata-freshunripe-737c8fcb-1d0a-11ec-82a2-d8c4975e38aa_jpg.rf.4B9jdz33ya3XQUK5Owoj.jpg,0,1,0,0,0,0
musa-acuminata-mold-e516b36d-1d0a-11ec-b40f-d8c4975e38aa_jpg.rf.0N40iPZZL6VNlyBZ35ju.jpg,0,0,1,0,0,0
musa-acuminata-unripe-8918aede-1d0a-11ec-84c2-d8c4975e38aa-1-_jpg.rf.0RtoG374IWK67LlTqe77.jpg,0,0,0,0,0,1
musa-acuminata-ripe-6bc11957-2653-11ec-bfdd-d8c4975e38aa_jpg.rf.0dUcOhGIh5KBSi8vScmd.jpg,0,0,0,1,0,0
musa-acuminata-banana-f9139e6a-394a-11ec-b550-d8c4975e38aa_jpg.rf.0lyimdMP8r1NyrY2RjkX.jpg,0,0,0,1,0,0
musa-acuminata-rotten-893cb8c5-2653-11ec-b332-d8c4975e38aa_jpg.rf.4RiFPgCWBaQYzPHeMjKN.jpg,0,0,0,0,1,0
musa-acuminata-ripe-6b1a426d-2653-11ec-8243-d8c4975e38aa_jpg.rf.5OBhEPGnjC3NWY9aEOPm.jpg,0,0,0,1,0,0
musa-acuminata-rotten-86ab33b0-2653-11ec-8315-d8c4975e38aa_jpg.rf.5W2i9w5UN4SUMOM5MBF4.jpg,0,0,0,0,1,0
musa-acuminata-banana-b3ae1249-394a-11ec-969b-d8c4975e38aa_jpg.rf.5p1WEHhhlwBNb1eiz92W.jpg,1,0,0,0,0,0
musa-acuminata-banana-ab362c58-394a-11ec-9e74-d8c4975e38aa_jpg.rf.1ypuTWTIDM1U7gtD0YJV.jpg,0,0,1,1,1,0
musa-acuminata-banana-cea037dd-4037-11ec-b863-94b86d66fd1d_jpg.rf.3GeYj4MwoLoITHwDLy07.jpg,0,0,0,1,0,0
musa-acuminata-mold-e252d00b-1d0a-11ec-becf-d8c4975e38aa_jpg.rf.5m9DP2TjfjxoT8GiGvUD.jpg,0,0,1,0,1,0
musa-acuminata-overripe-7e5cec36-2653-11ec-9185-d8c4975e38aa_jpg.rf.2BsP597nUsZ7UUFLnHgj.jpg,0,0,1,0,0,0
musa-acuminata-banana-f0ae1c1a-394a-11ec-8a55-d8c4975e38aa_jpg.rf.5AiTPEf8KkZeIMURuL70.jpg,1,0,0,0,0,0
musa-acuminata-ripe-6d1ab1e0-2653-11ec-b6a1-d8c4975e38aa_jpg.rf.13zKDofqxuYOgKe7i9tK.jpg,0,0,0,1,0,0
musa-acuminata-banana-c7e681c0-394a-11ec-bcb6-d8c4975e38aa_jpg.rf.5zos8ISRwjRI2lbaOrWF.jpg,0,0,0,1,0,0
musa-acuminata-unripe-8918aedf-1d0a-11ec-b125-d8c4975e38aa-1-_jpg.rf.6AJGXowHxSU1vlHcm5Hw.jpg,0,0,0,0,0,1
musa-acuminata-freshripe-4a43ef32-2653-11ec-a2e7-d8c4975e38aa_jpg.rf.6BxlNQPO44pXPF3eJj8N.jpg,1,0,0,0,0,0
musa-acuminata-banana-cf239595-4037-11ec-a338-94b86d66fd1d_jpg.rf.6gy90eYZHdA0zcj7jKRE.jpg,1,0,0,0,0,0
musa-acuminata-rotten-a83d3d81-1d0a-11ec-9db8-d8c4975e38aa_jpg.rf.0Cn0p2pBBzJngPEZQljz.jpg,0,0,0,0,1,0
musa-acuminata-unripe-829facae-1d0a-11ec-8cd3-d8c4975e38aa-1-_jpg.rf.6P1FZqSSruyd2ibVBllK.jpg,0,0,0,0,1,1
musa-acuminata-banana-c333c4fa-394a-11ec-a5be-d8c4975e38aa_jpg.rf.03Q13sfuRbLhNps6uzcF.jpg,0,0,0,1,0,0
musa-acuminata-overripe-803a2c76-2653-11ec-842d-d8c4975e38aa_jpg.rf.znvGpSUW521xMK8bWqCd.jpg,0,0,1,0,0,0
musa-acuminata-mold-e23fc018-1d0a-11ec-965b-d8c4975e38aa_jpg.rf.22egS0K89Fc0cXltdsNU.jpg,0,0,1,0,1,0
musa-acuminata-rotten-85a6b886-2653-11ec-a1d9-d8c4975e38aa_jpg.rf.243L2TIIYyUzSTCHblu9.jpg,0,0,0,0,1,0
musa-acuminata-freshunripe-73f7e846-1d0a-11ec-8513-d8c4975e38aa_jpg.rf.2dVe7fBEmLGShZt2OAAk.jpg,0,1,0,0,0,1
musa-acuminata-ripe-6afda89c-2653-11ec-b9d2-d8c4975e38aa_jpg.rf.2ivAxb2puuzmU8vMYoJm.jpg,0,0,0,1,0,0
musa-acuminata-freshunripe-686abe3a-1d0a-11ec-a8f2-d8c4975e38aa_jpg.rf.32TxaK7jJje1eDyJ1zIk.jpg,0,1,0,0,0,0
musa-acuminata-banana-9b59211a-394a-11ec-84e7-d8c4975e38aa_jpg.rf.34Yn59bI1oMBs6dSuUng.jpg,0,0,0,0,1,0
musa-acuminata-mold-e4402e81-1d0a-11ec-9b4f-d8c4975e38aa_jpg.rf.3FRcklUFsfZd73222sk1.jpg,0,0,1,0,0,0
musa-acuminata-freshunripe-6ed539d9-1d0a-11ec-8163-d8c4975e38aa_jpg.rf.3SOaTKnqW9yglgq6M0iK.jpg,0,1,0,0,0,0
musa-acuminata-rotten-aa405f63-1d0a-11ec-a105-d8c4975e38aa_jpg.rf.3aiL58vYrIxQrwlaZJui.jpg,0,0,0,0,1,0
musa-acuminata-ripe-93c8da76-1d0a-11ec-a88b-d8c4975e38aa_jpg.rf.4iUDbGAIURpzYbWk053h.jpg,0,0,0,1,0,0
musa-acuminata-mold-e64a2910-1d0a-11ec-9805-d8c4975e38aa_jpg.rf.4whL5yCWwp5kEMq8qVfh.jpg,0,0,1,0,0,0
musa-acuminata-ripe-70c0fee1-2653-11ec-acf2-d8c4975e38aa_jpg.rf.59ltLmCZ4yyf41JZPdam.jpg,0,0,0,0,1,0
musa-acuminata-freshunripe-227931d5-2653-11ec-9a30-d8c4975e38aa_jpg.rf.1B7htbTUqzyvUJ0xzkSG.jpg,0,1,0,0,0,0
musa-acuminata-banana-e4ddaa8f-394a-11ec-adfe-d8c4975e38aa_jpg.rf.1lYGVrfoQsibtoiARxdu.jpg,0,0,0,1,0,0
musa-acuminata-freshunripe-7617348f-1d0a-11ec-bf4c-d8c4975e38aa_jpg.rf.1LSb4OjY3lgHFn44JoZS.jpg,0,0,0,0,0,1
musa-acuminata-mold-e2eb5a05-1d0a-11ec-a19a-d8c4975e38aa_jpg.rf.KyksAojuRe1ebDYtwROx.jpg,0,0,1,0,0,0
musa-acuminata-freshripe-7e1e716a-1d0a-11ec-9b6f-d8c4975e38aa_jpg.rf.Kzf08J5wk1sg7zGRzVX2.jpg,1,0,0,0,0,0
musa-acuminata-freshripe-4f8db93e-2653-11ec-89b2-d8c4975e38aa_jpg.rf.L5hyMdEC9F42g0InYLnP.jpg,1,0,0,0,0,0
musa-acuminata-freshunripe-6e58a6e4-1d0a-11ec-9e7b-d8c4975e38aa_jpg.rf.L96BU7nmPhv69SS8Qj9J.jpg,0,1,0,0,0,0
musa-acuminata-banana-d9387e87-394a-11ec-ba53-d8c4975e38aa_jpg.rf.LNZwvKeRrjevioADRCig.jpg,0,0,0,1,0,0
musa-acuminata-freshunripe-28e5c151-2653-11ec-b56a-d8c4975e38aa_jpg.rf.LQqBbl5rBeKpLMDNPemV.jpg,0,1,0,0,0,0
musa-acuminata-banana-acb5d610-4037-11ec-b97e-94b86d66fd1d_jpg.rf.LWZRHBJeSOjlzL9r4Je4.jpg,1,0,0,0,0,0
musa-acuminata-banana-c74bc45d-4037-11ec-b70a-94b86d66fd1d_jpg.rf.LZq1PjoNTomOQjFt98dL.jpg,0,0,0,1,0,0
musa-acuminata-banana-878d30c2-394a-11ec-8db8-d8c4975e38aa_jpg.rf.LZw38NupTcMm3a2yPqXb.jpg,0,0,1,0,1,0
musa-acuminata-banana-b22a9534-394a-11ec-add0-d8c4975e38aa_jpg.rf.LaXMfxwFeeKY71OX5XQf.jpg,0,0,0,1,0,0
musa-acuminata-freshunripe-6d9653d9-1d0a-11ec-814d-d8c4975e38aa_jpg.rf.LhYDy5q6OJ0cDU2NbvIm.jpg,0,1,0,0,0,0
musa-acuminata-ripe-6b2168f0-2653-11ec-8df6-d8c4975e38aa_jpg.rf.LnMlLdKzqRVMjD4E0Y8C.jpg,0,0,0,1,0,0
musa-acuminata-freshunripe-65db5c53-1d0a-11ec-bb5d-d8c4975e38aa_jpg.rf.LpYpYUlLzGbirNSBFGBW.jpg,0,1,0,0,0,0
musa-acuminata-unripe-9038008a-1d0a-11ec-95fa-d8c4975e38aa-1-_jpg.rf.6BuDHu7zbhUFs4yEpVsu.jpg,0,0,0,0,0,1
musa-acuminata-overripe-7bf08c47-2653-11ec-9385-d8c4975e38aa_jpg.rf.6mzl1zbuk7zVPtRPGiJv.jpg,0,0,1,0,0,0
musa-acuminata-mold-e5dc83a2-1d0a-11ec-9038-d8c4975e38aa_jpg.rf.6FSiQnyqQ4us6MKJz7wl.jpg,0,0,1,0,0,0
musa-acuminata-ripe-6d15ed99-2653-11ec-9704-d8c4975e38aa_jpg.rf.76VCJNgSRVerHmsH8R7v.jpg,0,0,0,1,0,0
musa-acuminata-banana-ad75a3ca-394a-11ec-bd23-d8c4975e38aa_jpg.rf.6pGgcWpX4Dl1OhxuIP1v.jpg,1,0,0,0,0,0
musa-acuminata-freshunripe-64aa8ffa-1d0a-11ec-9754-d8c4975e38aa_jpg.rf.5WQyuIU2xRIAjKKePspa.jpg,0,1,0,0,0,0
musa-acuminata-ripe-716a37f4-2653-11ec-b079-d8c4975e38aa_jpg.rf.7n3U3epwlNs0wgU767O8.jpg,0,0,0,1,1,0
musa-acuminata-unripe-8333e653-1d0a-11ec-b4db-d8c4975e38aa-1-_jpg.rf.77CIOPBhEEijs55gqpCF.jpg,0,0,0,0,1,1
musa-acuminata-rotten-b863c4b1-1d0a-11ec-ab12-d8c4975e38aa_jpg.rf.78DXmK0xqiSp3fQvFBUG.jpg,0,0,0,0,1,0
musa-acuminata-ripe-93a77c50-1d0a-11ec-a354-d8c4975e38aa_jpg.rf.KnBlXr72CwbsBSd8fWZY.jpg,0,0,0,1,0,0
musa-acuminata-rotten-8c076523-2653-11ec-b202-d8c4975e38aa_jpg.rf.M7JIgRIVrRUy8cADyl6H.jpg,0,0,0,0,1,0
musa-acuminata-unripe-80be37e8-1d0a-11ec-9a0d-d8c4975e38aa-1-_jpg.rf.M8FxjZ2Xrnlzh5UWFOGZ.jpg,0,0,0,0,0,1
musa-acuminata-ripe-945579c3-1d0a-11ec-b04a-d8c4975e38aa_jpg.rf.MAZQ9VQny9ECt3ZM35Qm.jpg,0,0,0,1,0,0
musa-acuminata-banana-da595f61-394a-11ec-91d3-d8c4975e38aa_jpg.rf.MDbGud5T2Da2dD1UAxxZ.jpg,0,0,0,1,0,0
musa-acuminata-freshripe-46e2c0d2-2653-11ec-810b-d8c4975e38aa_jpg.rf.MIPOrAOZuxmfbcsG983b.jpg,1,0,0,0,0,0
musa-acuminata-unripe-8d71be28-1d0a-11ec-a6ad-d8c4975e38aa-1-_jpg.rf.MJXHjDRp3fvOSuOEFHqT.jpg,0,0,0,0,0,1
musa-acuminata-banana-8d1838be-394a-11ec-8054-d8c4975e38aa_jpg.rf.MR5sAeE0iWUdpzGTC5mV.jpg,0,0,0,0,1,0
musa-acuminata-overripe-80b64202-2653-11ec-bf58-d8c4975e38aa_jpg.rf.MSpgwEBOHRJTEAcJ1kfR.jpg,0,0,1,0,1,0
musa-acuminata-unripe-54487ec8-2653-11ec-8de6-d8c4975e38aa---Copy_jpg.rf.MdgINPeqy2tlOjtcE6wv.jpg,0,0,0,0,0,1
musa-acuminata-banana-ab7dddce-394a-11ec-8af7-d8c4975e38aa_jpg.rf.Mi40pZmP6wEqJmZCrdSl.jpg,0,0,1,1,0,0
musa-acuminata-banana-97953f7c-394a-11ec-a3d4-d8c4975e38aa_jpg.rf.MmrqpE3OWx3VxZtA9xaa.jpg,0,0,0,1,1,0
musa-acuminata-freshunripe-285b8438-2653-11ec-8cae-d8c4975e38aa_jpg.rf.MvHIjW1R8L18j1F3fo0J.jpg,0,1,0,0,0,0
musa-acuminata-banana-c3f55f07-394a-11ec-88de-d8c4975e38aa_jpg.rf.N4hCYCgEqOuAzmnrbdlh.jpg,1,0,0,1,0,0
musa-acuminata-unripe-51c4f8c8-2653-11ec-a42a-d8c4975e38aa---Copy_jpg.rf.KvRTMBfRe3ZHpaK6SErc.jpg,0,0,0,0,0,1
musa-acuminata-banana-ece63d5b-394a-11ec-b6e7-d8c4975e38aa_jpg.rf.LsoCXFcLUgYn4Wv87eF3.jpg,1,0,0,1,0,0
musa-acuminata-freshunripe-6cadfceb-1d0a-11ec-ad7a-d8c4975e38aa_jpg.rf.LrQOMqFtR5TsqnTsxsB0.jpg,0,1,0,0,0,0
musa-acuminata-mold-e4749fd9-1d0a-11ec-9f1a-d8c4975e38aa_jpg.rf.MigjPhDrzEkzP2LykbQc.jpg,0,0,1,0,0,0
musa-acuminata-overripe-a173b852-1d0a-11ec-829a-d8c4975e38aa_jpg.rf.MuNFqUYcACHVwF3Lv28G.jpg,0,0,1,0,1,0
musa-acuminata-rotten-8823cedf-2653-11ec-86e2-d8c4975e38aa_jpg.rf.N0aY2co1cUwPezFdvVo1.jpg,0,0,0,0,1,0
musa-acuminata-freshripe-7ce85347-1d0a-11ec-8ba4-d8c4975e38aa_jpg.rf.N6HFCWmnrAhC5wPixB3J.jpg,1,0,0,0,0,0
musa-acuminata-rotten-81cdfa2e-2653-11ec-a0ff-d8c4975e38aa_jpg.rf.NhgsDX4xzVODt19zflRd.jpg,0,0,0,0,1,0
musa-acuminata-freshunripe-1f3a36e8-2653-11ec-b3d9-d8c4975e38aa_jpg.rf.NqPX1uct9f5J65i6QEBa.jpg,0,1,0,0,0,0
musa-acuminata-mold-e51912ad-1d0a-11ec-adcd-d8c4975e38aa_jpg.rf.O1kCc6EzvFg8OTYjLHps.jpg,0,0,1,0,1,0
musa-acuminata-freshunripe-70ab5300-1d0a-11ec-b50c-d8c4975e38aa_jpg.rf.O3E9wo6UiUlQTQtGCWpR.jpg,0,1,0,0,0,0
musa-acuminata-freshunripe-72a70e6d-1d0a-11ec-8bb4-d8c4975e38aa_jpg.rf.O8cVcHBFJ8nfjYm8PN7R.jpg,0,1,0,0,0,0
musa-acuminata-freshripe-4493aa2d-2653-11ec-92ae-d8c4975e38aa_jpg.rf.PpihA4mIqVykDnzRtcQD.jpg,1,0,0,0,0,0
musa-acuminata-rotten-8c9e93bd-2653-11ec-9609-d8c4975e38aa_jpg.rf.PwlJHAtSzvl4PIGdPq9M.jpg,0,0,0,0,1,0
musa-acuminata-rotten-b941e510-1d0a-11ec-aaf6-d8c4975e38aa_jpg.rf.MdYDCxGuEsKgIl6yQkUe.jpg,0,0,0,0,1,0
musa-acuminata-overripe-a10d3ba9-1d0a-11ec-98c1-d8c4975e38aa_jpg.rf.LVRCZgVOHIlBKr6p8Qcl.jpg,0,0,1,0,0,0
musa-acuminata-freshunripe-2d7cc817-2653-11ec-a8a1-d8c4975e38aa_jpg.rf.MKtKzYLa16ADQjKMcHlY.jpg,0,1,0,0,0,0
musa-acuminata-banana-d7a4db5b-394a-11ec-84cd-d8c4975e38aa_jpg.rf.LyClsU7OvVugl3Lvf3xV.jpg,1,0,0,1,0,0
musa-acuminata-banana-fd82b7f3-394a-11ec-930e-d8c4975e38aa_jpg.rf.LwbGHUUxOfQ0Fst37r5q.jpg,0,0,0,1,0,0
musa-acuminata-rotten-a780f1fb-1d0a-11ec-b5ba-d8c4975e38aa_jpg.rf.M1OJFtC8lKjhaQUUbit2.jpg,0,0,0,0,1,0
musa-acuminata-mold-e59c2984-1d0a-11ec-933e-d8c4975e38aa_jpg.rf.MBa2lCbsK8FX9WEd1a55.jpg,0,0,1,0,0,0
musa-acuminata-rotten-b577affb-1d0a-11ec-816b-d8c4975e38aa_jpg.rf.MeWLQH8qhwlBzwVRWeUC.jpg,0,0,0,0,1,0
musa-acuminata-banana-ba374c46-4037-11ec-9d88-94b86d66fd1d_jpg.rf.LSQiBVSWzzD0zHaI9uiV.jpg,0,1,0,0,0,0
musa-acuminata-banana-c05e763e-4037-11ec-a7f1-94b86d66fd1d_jpg.rf.RcFY8sW9DZu2qpI4XJ8p.jpg,1,0,0,0,0,0
musa-acuminata-banana-fd7d6841-394a-11ec-8635-d8c4975e38aa_jpg.rf.Resss3SfVrPZ0XYeyfoB.jpg,0,0,0,1,0,0
musa-acuminata-banana-d343a757-394a-11ec-943e-d8c4975e38aa_jpg.rf.RmH7vTv5rW1U1oJbp0QA.jpg,1,0,0,1,0,0
musa-acuminata-banana-9b008512-394a-11ec-9380-d8c4975e38aa_jpg.rf.RpZdU11yTZ41TsMXJUaO.jpg,0,0,0,0,1,0
musa-acuminata-freshripe-7b5893b3-1d0a-11ec-bad2-d8c4975e38aa_jpg.rf.RyGygoNB3qJhARrn5cmD.jpg,1,0,0,0,0,0
musa-acuminata-unripe-89c44b6c-1d0a-11ec-ac94-d8c4975e38aa-1-_jpg.rf.UuAkyPmtUaInlpy6Lwjt.jpg,0,0,0,0,0,1
musa-acuminata-banana-edf41265-394a-11ec-918b-d8c4975e38aa_jpg.rf.UyZD7oMtykuWijk1Nkma.jpg,0,0,0,1,0,0
musa-acuminata-unripe-57ba5c62-2653-11ec-b9c9-d8c4975e38aa_jpg.rf.V2FiczgUiDeLKzGTE0hz.jpg,0,0,0,0,1,1
musa-acuminata-mold-e38fceec-1d0a-11ec-a9e7-d8c4975e38aa_jpg.rf.V7DCZtUWT3jw71tGSsXj.jpg,0,0,1,0,1,0
musa-acuminata-mold-e605094f-1d0a-11ec-86e3-d8c4975e38aa_jpg.rf.V8vNgIUtypwfFZaAgefU.jpg,0,0,1,0,0,0
musa-acuminata-banana-c9fb7b6b-4037-11ec-9284-94b86d66fd1d_jpg.rf.VAn5CFOdhd2yhU68mhLH.jpg,0,0,0,1,0,0
musa-acuminata-freshunripe-6f92467a-1d0a-11ec-95c1-d8c4975e38aa_jpg.rf.Q7Hp5Is6kUfXA51s4uvD.jpg,0,1,0,0,0,0
musa-acuminata-rotten-a1da351d-1d0a-11ec-a3a6-d8c4975e38aa_jpg.rf.RBhLuThlePRc7FVA5mqM.jpg,0,0,0,0,1,0
musa-acuminata-unripe-60203636-2653-11ec-a59f-d8c4975e38aa---Copy_jpg.rf.RF9hnytBe2YW4h8cLQmv.jpg,0,0,0,0,1,0
musa-acuminata-ripe-9482c2bc-1d0a-11ec-951b-d8c4975e38aa_jpg.rf.RXYKKLrPgPcA4x9J0YL3.jpg,0,0,0,1,0,0
musa-acuminata-banana-8d8bb245-394a-11ec-a577-d8c4975e38aa_jpg.rf.Qbrs2zROiZmJFMP9MOBG.jpg,0,0,1,0,0,0
musa-acuminata-rotten-8560b9e5-2653-11ec-8096-d8c4975e38aa_jpg.rf.Vqvc5eVsxkBRlRwX8EZV.jpg,0,0,0,0,1,0
musa-acuminata-ripe-7173c091-2653-11ec-942a-d8c4975e38aa_jpg.rf.VrKfJo09nvAQ49uDp9BS.jpg,0,0,0,1,1,0
musa-acuminata-banana-c4dd3db1-394a-11ec-af4f-d8c4975e38aa_jpg.rf.VsoHmtLxm4RyOOBgUxVU.jpg,0,0,0,1,0,0
musa-acuminata-banana-86be3355-394a-11ec-94b7-d8c4975e38aa_jpg.rf.VunjxHgs4Sv0GbxoHXSA.jpg,0,0,1,0,1,0
musa-acuminata-banana-967719da-394a-11ec-93a1-d8c4975e38aa_jpg.rf.VwcXTPOeGre160hPNdxU.jpg,0,0,0,1,1,0
musa-acuminata-freshunripe-2d8650b0-2653-11ec-8e85-d8c4975e38aa_jpg.rf.W9hWfhPe5f7V8zWpcll9.jpg,0,1,0,0,0,0
musa-acuminata-banana-df3e2950-394a-11ec-93bf-d8c4975e38aa_jpg.rf.WBiaUaclVAgiSq6f2Tuc.jpg,0,0,0,1,0,0
musa-acuminata-freshripe-79126307-1d0a-11ec-977d-d8c4975e38aa_jpg.rf.WCJUX7euarluV1rvfX5B.jpg,1,0,0,0,0,0
musa-acuminata-overripe-7f85b72f-2653-11ec-b982-d8c4975e38aa_jpg.rf.WCgjsFU1gTa3cXQ2Lee1.jpg,0,0,1,0,0,0
musa-acuminata-banana-9f9fd5da-394a-11ec-adf8-d8c4975e38aa_jpg.rf.WLFALtl0s6SUaBhX6VpB.jpg,0,0,0,0,1,0
musa-acuminata-ripe-6adeac8c-2653-11ec-9930-d8c4975e38aa_jpg.rf.VDj9yNSM9XzkUo6fCuCC.jpg,0,0,0,1,0,0
musa-acuminata-ripe-73042ac0-2653-11ec-8c76-d8c4975e38aa_jpg.rf.VEs4N6MMJ5f9H13RmL5m.jpg,0,0,0,0,1,0
musa-acuminata-freshripe-7e588c04-1d0a-11ec-a390-d8c4975e38aa_jpg.rf.VHQJuHqa3nbdJEHlFfhB.jpg,1,0,0,0,0,0
musa-acuminata-unripe-618a7ca4-2653-11ec-8ee1-d8c4975e38aa_jpg.rf.VPXgZ1RyPEWVkisj9FMd.jpg,0,0,0,0,0,1
musa-acuminata-banana-b33eb8ec-394a-11ec-a2c1-d8c4975e38aa_jpg.rf.VF4mpe7KNr4IGWYWZQL1.jpg,1,0,0,0,0,0
musa-acuminata-freshunripe-66fa8416-1d0a-11ec-a4a3-d8c4975e38aa_jpg.rf.VJ5dYHuIwJzzr0qyKGLs.jpg,0,1,0,0,0,0
musa-acuminata-freshripe-4423a4cc-2653-11ec-a303-d8c4975e38aa_jpg.rf.VHtKVgMz8Iwtwp91LWrL.jpg,1,0,0,0,0,0
musa-acuminata-banana-ab099c6a-394a-11ec-a308-d8c4975e38aa_jpg.rf.VPhHqKADJZYvmWUIazak.jpg,0,0,1,1,1,0
musa-acuminata-mold-e51b7501-1d0a-11ec-bc19-d8c4975e38aa_jpg.rf.Vk6YbwCKPIyzrd6mkklJ.jpg,0,0,1,0,0,0
musa-acuminata-overripe-a0260a6b-1d0a-11ec-8888-d8c4975e38aa_jpg.rf.Ql6AriFyjLqQoPctWw38.jpg,0,0,1,0,1,0
musa-acuminata-rotten-8746410b-2653-11ec-9ab4-d8c4975e38aa_jpg.rf.Qs8hz7E9iTo9rRXqo3hv.jpg,0,0,0,0,1,0
musa-acuminata-freshripe-4da05974-2653-11ec-bc48-d8c4975e38aa_jpg.rf.QsEu0fCk9WHkzUT8WV32.jpg,1,0,0,0,0,0
musa-acuminata-freshunripe-2e1eda89-2653-11ec-a219-d8c4975e38aa_jpg.rf.QuKgaaCRWUXWECAI1Nu6.jpg,0,1,0,0,0,0
musa-acuminata-freshripe-79ee24ac-1d0a-11ec-b664-d8c4975e38aa_jpg.rf.QufchZq6WcPcMFlY6uD8.jpg,1,0,0,0,0,0
musa-acuminata-banana-94602e0c-394a-11ec-ac37-d8c4975e38aa_jpg.rf.QvZS3KIVL4FMhkyZwZ4W.jpg,0,0,0,1,1,0
musa-acuminata-ripe-992cdc80-1d0a-11ec-a7bb-d8c4975e38aa_jpg.rf.QyJRzBif2qhRzFXxL0xR.jpg,0,0,0,1,1,0
musa-acuminata-ripe-9ad77d3e-1d0a-11ec-89c4-d8c4975e38aa_jpg.rf.R046Mq7jFlViDbwakXgP.jpg,0,0,0,1,1,0
musa-acuminata-freshunripe-2f89224c-2653-11ec-8dfc-d8c4975e38aa_jpg.rf.R1quH5QvsWYDUZJJwyP4.jpg,0,1,0,0,0,0
musa-acuminata-banana-a8707888-394a-11ec-b278-d8c4975e38aa_jpg.rf.R4lQ2EQLicmZSJk3N1HY.jpg,0,0,0,0,1,0
musa-acuminata-banana-84372eb0-394a-11ec-9d6b-d8c4975e38aa_jpg.rf.WNkSfIPBIG3kzZoEFJZz.jpg,0,0,0,1,1,0
musa-acuminata-freshunripe-27934f1e-2653-11ec-97ba-d8c4975e38aa_jpg.rf.WPzGg15g8nuyU02rf9gz.jpg,0,1,0,0,0,0
musa-acuminata-overripe-7ddb1222-2653-11ec-9aa5-d8c4975e38aa_jpg.rf.WPopxY9rQaor4NjmRjB1.jpg,0,0,1,0,0,0
musa-acuminata-banana-c65e5bda-394a-11ec-95e7-d8c4975e38aa_jpg.rf.WPwZXg1xlO1LP0sqpds4.jpg,0,0,0,1,0,0
musa-acuminata-rotten-bf84cfa1-1d0a-11ec-9d5c-d8c4975e38aa_jpg.rf.WQBmgMYGmqCRtugUgNHc.jpg,0,0,0,0,1,0
musa-acuminata-unripe-8a796e0d-1d0a-11ec-a5aa-d8c4975e38aa-1-_jpg.rf.Qj33R27XCxfWGfobNwHP.jpg,0,1,0,0,0,1
musa-acuminata-banana-fe5fe637-394a-11ec-ad0c-d8c4975e38aa_jpg.rf.RpJGgZMttFmFQsadaj3G.jpg,1,0,0,1,0,0
musa-acuminata-banana-a8e83891-394a-11ec-849b-d8c4975e38aa_jpg.rf.RqpW4IFM9OYDTYLKkIFt.jpg,0,0,1,0,1,0
musa-acuminata-ripe-73f9a8d3-2653-11ec-8b6a-d8c4975e38aa_jpg.rf.RtVUPnwzCmpdwq6Mg2Td.jpg,0,0,0,0,1,0
musa-acuminata-overripe-7d7a23d5-2653-11ec-85e2-d8c4975e38aa_jpg.rf.RwBJgM9zmyrr7I9Y0bx2.jpg,0,0,1,0,1,0
musa-acuminata-mold-e52e870e-1d0a-11ec-80be-d8c4975e38aa_jpg.rf.Rxn279XlIPUsS721HkwI.jpg,0,0,1,0,1,0
musa-acuminata-banana-c5a54cad-4037-11ec-84f9-94b86d66fd1d_jpg.rf.S1u0KHVGQkRvMsdcQDUl.jpg,1,0,0,0,0,0
musa-acuminata-banana-ea1839e1-394a-11ec-825c-d8c4975e38aa_jpg.rf.S2hvIdmMyH6SQw4oOT7X.jpg,1,0,0,1,0,0
musa-acuminata-unripe-612b2644-2653-11ec-837f-d8c4975e38aa---Copy_jpg.rf.SBWkOwkdLcA4kkszhlEh.jpg,0,0,0,0,0,1
musa-acuminata-unripe-87f1264d-1d0a-11ec-a2aa-d8c4975e38aa-1-_jpg.rf.SCnKdO7Bt40yOSrHaajD.jpg,0,0,0,0,1,1
musa-acuminata-overripe-803c9910-2653-11ec-a298-d8c4975e38aa_jpg.rf.SFndDihuzwMmhe505shd.jpg,0,0,1,0,0,0
musa-acuminata-ripe-94a8e541-1d0a-11ec-a8bc-d8c4975e38aa_jpg.rf.S5GuejBCrG5XHTkXFaf7.jpg,0,0,0,1,0,0
musa-acuminata-banana-e5bdb70c-394a-11ec-9d28-d8c4975e38aa_jpg.rf.SDlvMoCLr0AZJwUyJfh4.jpg,1,0,0,1,0,0
musa-acuminata-banana-f11ee55c-394a-11ec-b5df-d8c4975e38aa_jpg.rf.RU7MOJEaIfFX1xfgAqNa.jpg,0,0,0,1,0,0
musa-acuminata-freshunripe-74041d56-1d0a-11ec-a82e-d8c4975e38aa_jpg.rf.RBtU9Jf4HmDOmz7gxWAI.jpg,0,1,0,0,0,1
musa-acuminata-banana-acc9f772-394a-11ec-b28f-d8c4975e38aa_jpg.rf.RJ06Fwz5L3LYC3AeCcq9.jpg,0,0,1,1,1,0
musa-acuminata-rotten-a52852b1-1d0a-11ec-be98-d8c4975e38aa_jpg.rf.RfEoE3Yq4TmC6FbgbIqV.jpg,0,0,0,0,1,0
musa-acuminata-freshripe-46f37119-2653-11ec-9254-d8c4975e38aa_jpg.rf.Rhr9hAuxhhEVYivw9s1C.jpg,1,0,0,0,0,0
musa-acuminata-ripe-93b3672a-1d0a-11ec-aeb5-d8c4975e38aa_jpg.rf.RTURtrRYA0wP44A2Jqr6.jpg,0,0,0,1,0,0
musa-acuminata-unripe-877c59cd-1d0a-11ec-8242-d8c4975e38aa-1-_jpg.rf.RdNohwiWvvp8SK33Jn1M.jpg,0,0,0,0,1,1
musa-acuminata-banana-8e394497-394a-11ec-9a46-d8c4975e38aa_jpg.rf.Rc6vbAEkvMAyGMmg1kya.jpg,0,0,0,0,1,0
musa-acuminata-banana-b472f114-394a-11ec-9766-d8c4975e38aa_jpg.rf.Rfq5NZHGlVtiKhGmCLca.jpg,1,0,0,0,0,0
musa-acuminata-rotten-8b1c0980-2653-11ec-b40a-d8c4975e38aa_jpg.rf.TRW2tARxZH7vrDT2Jc37.jpg,0,0,0,0,1,0
musa-acuminata-rotten-aa4523a9-1d0a-11ec-ab31-d8c4975e38aa_jpg.rf.UB1Dhg9gVPgAPKHx22nI.jpg,0,0,0,0,1,0
musa-acuminata-freshripe-78369b12-1d0a-11ec-a49b-d8c4975e38aa_jpg.rf.UXBiNNIWDpghgZUz0Zp4.jpg,1,0,0,0,0,0
musa-acuminata-rotten-ae2bdaad-1d0a-11ec-a011-d8c4975e38aa_jpg.rf.Uq8LPowVuuRjjlriyBym.jpg,0,0,0,0,1,0
musa-acuminata-freshripe-45c9829d-2653-11ec-afe0-d8c4975e38aa_jpg.rf.VIcSfZV2bexbkQTd4lw6.jpg,1,0,0,0,0,0
musa-acuminata-banana-e27eca6c-394a-11ec-86e8-d8c4975e38aa_jpg.rf.VZXQhPGl1NXr13mRX6sC.jpg,1,0,0,1,0,0
musa-acuminata-banana-97dd6955-394a-11ec-95eb-d8c4975e38aa_jpg.rf.WOCDeHqFlnZFGz1LJU0w.jpg,0,0,1,0,0,0
musa-acuminata-ripe-93f8870c-1d0a-11ec-8648-d8c4975e38aa_jpg.rf.WV25F5f2dwLdxdVrH8Vn.jpg,0,0,0,1,0,0
musa-acuminata-overripe-7ddedc60-2653-11ec-b679-d8c4975e38aa_jpg.rf.WhEHIirBneQomYUEVL1O.jpg,0,0,1,0,0,0
musa-acuminata-ripe-720eacc3-2653-11ec-b3ce-d8c4975e38aa_jpg.rf.XRg69yubix7Nkz0eKBU9.jpg,0,0,0,1,1,0
musa-acuminata-banana-99ff2efe-394a-11ec-8995-d8c4975e38aa_jpg.rf.Xc9HBDPt1qSRuev5EGDJ.jpg,0,0,0,0,1,0
musa-acuminata-mold-e615b8a3-1d0a-11ec-a7fa-d8c4975e38aa_jpg.rf.Y3IUrkeOsxz9W8ibqWdF.jpg,0,0,1,0,0,0
musa-acuminata-mold-e5ed329f-1d0a-11ec-94c1-d8c4975e38aa_jpg.rf.SOG4CL2CCLDX2Ha6yWOX.jpg,0,0,1,0,0,0
musa-acuminata-banana-ca771675-394a-11ec-9804-d8c4975e38aa_jpg.rf.SzA3Fv2BHYOzMXfMhops.jpg,0,0,0,1,0,0
musa-acuminata-freshripe-7eaf035a-1d0a-11ec-970c-d8c4975e38aa_jpg.rf.SyfFWSbTD9CnXOTaahFg.jpg,1,0,0,0,0,0
musa-acuminata-banana-864c943e-394a-11ec-a255-d8c4975e38aa_jpg.rf.an93Q7c8rZgEHdAFxB03.jpg,0,0,1,0,1,0
musa-acuminata-ripe-6ba943f7-2653-11ec-87d3-d8c4975e38aa_jpg.rf.bD3AXDgNfomDKu4BKEwI.jpg,0,0,0,1,0,0
musa-acuminata-banana-9fa4af4c-394a-11ec-a5dd-d8c4975e38aa_jpg.rf.bIxr6Me52FgeAAsVnJWt.jpg,0,0,0,0,1,0
musa-acuminata-unripe-837b68ff-1d0a-11ec-b663-d8c4975e38aa-1-_jpg.rf.SHrT5Uukl4qC4iydL9pV.jpg,0,0,0,0,1,1
musa-acuminata-unripe-8dceb218-1d0a-11ec-8ef0-d8c4975e38aa-1-_jpg.rf.SIayWEKEVLfm2UoH9Ya0.jpg,0,1,0,0,0,0
musa-acuminata-rotten-ba322ce5-1d0a-11ec-934b-d8c4975e38aa_jpg.rf.SJMnzfPZULGgMX0eUKeY.jpg,0,0,0,0,1,0
musa-acuminata-ripe-91e504ba-1d0a-11ec-a195-d8c4975e38aa_jpg.rf.SURFHzqEiyXDLHuwFv0T.jpg,0,0,0,1,0,0
musa-acuminata-freshunripe-3622fa8d-2653-11ec-aaf5-d8c4975e38aa_jpg.rf.ScEdf0e5S3HPzKzTJpCb.jpg,0,1,0,0,0,0
musa-acuminata-rotten-b604c77f-1d0a-11ec-8fde-d8c4975e38aa_jpg.rf.SgzcTEFQiU31COa1JZ7F.jpg,0,0,0,0,1,0
musa-acuminata-banana-9d9fec94-4037-11ec-9288-94b86d66fd1d_jpg.rf.SnnRuOkhBH9khviXKIT5.jpg,0,0,0,1,0,0
musa-acuminata-banana-ecae1565-394a-11ec-8c89-d8c4975e38aa_jpg.rf.SpVdZbQwPPbwVaGcaB4a.jpg,1,0,0,0,0,0
musa-acuminata-freshunripe-280818d2-2653-11ec-804e-d8c4975e38aa_jpg.rf.T6Z6XSdI3YKjAPQt6ee5.jpg,0,1,0,0,0,0
musa-acuminata-banana-8bf8a271-394a-11ec-840a-d8c4975e38aa_jpg.rf.T6fybpKlOus3vWfJ9D8D.jpg,0,0,0,0,1,0
musa-acuminata-mold-e345ec27-1d0a-11ec-8b0f-d8c4975e38aa_jpg.rf.Y4F20IV5H0HV4FaXFDLR.jpg,0,0,1,0,0,0
musa-acuminata-freshunripe-6c6f8745-1d0a-11ec-87b8-d8c4975e38aa_jpg.rf.YEA8vFdsTW08NZCstM6C.jpg,0,1,0,0,0,0
musa-acuminata-freshripe-7e40ab7b-1d0a-11ec-b2ff-d8c4975e38aa_jpg.rf.Y9TSd5FuYsIGD1cTFCe4.jpg,1,0,0,0,0,0
musa-acuminata-overripe-7f335260-2653-11ec-9174-d8c4975e38aa_jpg.rf.ZEvL9VgYuiqtjX0qxXye.jpg,0,0,1,0,0,0
musa-acuminata-ripe-9acdf488-1d0a-11ec-b2dc-d8c4975e38aa_jpg.rf.aIJE8Edi9oy7MJ1wSmkm.jpg,0,0,0,1,1,0
musa-acuminata-overripe-a0f5661e-1d0a-11ec-8961-d8c4975e38aa_jpg.rf.a9IQl7yFJJKymfYLKCSo.jpg,0,0,1,0,0,0
musa-acuminata-rotten-b6770c6b-1d0a-11ec-b7ac-d8c4975e38aa_jpg.rf.YYAtilmjfgOi433fTfT0.jpg,0,0,0,0,1,0
musa-acuminata-ripe-938ae280-1d0a-11ec-bc63-d8c4975e38aa_jpg.rf.ZW3ieYzKqo9bo7swMil3.jpg,0,0,0,1,0,0
musa-acuminata-ripe-9ad05823-1d0a-11ec-807e-d8c4975e38aa_jpg.rf.ZcOaaFbByQf6SsFWgsks.jpg,0,0,0,1,1,0
musa-acuminata-freshunripe-731740f8-1d0a-11ec-ab12-d8c4975e38aa_jpg.rf.T9f4jATFOFCL0JbCGpZs.jpg,0,1,0,0,0,0
musa-acuminata-freshunripe-766f294e-1d0a-11ec-854b-d8c4975e38aa_jpg.rf.TNqXdgcBlk7DMewhbqQ3.jpg,0,1,0,0,0,0
musa-acuminata-freshunripe-631fbaab-1d0a-11ec-9af4-d8c4975e38aa_jpg.rf.TWRiCkHm7eGpoksSSJfM.jpg,0,1,0,0,0,0
musa-acuminata-freshunripe-74ef3353-1d0a-11ec-8b02-d8c4975e38aa_jpg.rf.TYTIylYlHwXoX6qRF2Pt.jpg,0,0,0,0,0,1
musa-acuminata-overripe-7dcbc31c-2653-11ec-a9f6-d8c4975e38aa_jpg.rf.TYejFygGn6VzHtIFgVvL.jpg,0,0,1,0,1,0
musa-acuminata-freshripe-4b85b261-2653-11ec-b481-d8c4975e38aa_jpg.rf.TblnVcQyUcvBYPNUpJEt.jpg,1,0,0,0,0,0
musa-acuminata-rotten-8ce99396-2653-11ec-af72-d8c4975e38aa_jpg.rf.ThUzKIggF2eqMNRNwlnw.jpg,0,0,0,0,1,0
musa-acuminata-rotten-ab35ecc1-1d0a-11ec-ba71-d8c4975e38aa_jpg.rf.Tqes6X7qUqvzH6W7ROww.jpg,0,0,0,0,1,0
musa-acuminata-ripe-9a7362ce-1d0a-11ec-be15-d8c4975e38aa_jpg.rf.TxCEjV3hszdmgxm4F5eH.jpg,0,0,0,1,1,0
musa-acuminata-freshunripe-19619b13-2653-11ec-b27f-d8c4975e38aa_jpg.rf.U26c98IaSt9e1ppgFXzR.jpg,0,1,0,0,0,0
musa-acuminata-mold-e3dc13ef-1d0a-11ec-a238-d8c4975e38aa_jpg.rf.U7QfTFazIx9LmnxRywbG.jpg,0,0,1,0,1,0
musa-acuminata-banana-fb46b408-394a-11ec-abd3-d8c4975e38aa_jpg.rf.U8ZMgEJ9wpD6ctJnoAu2.jpg,1,0,0,1,0,0
musa-acuminata-rotten-8c4fa42e-2653-11ec-81b3-d8c4975e38aa_jpg.rf.U9v4pFdqFJQWnSPkNqya.jpg,0,0,0,0,1,0
musa-acuminata-freshunripe-76120683-1d0a-11ec-ac02-d8c4975e38aa_jpg.rf.UCknktzyzvt753MLinAV.jpg,0,1,0,0,0,0
musa-acuminata-ripe-9b347161-1d0a-11ec-95f3-d8c4975e38aa_jpg.rf.UTuoD2qUPrTLGsleGTKn.jpg,0,0,0,1,1,0
musa-acuminata-banana-f5c8e40d-394a-11ec-9580-d8c4975e38aa_jpg.rf.T0k5GFxLdESs1yljC9rT.jpg,0,0,0,1,0,0
musa-acuminata-rotten-ae866c63-1d0a-11ec-8528-d8c4975e38aa_jpg.rf.TKesWXG8ApKnyWIwwdLq.jpg,0,0,0,0,1,0
musa-acuminata-banana-9fe9f3fa-394a-11ec-9d91-d8c4975e38aa_jpg.rf.FMR96T6FY5otXLBoRdM1.jpg,0,0,0,0,1,0
musa-acuminata-freshripe-44a45956-2653-11ec-a830-d8c4975e38aa_jpg.rf.FVHigq7CKX1QZDkcI111.jpg,1,0,0,0,0,0
musa-acuminata-freshunripe-7405d91f-1d0a-11ec-8dce-d8c4975e38aa_jpg.rf.FgtszxVT1M1LzOQsNePp.jpg,0,1,0,0,0,0
musa-acuminata-ripe-72b583ab-2653-11ec-880c-d8c4975e38aa_jpg.rf.FnvhCrw8XCE3ADfzvTIV.jpg,0,0,0,0,1,0
musa-acuminata-freshripe-7f160750-1d0a-11ec-8d17-d8c4975e38aa_jpg.rf.G5m2rrUaKY2uQTCQliuI.jpg,1,0,0,0,0,0
musa-acuminata-rotten-ba291696-1d0a-11ec-ade6-d8c4975e38aa_jpg.rf.G5svVwJtBIFoZxQ5VW3j.jpg,0,0,0,0,1,0
musa-acuminata-banana-b82f35fb-4037-11ec-9ab0-94b86d66fd1d_jpg.rf.GH0wztvPj2KZoJlbpkB0.jpg,0,1,0,0,0,1
musa-acuminata-banana-d3cacc69-4037-11ec-9285-94b86d66fd1d_jpg.rf.GVE215Bwg6RM2BFeSgVj.jpg,0,0,0,1,0,0
musa-acuminata-banana-b478deb1-4037-11ec-9a67-94b86d66fd1d_jpg.rf.GYquGR0yWwzRI2sSpvN9.jpg,0,1,0,0,0,1
musa-acuminata-unripe-90dc7587-1d0a-11ec-a120-d8c4975e38aa-1-_jpg.rf.GbYdmi1S8zqs144NZ6vA.jpg,0,0,0,0,0,1
musa-acuminata-rotten-aaa6dc39-1d0a-11ec-8a72-d8c4975e38aa_jpg.rf.GlX9UwTjXpOLIUu1TXOL.jpg,0,0,0,0,1,0
musa-acuminata-mold-e66b8501-1d0a-11ec-9475-d8c4975e38aa_jpg.rf.H2424gc6exFNXUAhfnmI.jpg,0,0,1,0,0,0
musa-acuminata-banana-8512f853-394a-11ec-91f1-d8c4975e38aa_jpg.rf.H6OXVVjMyRS4WF7MGjeM.jpg,0,0,1,0,1,0
musa-acuminata-banana-aafbf83f-394a-11ec-a773-d8c4975e38aa_jpg.rf.HOKirxOhI4s2zMch5qNz.jpg,0,0,1,0,0,0
musa-acuminata-banana-a67f3940-394a-11ec-b7f7-d8c4975e38aa_jpg.rf.Eegft8C3RuA9CW6mLmcy.jpg,0,0,1,0,1,0
musa-acuminata-unripe-8d78e465-1d0a-11ec-921f-d8c4975e38aa-1-_jpg.rf.Ec4q6sDBsMS3HnTjiwpW.jpg,0,0,0,0,0,1
musa-acuminata-ripe-73f02032-2653-11ec-aa9a-d8c4975e38aa_jpg.rf.ULMZXcFgIm6RKBsahxQp.jpg,0,0,0,0,1,0
musa-acuminata-unripe-88874b5a-1d0a-11ec-91d5-d8c4975e38aa-1-_jpg.rf.UgJErVvn2p8QfDubfgBs.jpg,0,0,0,0,0,1
musa-acuminata-unripe-592bcd55-2653-11ec-88e8-d8c4975e38aa---Copy_jpg.rf.EWVB3Zm0EtZanvt5pVSy.jpg,0,0,0,0,1,1
musa-acuminata-freshunripe-64ae85cf-1d0a-11ec-b62f-d8c4975e38aa_jpg.rf.UnMoYL2YXc1zFxLch2xu.jpg,0,1,0,0,0,0
musa-acuminata-banana-83da5aa4-394a-11ec-a578-d8c4975e38aa_jpg.rf.UgLICTroNBEN5wcVH2PG.jpg,0,0,1,0,0,0
musa-acuminata-banana-a1c69797-4037-11ec-8b07-94b86d66fd1d_jpg.rf.FGCvKSnEayKrClbOn0xC.jpg,1,0,0,0,0,0
musa-acuminata-banana-97de9fbd-394a-11ec-a943-d8c4975e38aa_jpg.rf.F1p43hnqDFXilHnwY4ab.jpg,0,0,1,0,0,0
musa-acuminata-mold-e68a83e4-1d0a-11ec-9351-d8c4975e38aa_jpg.rf.HlFACW5kCGEe4OPjAQ8h.jpg,0,0,1,0,0,0
musa-acuminata-banana-b1785353-394a-11ec-8448-d8c4975e38aa_jpg.rf.HnjrR5EvXJIeOtpdb5nW.jpg,1,0,0,0,0,0
musa-acuminata-rotten-8a2d15ab-2653-11ec-b3c7-d8c4975e38aa_jpg.rf.Huq68QBts1AQEfM2Mycj.jpg,0,0,0,1,1,0
musa-acuminata-rotten-b4339847-1d0a-11ec-bb3e-d8c4975e38aa_jpg.rf.I6Ke4Y20cRAPbWa69wb6.jpg,0,0,0,0,1,0
musa-acuminata-banana-b00946d8-4037-11ec-a376-94b86d66fd1d_jpg.rf.I9jvN6zG4zGlE66effLD.jpg,0,1,0,0,0,1
musa-acuminata-unripe-8bdc919c-1d0a-11ec-b6b7-d8c4975e38aa-1-_jpg.rf.IK5FIYKbsGi89AxNbB2v.jpg,0,0,0,0,0,1
musa-acuminata-freshunripe-2fef9ede-2653-11ec-992f-d8c4975e38aa_jpg.rf.INKOzqODCUGw6nk7bZ7F.jpg,0,1,0,0,0,0
musa-acuminata-banana-c27ffed7-394a-11ec-b1c1-d8c4975e38aa_jpg.rf.IY94Dcuz6VqzMCRZfVGn.jpg,0,0,0,1,0,0
musa-acuminata-freshunripe-3419028a-2653-11ec-83e1-d8c4975e38aa_jpg.rf.IYh5h64JU3L7UxtFRN8B.jpg,0,1,0,0,0,0
musa-acuminata-banana-b0cc52de-4037-11ec-a148-94b86d66fd1d_jpg.rf.hLm7DPbC5c4TjoAEMMOl.jpg,0,1,0,0,0,1
musa-acuminata-banana-d9acc01b-394a-11ec-a531-d8c4975e38aa_jpg.rf.hT47yjwlv0jzERqLGann.jpg,0,0,0,1,0,0
musa-acuminata-unripe-5e948f3f-2653-11ec-bb4c-d8c4975e38aa---Copy_jpg.rf.hWcfEqalAgFKOavn096y.jpg,0,0,0,0,0,1
musa-acuminata-rotten-a3552be7-1d0a-11ec-8515-d8c4975e38aa_jpg.rf.hY2FXBTHRGSLq7ntLuMj.jpg,0,0,0,0,1,0
musa-acuminata-freshunripe-6b72dfe8-1d0a-11ec-8418-d8c4975e38aa_jpg.rf.ha4qgNWfU11h2cc1sTq1.jpg,0,1,0,0,0,0
musa-acuminata-overripe-9bdb4860-1d0a-11ec-b038-d8c4975e38aa_jpg.rf.hbvt663I3nku5FBYYYXN.jpg,0,0,1,0,0,0
musa-acuminata-banana-a47a8179-394a-11ec-9031-d8c4975e38aa_jpg.rf.hhV2i7Q3yMmlUxEC1wAH.jpg,0,0,0,1,1,0
musa-acuminata-ripe-6df5f85f-2653-11ec-aa65-d8c4975e38aa_jpg.rf.HbxTncUb8Ix8rRKK9yLb.jpg,0,0,0,1,1,0
musa-acuminata-overripe-7e0fa21f-2653-11ec-a948-d8c4975e38aa_jpg.rf.i0h1eAWWBmvZkskkW3h5.jpg,0,0,1,0,0,0
musa-acuminata-banana-864f0123-394a-11ec-ae42-d8c4975e38aa_jpg.rf.i0ngMDHJMtw3NWBJQNVW.jpg,0,0,1,0,1,0
musa-acuminata-rotten-b9c9e43e-1d0a-11ec-a5ee-d8c4975e38aa_jpg.rf.i6J2uMxglwKBIc1wp6ib.jpg,0,0,0,0,1,0
musa-acuminata-banana-a8b0217a-394a-11ec-9c41-d8c4975e38aa_jpg.rf.i6cWGLaUGRQeh6iEIVrN.jpg,0,0,1,0,0,0
musa-acuminata-banana-b0d4f536-394a-11ec-ae67-d8c4975e38aa_jpg.rf.iAgCIwsRIBqzU8jpEWKE.jpg,1,0,0,1,0,0
musa-acuminata-banana-c0b04383-4037-11ec-8024-94b86d66fd1d_jpg.rf.iFvbgr6LJMdrm3pDE0L8.jpg,1,0,0,0,0,0
musa-acuminata-rotten-82faa1e8-2653-11ec-84a1-d8c4975e38aa_jpg.rf.iHFMQxucrycoc0HpUPYy.jpg,0,0,0,0,1,0
musa-acuminata-unripe-61dde80d-2653-11ec-bb32-d8c4975e38aa_jpg.rf.iJUYkqefVfVsTwv7HdO2.jpg,0,0,0,0,0,1
musa-acuminata-unripe-601dd2bb-2653-11ec-b64c-d8c4975e38aa---Copy_jpg.rf.iKJUgJ1qndGfKOvNrlSc.jpg,0,0,0,0,1,0
musa-acuminata-banana-9a9012ea-4037-11ec-ba58-94b86d66fd1d_jpg.rf.iKRPXib8cGSZ3jri2pkJ.jpg,0,0,0,1,0,0
musa-acuminata-ripe-949cfa84-1d0a-11ec-9665-d8c4975e38aa_jpg.rf.hmJLwFgjrwu4YLLGuB89.jpg,0,0,0,1,0,0
musa-acuminata-freshunripe-68213c1f-1d0a-11ec-8c71-d8c4975e38aa_jpg.rf.hXchbnGp0eyHJxkqqwP6.jpg,0,1,0,0,0,0
musa-acuminata-unripe-83174c66-1d0a-11ec-85c9-d8c4975e38aa-1-_jpg.rf.hghOtdGIdkXCTZCJvGk5.jpg,0,0,0,0,1,1
musa-acuminata-mold-e37336a0-1d0a-11ec-b8af-d8c4975e38aa_jpg.rf.hfvU5NPFdLrhpQnav2wc.jpg,0,0,1,0,1,0
musa-acuminata-rotten-ae297b1e-1d0a-11ec-8db6-d8c4975e38aa_jpg.rf.HZLe0ovuLCPEMOSKCdOb.jpg,0,0,0,0,1,0
musa-acuminata-banana-8e374c2a-394a-11ec-af44-d8c4975e38aa_jpg.rf.hm6dqeMEYAjBTbm6IZp3.jpg,0,0,0,0,1,0
musa-acuminata-rotten-ad496d9f-1d0a-11ec-94c5-d8c4975e38aa_jpg.rf.hmwVk6R35s94akgSNlLE.jpg,0,0,0,0,1,0
musa-acuminata-overripe-7d83ac7b-2653-11ec-b49d-d8c4975e38aa_jpg.rf.hqHKi5CxI2X5UDT6PMbo.jpg,0,0,1,0,0,0
musa-acuminata-rotten-b7344d0c-1d0a-11ec-9c90-d8c4975e38aa_jpg.rf.a7zh2JG5PD3ebaNfLy89.jpg,0,0,0,0,1,0
musa-acuminata-overripe-9e7b687b-1d0a-11ec-9c19-d8c4975e38aa_jpg.rf.aF1127bYsclU6eV82tQ5.jpg,0,0,1,0,1,0
musa-acuminata-banana-88575d7b-394a-11ec-8d53-d8c4975e38aa_jpg.rf.aG9S2N5qv4WGSICSEinC.jpg,0,0,0,1,1,0
musa-acuminata-unripe-5202f0b6-2653-11ec-90a5-d8c4975e38aa---Copy_jpg.rf.aHzFYRaherxSER2gN1qP.jpg,0,0,0,0,0,1
musa-acuminata-banana-8e8777b8-394a-11ec-9dba-d8c4975e38aa_jpg.rf.aKYdFfoIoNqX7h4NzxSF.jpg,0,0,1,0,1,0
musa-acuminata-rotten-8fbdf7c5-2653-11ec-be6a-d8c4975e38aa_jpg.rf.aLi0A1dvRhm29cJ2q65z.jpg,0,0,0,0,1,0
musa-acuminata-banana-b4b073f2-394a-11ec-8dcc-d8c4975e38aa_jpg.rf.aSAJUqmcY2RkVoIAmToq.jpg,1,0,0,0,0,0
musa-acuminata-mold-e17eb046-1d0a-11ec-a49d-d8c4975e38aa_jpg.rf.aYmK9IROKGHOslU5dSNa.jpg,0,0,0,1,1,0
musa-acuminata-ripe-6cc4e44b-2653-11ec-aa48-d8c4975e38aa_jpg.rf.aa6BbQ1wh8H4wqeW6Lod.jpg,0,0,0,1,0,0
musa-acuminata-mold-e35dc316-1d0a-11ec-a283-d8c4975e38aa_jpg.rf.iQvtFt4gJrMWEw9z6RbS.jpg,0,0,1,0,1,0
musa-acuminata-ripe-919d8410-1d0a-11ec-adb8-d8c4975e38aa_jpg.rf.ia4vj5ya7EXqV3aPmSuX.jpg,0,0,0,1,0,0
musa-acuminata-rotten-baca6ac5-1d0a-11ec-b86b-d8c4975e38aa_jpg.rf.iekz09VHUV2UMQdWX1S6.jpg,0,0,0,0,1,0
musa-acuminata-ripe-6b858377-2653-11ec-9d34-d8c4975e38aa_jpg.rf.ihIyAuCrtPEAUnKm7yGL.jpg,0,0,0,1,0,0
musa-acuminata-banana-c87afed5-394a-11ec-b90c-d8c4975e38aa_jpg.rf.iLyKK1fXriWtJ3mdq9du.jpg,1,0,0,0,0,0
musa-acuminata-unripe-57ae72fa-2653-11ec-abc5-d8c4975e38aa---Copy_jpg.rf.iiEl4IFZwMbYM7JSvKni.jpg,0,0,0,0,1,1
musa-acuminata-unripe-821a32ab-1d0a-11ec-a2e7-d8c4975e38aa-1-_jpg.rf.ZyV8TQK3EkkshHQ0f6j6.jpg,0,0,0,0,1,1
musa-acuminata-banana-8fbbc058-394a-11ec-8060-d8c4975e38aa_jpg.rf.acNUZsDcQ6l6akb5KpSj.jpg,0,0,0,0,1,0
musa-acuminata-overripe-9bfa44c4-1d0a-11ec-afc2-d8c4975e38aa_jpg.rf.ai0TV3HBGOVAtwXMs5bG.jpg,0,0,1,0,0,0
musa-acuminata-ripe-9208c528-1d0a-11ec-8b8c-d8c4975e38aa_jpg.rf.aSFaYNk0LGjiYCV0PgBQ.jpg,0,0,0,1,0,0
musa-acuminata-freshunripe-7464c9d3-1d0a-11ec-8fc3-d8c4975e38aa_jpg.rf.ag4DsLnDn0K68118eQQw.jpg,0,1,0,0,0,0
musa-acuminata-freshunripe-28676f17-2653-11ec-acb0-d8c4975e38aa_jpg.rf.bV2HwGZhxWw99fVx23j3.jpg,0,1,0,0,0,0
musa-acuminata-rotten-86c515a6-2653-11ec-bab0-d8c4975e38aa_jpg.rf.akc8rFfX2KPDKqc15fWX.jpg,0,0,0,0,1,0
musa-acuminata-freshripe-4c9c8e99-2653-11ec-a7f6-d8c4975e38aa_jpg.rf.bPDoSzYKMOjgHY10S0wk.jpg,1,0,0,0,0,0
musa-acuminata-rotten-a3578e11-1d0a-11ec-ad93-d8c4975e38aa_jpg.rf.av87NQVu9WeDPK4SKtEK.jpg,0,0,0,0,1,0
musa-acuminata-freshunripe-199f757f-2653-11ec-94fb-d8c4975e38aa_jpg.rf.dUGHcCxlITcq8u926n69.jpg,0,1,0,0,0,0
musa-acuminata-overripe-7d78e4ef-2653-11ec-b7da-d8c4975e38aa_jpg.rf.bD6jhdIZeWUIiGzJz9w2.jpg,0,0,1,0,1,0
musa-acuminata-unripe-5517da51-2653-11ec-b57a-d8c4975e38aa---Copy_jpg.rf.am3vHYOJAWaHihR6aAdj.jpg,0,0,0,0,1,1
musa-acuminata-rotten-bf7c441a-1d0a-11ec-8cf8-d8c4975e38aa_jpg.rf.dULebG8cXmB88V31PCXU.jpg,0,0,0,0,1,0
musa-acuminata-banana-c0d60715-4037-11ec-b509-94b86d66fd1d_jpg.rf.bC36AyEH58dh0qMXc1eD.jpg,1,0,0,1,0,0
musa-acuminata-banana-850992b2-394a-11ec-b811-d8c4975e38aa_jpg.rf.b2WW2IqD9mZugZL66Yyw.jpg,0,0,0,1,1,0
musa-acuminata-overripe-81024ef2-2653-11ec-b8ae-d8c4975e38aa_jpg.rf.dyZosFEZeai7u3z4KCsy.jpg,0,0,1,0,0,0
musa-acuminata-banana-8ac76342-394a-11ec-83b2-d8c4975e38aa_jpg.rf.gGdwVVeJYSll0Mn3NupV.jpg,0,0,1,0,1,0
musa-acuminata-freshripe-4a60893b-2653-11ec-9526-d8c4975e38aa_jpg.rf.dViTYHIYCjKH7pooUoxT.jpg,1,0,0,0,0,0
musa-acuminata-rotten-8118aab7-2653-11ec-8d7b-d8c4975e38aa_jpg.rf.eJi0LJZa2NJ9Zj1FvKpk.jpg,0,0,0,0,1,0
musa-acuminata-overripe-9bf7e211-1d0a-11ec-aef6-d8c4975e38aa_jpg.rf.eb4uPFoJPADDlxI5MdxH.jpg,0,0,1,0,0,0
musa-acuminata-banana-8f80a20d-394a-11ec-97a7-d8c4975e38aa_jpg.rf.eq1qvUR2FqzgN1M3J2vt.jpg,0,0,0,0,1,0
musa-acuminata-freshripe-4c14b3bb-2653-11ec-8891-d8c4975e38aa_jpg.rf.evzYXNC13aBD3jcJWtnk.jpg,1,0,0,0,0,0
musa-acuminata-overripe-7568b5ff-2653-11ec-a4c3-d8c4975e38aa_jpg.rf.fzG9r0UUWxSwzYQxzkdI.jpg,0,0,1,0,1,0
musa-acuminata-banana-a7f40809-394a-11ec-81b4-d8c4975e38aa_jpg.rf.fyn5jf3Z3ySvcUUUtXjh.jpg,0,0,1,0,0,0
musa-acuminata-banana-a3d0eb18-4037-11ec-8105-94b86d66fd1d_jpg.rf.gKQq9soJS0dAjaGT9KUb.jpg,1,0,0,0,0,0
musa-acuminata-unripe-80a66239-1d0a-11ec-9a6a-d8c4975e38aa_jpg.rf.gSl5Uc1BKGNVXpO1boE0.jpg,0,0,0,0,1,1
musa-acuminata-banana-aa4a8de8-394a-11ec-8504-d8c4975e38aa_jpg.rf.h4LvH7BgjYg4Z4k1woyJ.jpg,0,0,1,0,0,0
musa-acuminata-banana-a8e3aa32-394a-11ec-bd79-d8c4975e38aa_jpg.rf.hH7dApjaIb3RTG5wRq4G.jpg,0,0,1,0,1,0
musa-acuminata-overripe-8007f2d1-2653-11ec-a4c9-d8c4975e38aa_jpg.rf.hTKVJ7nVgc9e68vd1qki.jpg,0,0,1,0,1,0
musa-acuminata-banana-eb57457e-394a-11ec-934a-d8c4975e38aa_jpg.rf.hex1xLNUWZx6YdPJY09w.jpg,1,0,0,1,0,0
musa-acuminata-rotten-bdf63b94-1d0a-11ec-8cae-d8c4975e38aa_jpg.rf.iAlaNW5BCb3rDgeAujRI.jpg,0,0,0,0,1,0
musa-acuminata-overripe-7b987780-2653-11ec-a349-d8c4975e38aa_jpg.rf.htCjcW6UYVem72fZ6tWz.jpg,0,0,1,0,1,0
musa-acuminata-unripe-5e1fc54a-2653-11ec-a16c-d8c4975e38aa---Copy_jpg.rf.iHesV7yCMbqEfAOdNokf.jpg,0,0,0,0,0,1
musa-acuminata-ripe-92eb31f3-1d0a-11ec-ac2d-d8c4975e38aa_jpg.rf.iUDceBFFyT2l1ggDdPc1.jpg,0,0,0,1,0,0
musa-acuminata-ripe-6de2e704-2653-11ec-8998-d8c4975e38aa_jpg.rf.bd5m8jwsBzP3lkYlIfTc.jpg,0,0,0,1,1,0
musa-acuminata-banana-ca24aa99-394a-11ec-b25d-d8c4975e38aa_jpg.rf.cpv4zJ2JCUbg9fA6KUvE.jpg,0,0,0,1,0,0
musa-acuminata-unripe-8913ea80-1d0a-11ec-9921-d8c4975e38aa-1-_jpg.rf.6E70IqA829IcoLfXAFPI.jpg,0,0,0,0,0,1
musa-acuminata-freshripe-498a0723-2653-11ec-9861-d8c4975e38aa_jpg.rf.b0DaKzse2HLXNRp6Qlrk.jpg,1,0,0,0,0,0
musa-acuminata-banana-c5efc162-4037-11ec-b5e1-94b86d66fd1d_jpg.rf.bhGY4CIsrKuTfG0VRHg8.jpg,1,0,0,0,0,0
musa-acuminata-rotten-b2b94021-1d0a-11ec-9cb8-d8c4975e38aa_jpg.rf.6EuOUDVtDidjo9MCWhRi.jpg,0,0,0,0,1,0
musa-acuminata-freshunripe-1e565785-2653-11ec-a084-d8c4975e38aa_jpg.rf.dIBl0d13TpOBGOesiZ1G.jpg,0,1,0,0,0,0
musa-acuminata-ripe-7120568a-2653-11ec-8c13-d8c4975e38aa_jpg.rf.6Hwf446vxeA8LJgtQvrx.jpg,0,0,0,1,1,0
musa-acuminata-rotten-bb144d8d-1d0a-11ec-a341-d8c4975e38aa_jpg.rf.6ey25THW8kGcTxYqhbrg.jpg,0,0,0,0,1,0
musa-acuminata-rotten-8338fea9-2653-11ec-a390-d8c4975e38aa_jpg.rf.bcx3PcWu4JtSQHWJsEGU.jpg,0,0,0,0,1,0
musa-acuminata-unripe-82b610ce-1d0a-11ec-b58b-d8c4975e38aa-1-_jpg.rf.berxrztIIQ0gMD2nzw30.jpg,0,0,0,0,0,1
musa-acuminata-ripe-6c16e6fe-2653-11ec-962e-d8c4975e38aa_jpg.rf.6V0auS0LH8GaUmDPpfOX.jpg,0,0,0,1,0,0
musa-acuminata-rotten-8e82dd51-2653-11ec-83c1-d8c4975e38aa_jpg.rf.6Y9c47Lglrf2I6odeHSy.jpg,0,0,0,0,1,0
musa-acuminata-overripe-9ef9bd1f-1d0a-11ec-92de-d8c4975e38aa_jpg.rf.akLmeB2aSQ1GoVyLk8zr.jpg,0,0,1,0,1,0
musa-acuminata-banana-aa0fe496-394a-11ec-9299-d8c4975e38aa_jpg.rf.6azbPGo9eimEpUnuazYk.jpg,0,0,1,0,1,0
musa-acuminata-banana-b37fd5b7-394a-11ec-8851-d8c4975e38aa_jpg.rf.6FX1FLwNWKquorc7l4O7.jpg,1,0,0,0,0,0
musa-acuminata-ripe-6ae370d6-2653-11ec-8819-d8c4975e38aa_jpg.rf.blaMsXtLXSHLd4qaGbcd.jpg,0,0,0,1,0,0
musa-acuminata-banana-ab3d99c2-394a-11ec-b01a-d8c4975e38aa_jpg.rf.bSdDExYyD77EmYTvwoWi.jpg,0,0,1,0,1,0
musa-acuminata-banana-eac93e59-394a-11ec-b8e1-d8c4975e38aa_jpg.rf.ceQnSJ4IscMeShBTI97T.jpg,0,0,0,1,0,0
musa-acuminata-banana-c65cd78a-394a-11ec-982a-d8c4975e38aa_jpg.rf.d6C6R33q544auc8helWc.jpg,0,0,0,1,0,0
musa-acuminata-ripe-6f545651-2653-11ec-8d56-d8c4975e38aa_jpg.rf.6eTUxo9Kl7tonZedCJ9R.jpg,0,0,0,1,1,0
musa-acuminata-ripe-9164518f-1d0a-11ec-96ca-d8c4975e38aa_jpg.rf.btxvj8hyDZgdzNgFRZX8.jpg,0,0,0,1,0,0
musa-acuminata-overripe-a0d66a02-1d0a-11ec-8666-d8c4975e38aa_jpg.rf.79oKREQIhdhy9Xwf65Vb.jpg,0,0,1,0,0,0
musa-acuminata-banana-b67cd1f0-394a-11ec-b0e5-d8c4975e38aa_jpg.rf.78P9Is7spUQQnjpanXUf.jpg,1,0,0,1,1,0
musa-acuminata-freshunripe-3876d585-2653-11ec-83fa-d8c4975e38aa_jpg.rf.76GrHJnVACjnmXnwqBf2.jpg,0,1,0,0,0,0
musa-acuminata-banana-b2263100-394a-11ec-bf02-d8c4975e38aa_jpg.rf.6oudBTX6c5C5IReBCGb4.jpg,0,0,0,1,0,0
musa-acuminata-banana-c3c3ceab-394a-11ec-9b7d-d8c4975e38aa_jpg.rf.7EhyCIwQUoGYz7wopibY.jpg,1,0,0,1,0,0
musa-acuminata-banana-983b7a37-394a-11ec-9318-d8c4975e38aa_jpg.rf.89cXsmE3sQOsMrb7AWCW.jpg,0,0,1,0,0,0
musa-acuminata-freshunripe-7114415a-1d0a-11ec-9eee-d8c4975e38aa_jpg.rf.89iKh0KOF1InhiMAL3DH.jpg,0,1,0,0,0,0
musa-acuminata-freshunripe-254b5ef2-2653-11ec-9820-d8c4975e38aa_jpg.rf.7JS8zeeOBqHftkTZ83Ex.jpg,0,1,0,0,0,0
musa-acuminata-freshunripe-676c99fa-1d0a-11ec-884a-d8c4975e38aa_jpg.rf.bX61JK0I4FxzIYXcemUV.jpg,0,1,0,0,0,0
musa-acuminata-overripe-7d9cf28d-2653-11ec-bb7e-d8c4975e38aa_jpg.rf.7PvH4pWMe8Y6C3LoQlWd.jpg,0,0,1,0,1,0
musa-acuminata-ripe-93cb3ccd-1d0a-11ec-ac5e-d8c4975e38aa_jpg.rf.7f6LDTfJz6sKAVJfLeaQ.jpg,0,0,0,1,0,0
musa-acuminata-unripe-882f1b99-1d0a-11ec-85f4-d8c4975e38aa-1-_jpg.rf.7jEnU8AOKz7bZP3htwHD.jpg,0,0,0,0,1,1
musa-acuminata-ripe-98709318-1d0a-11ec-a7a0-d8c4975e38aa_jpg.rf.7jXxmHWoCLozGC5dnn9u.jpg,0,0,0,1,1,0
musa-acuminata-rotten-a1e61fc7-1d0a-11ec-a3c2-d8c4975e38aa_jpg.rf.7m6lVflv8bmBTl4er6xv.jpg,0,0,0,0,1,0
musa-acuminata-rotten-beb21457-1d0a-11ec-9246-d8c4975e38aa_jpg.rf.6wcDDltLs9qYKZccHZyu.jpg,0,0,0,0,1,0
musa-acuminata-overripe-a05f3f72-1d0a-11ec-8b01-d8c4975e38aa_jpg.rf.88DfpbmOf47aOB1RtsBE.jpg,0,0,1,0,1,0
musa-acuminata-ripe-95011531-1d0a-11ec-8c78-d8c4975e38aa_jpg.rf.7w1qtfncFNrDuY5cBx9j.jpg,0,0,0,1,0,0
musa-acuminata-rotten-8167d105-2653-11ec-bd38-d8c4975e38aa_jpg.rf.7yjZP5FBMC2t2Gfq2IKF.jpg,0,0,0,0,1,0
musa-acuminata-rotten-89e793ab-2653-11ec-8e3c-d8c4975e38aa_jpg.rf.crRikaEqyi2VJ3vtDK91.jpg,0,0,0,0,1,0
musa-acuminata-banana-8d1f09f1-394a-11ec-b67c-d8c4975e38aa_jpg.rf.c8MIqcK8v0y4rSzg7nQJ.jpg,0,0,0,0,1,0
musa-acuminata-unripe-88874b59-1d0a-11ec-a6e7-d8c4975e38aa-1-_jpg.rf.8Aj1VdFV7ylQDz6CD1G1.jpg,0,0,0,0,0,1
musa-acuminata-mold-e4402e82-1d0a-11ec-b9d8-d8c4975e38aa_jpg.rf.8Cr4MmJONxUbeGsxpwUg.jpg,0,0,1,0,0,0
musa-acuminata-freshripe-50d6a152-2653-11ec-a8e5-d8c4975e38aa_jpg.rf.1CPvkpWfX4RjluJGRR0G.jpg,1,0,0,0,0,0
musa-acuminata-ripe-926f41c3-1d0a-11ec-a213-d8c4975e38aa_jpg.rf.1HQt11bAKE9qSw2RjCm6.jpg,0,0,0,1,0,0
musa-acuminata-ripe-6b1a426e-2653-11ec-89b3-d8c4975e38aa_jpg.rf.8SkQTGKCGxJbRxKKkXId.jpg,0,0,0,1,0,0
musa-acuminata-banana-c5d0998c-394a-11ec-b05a-d8c4975e38aa_jpg.rf.dHsZ5vwHI6qPXvDv8opJ.jpg,1,0,0,1,0,0
musa-acuminata-banana-fb7d945e-394a-11ec-8335-d8c4975e38aa_jpg.rf.1CGIi74HAXfkSVG5Ziq5.jpg,0,0,0,1,0,0
musa-acuminata-banana-acc4f6fd-394a-11ec-8014-d8c4975e38aa_jpg.rf.1L5nXP7VtMhWFoy4T20j.jpg,0,0,1,1,1,0
musa-acuminata-banana-ab4506d2-394a-11ec-b7c1-d8c4975e38aa_jpg.rf.1QZ24nFkhjVORSmJIp8f.jpg,0,0,1,0,1,0
musa-acuminata-unripe-5dcebc30-2653-11ec-908b-d8c4975e38aa---Copy_jpg.rf.1N9EzWazpHPCyKTGzLcH.jpg,0,0,0,0,0,1
musa-acuminata-mold-e2e434c7-1d0a-11ec-b6fb-d8c4975e38aa_jpg.rf.1OFUuTQacZjvyMJCqrD2.jpg,0,0,1,0,0,0
musa-acuminata-ripe-72b0bf58-2653-11ec-acc1-d8c4975e38aa_jpg.rf.1RXDy4b3tFOma0rVaumC.jpg,0,0,0,0,1,0
musa-acuminata-banana-a33a99df-394a-11ec-8a38-d8c4975e38aa_jpg.rf.1V9cdfBsBlOdTdd2SujO.jpg,0,0,0,1,1,0
musa-acuminata-freshunripe-209055dd-2653-11ec-a69d-d8c4975e38aa_jpg.rf.1g55F7Wbf2ZB0Kwt5nTh.jpg,0,1,0,0,0,0
musa-acuminata-freshripe-504a022d-2653-11ec-8873-d8c4975e38aa_jpg.rf.1RMalGCNTx9Tddtu6hgV.jpg,1,0,0,0,0,0
musa-acuminata-banana-ab00f8e7-394a-11ec-90c8-d8c4975e38aa_jpg.rf.1VZPkBGdhUuE5igZU0xt.jpg,0,0,1,1,1,0
musa-acuminata-unripe-8aca7751-1d0a-11ec-928d-d8c4975e38aa-1-_jpg.rf.8MwhkvrB2MnJif7vQDzV.jpg,0,0,0,0,0,1
musa-acuminata-overripe-a10f9e1d-1d0a-11ec-ab37-d8c4975e38aa_jpg.rf.1eJ2SwVdeDkZp1WjBzQj.jpg,0,0,1,0,0,0
musa-acuminata-ripe-7247e065-2653-11ec-b445-d8c4975e38aa_jpg.rf.1ngGYphShk1zTixseDA7.jpg,0,0,0,1,1,0
musa-acuminata-overripe-7654aa34-2653-11ec-92ec-d8c4975e38aa_jpg.rf.1tlGEd52eBs1phgwJkam.jpg,0,0,1,0,0,0
musa-acuminata-unripe-891fd56c-1d0a-11ec-aab8-d8c4975e38aa-1-_jpg.rf.1yymoGMUQ3O2PUcYcKFO.jpg,0,0,0,0,0,1
musa-acuminata-overripe-a04e8f14-1d0a-11ec-a090-d8c4975e38aa_jpg.rf.1uCpUIvceOPLp2qhCvW3.jpg,0,0,1,0,1,0
musa-acuminata-mold-e22324f9-1d0a-11ec-a11d-d8c4975e38aa_jpg.rf.2KfqKJqsCzuloXjmkpnN.jpg,0,0,1,0,1,0
musa-acuminata-ripe-6be01573-2653-11ec-97b1-d8c4975e38aa_jpg.rf.2P4mEQL7KVXpKSh8ch39.jpg,0,0,0,1,0,0
musa-acuminata-banana-f1603b00-394a-11ec-bb62-d8c4975e38aa_jpg.rf.2OAS65iGWDxs3F9dRNUe.jpg,1,0,0,1,0,0
musa-acuminata-banana-9f8bacf1-394a-11ec-a1a2-d8c4975e38aa_jpg.rf.1WKyPffUvHOpIHSEFHpe.jpg,0,0,0,0,1,0
musa-acuminata-banana-f9ee4884-394a-11ec-9001-d8c4975e38aa_jpg.rf.1XAcStVd3J89SwGq94j1.jpg,0,0,0,1,0,0
musa-acuminata-rotten-a9f67c76-1d0a-11ec-9b98-d8c4975e38aa_jpg.rf.2R2YJ6IjdMblLK6xYoC9.jpg,0,0,0,0,1,0
musa-acuminata-freshunripe-74e14153-1d0a-11ec-a89a-d8c4975e38aa_jpg.rf.2Y86vQrZJHXLmTtZ4npK.jpg,0,0,0,0,0,1
musa-acuminata-overripe-808deb30-2653-11ec-9699-d8c4975e38aa_jpg.rf.2R7hFHN5X2M76vbWLpCw.jpg,0,0,1,0,0,0
musa-acuminata-banana-e93fe10b-394a-11ec-ac30-d8c4975e38aa_jpg.rf.2LEmRYanhj3xAnZ2IHVV.jpg,1,0,0,1,0,0
musa-acuminata-freshunripe-3184cd52-2653-11ec-8d25-d8c4975e38aa_jpg.rf.2SQj1l6HYO6fbjGDzNFq.jpg,0,1,0,0,0,0
musa-acuminata-unripe-8ad66242-1d0a-11ec-9148-d8c4975e38aa-1-_jpg.rf.2KPKWfgpKnOuhNevXUPe.jpg,0,0,0,0,0,1
musa-acuminata-banana-c7e133af-394a-11ec-a8dd-d8c4975e38aa_jpg.rf.2YLFvQrlIL3w4jxftDoS.jpg,0,0,0,1,0,0
musa-acuminata-rotten-8acd8914-2653-11ec-b5ae-d8c4975e38aa_jpg.rf.PZ3SVaedgBFpeHTtRS3d.jpg,0,0,0,0,1,0
musa-acuminata-freshripe-78d80b35-1d0a-11ec-a0b8-d8c4975e38aa_jpg.rf.2Tamy4SarUcmkmaWIbSG.jpg,1,0,0,0,0,0
musa-acuminata-ripe-9b36d378-1d0a-11ec-bb25-d8c4975e38aa_jpg.rf.OxIuV2jh4tTUQTWLT3t8.jpg,0,0,0,1,1,0
musa-acuminata-freshunripe-34bd78e0-2653-11ec-acf9-d8c4975e38aa_jpg.rf.OowBCZgQEzVHcR29JwGy.jpg,0,1,0,0,0,0
musa-acuminata-banana-a9d99b0d-394a-11ec-b115-d8c4975e38aa_jpg.rf.OxyS77XLrJnEnQZGpJxa.jpg,0,0,1,0,1,0
musa-acuminata-freshripe-79cad6bf-1d0a-11ec-b42c-d8c4975e38aa_jpg.rf.OrEjlOTAU4fGHbbzzCSF.jpg,1,0,0,0,0,0
musa-acuminata-banana-c4805c5e-394a-11ec-bf62-d8c4975e38aa_jpg.rf.OzrzBf1HoeeE6t7FNBYG.jpg,0,0,0,1,0,0
musa-acuminata-unripe-83259a84-1d0a-11ec-96fe-d8c4975e38aa-1-_jpg.rf.PfjJRigGG5lmAOijBhU5.jpg,0,0,0,0,1,1
musa-acuminata-banana-cad89003-4037-11ec-b604-94b86d66fd1d_jpg.rf.Oy2UCKqe1frt0c8liPzR.jpg,0,0,0,1,0,0
musa-acuminata-mold-e55bcf59-1d0a-11ec-84c4-d8c4975e38aa_jpg.rf.PBGl29pKlwWMfR9JwqPe.jpg,0,0,1,0,1,0
musa-acuminata-freshripe-7c35287e-1d0a-11ec-b02f-d8c4975e38aa_jpg.rf.PHxVekP34dawNWakCgr1.jpg,1,0,0,0,0,0
musa-acuminata-mold-e2b94cc6-1d0a-11ec-9544-d8c4975e38aa_jpg.rf.P3uAfwlChrhsqM7V43bF.jpg,0,0,1,0,1,0
musa-acuminata-banana-b0b1e219-394a-11ec-82e8-d8c4975e38aa_jpg.rf.PUwv7OZYjjGmPssfXy1X.jpg,1,0,0,0,0,0
musa-acuminata-overripe-9d112090-1d0a-11ec-abbf-d8c4975e38aa_jpg.rf.PWIyNgqKGLptpRIfQ0nL.jpg,0,0,1,0,0,0
musa-acuminata-banana-ffd5beba-394a-11ec-9462-d8c4975e38aa_jpg.rf.PbzhBtN42vzCVsOKthf0.jpg,1,0,0,1,0,0
musa-acuminata-rotten-a4b5eb0f-1d0a-11ec-b1a9-d8c4975e38aa_jpg.rf.PtmccVsng3aAKJi5Bnvh.jpg,0,0,0,0,1,0
musa-acuminata-ripe-96d43d02-1d0a-11ec-a0de-d8c4975e38aa_jpg.rf.PnYT7YmoytA5uWpMpsis.jpg,0,0,0,1,1,0
musa-acuminata-ripe-938159d3-1d0a-11ec-9d7d-d8c4975e38aa_jpg.rf.PlBvVhz9lalMNceN120b.jpg,0,0,0,1,0,0
musa-acuminata-ripe-73f4e487-2653-11ec-b6c8-d8c4975e38aa_jpg.rf.Piw5xLgEpGr6L563f7K5.jpg,0,0,0,0,1,0
musa-acuminata-rotten-a2f837f7-1d0a-11ec-9839-d8c4975e38aa_jpg.rf.Q1aHQba3wHj7L4Gk9HMh.jpg,0,0,0,0,1,0
musa-acuminata-freshripe-79e41094-1d0a-11ec-897d-d8c4975e38aa_jpg.rf.Q8ivm7O4V8ogq9uuza5H.jpg,1,0,0,0,0,0
musa-acuminata-rotten-8f561273-2653-11ec-b59b-d8c4975e38aa_jpg.rf.QaOorekeKQanHHYu4xEq.jpg,0,0,0,0,1,0
musa-acuminata-rotten-ab312869-1d0a-11ec-9630-d8c4975e38aa_jpg.rf.PuNvJnFMKYx5im06BnEx.jpg,0,0,0,0,1,0
musa-acuminata-banana-e80995ad-394a-11ec-8556-d8c4975e38aa_jpg.rf.Pni5FQW5Xkc2lT4OuSAX.jpg,0,0,0,1,0,0
musa-acuminata-banana-97936e13-394a-11ec-ae55-d8c4975e38aa_jpg.rf.Q7qMjevs6xmmsc7qlqhW.jpg,0,0,0,1,1,0
musa-acuminata-banana-eb4f3d03-394a-11ec-aef4-d8c4975e38aa_jpg.rf.QMiB12yho9R2Bcqbq9qn.jpg,1,0,0,1,0,0
musa-acuminata-banana-a7a4eb6e-4037-11ec-842d-94b86d66fd1d_jpg.rf.QFUChHLbJHmt0liTe3Ri.jpg,1,0,0,0,0,0
musa-acuminata-rotten-b81e0b2a-1d0a-11ec-bb29-d8c4975e38aa_jpg.rf.Qe7E6A54UzxpX8HpMOxm.jpg,0,0,0,0,1,0
musa-acuminata-freshunripe-6538d757-1d0a-11ec-b220-d8c4975e38aa_jpg.rf.wHt3a92REXZrPEDaOojJ.jpg,0,1,0,0,0,0
musa-acuminata-banana-8b6a08e8-394a-11ec-9442-d8c4975e38aa_jpg.rf.QCt51n0Sr3G3Fw6dd5Pb.jpg,0,0,0,0,1,0
musa-acuminata-mold-e3248de6-1d0a-11ec-9fca-d8c4975e38aa_jpg.rf.QQQX7rtNSTPBc2VrUFmD.jpg,0,0,1,0,1,0
musa-acuminata-banana-ed5e02b0-394a-11ec-81f7-d8c4975e38aa_jpg.rf.QKIj1irbf4GvzqBMhHQD.jpg,0,0,0,1,0,0
musa-acuminata-freshripe-48d2811a-2653-11ec-9ed7-d8c4975e38aa_jpg.rf.wfauWAsPeTf4FClJbkLT.jpg,1,0,0,0,0,0
musa-acuminata-banana-a1825b1d-394a-11ec-bf80-d8c4975e38aa_jpg.rf.wvHX48chy46FcVfyHGj6.jpg,0,0,1,0,0,0
musa-acuminata-banana-9ceda696-394a-11ec-b992-d8c4975e38aa_jpg.rf.wIZuMRhPtEsHxEIHUg9a.jpg,0,0,1,0,1,0
musa-acuminata-ripe-6baba5df-2653-11ec-8d0b-d8c4975e38aa_jpg.rf.wc7MgAYsx5xJM46Wcof2.jpg,0,0,0,1,0,0
musa-acuminata-unripe-90da146b-1d0a-11ec-ad0f-d8c4975e38aa-1-_jpg.rf.wbRpEhZft04oFTv3wNWB.jpg,0,0,0,0,0,1
musa-acuminata-unripe-62cc40ca-2653-11ec-8604-d8c4975e38aa_jpg.rf.weBQ2iGH6GWcMYgU9oik.jpg,0,0,0,0,1,1
musa-acuminata-banana-a6b61663-394a-11ec-9aa8-d8c4975e38aa_jpg.rf.wbva0Q2P2IsRQPT0VDLJ.jpg,0,0,1,0,1,0
musa-acuminata-overripe-9e259aba-1d0a-11ec-9681-d8c4975e38aa_jpg.rf.wPOJCjrzzvnNwgFbkTRF.jpg,0,0,1,0,0,0
musa-acuminata-banana-a7fe08ec-394a-11ec-ba8f-d8c4975e38aa_jpg.rf.wX7MEUYaHMowQ51ZmJDt.jpg,0,0,1,0,0,0
musa-acuminata-ripe-92b6c27f-1d0a-11ec-95b4-d8c4975e38aa_jpg.rf.wQTV2vh7pQqYn9sssrFn.jpg,0,0,0,1,0,0
musa-acuminata-freshunripe-6ed8e357-1d0a-11ec-9fe6-d8c4975e38aa_jpg.rf.xpCiAM0CShe7BInYDZui.jpg,0,1,0,0,0,0
musa-acuminata-banana-e5b3689a-394a-11ec-998d-d8c4975e38aa_jpg.rf.xqVqbrhCILwN3XRjW9Xf.jpg,1,0,0,0,0,0
musa-acuminata-unripe-8510ab79-1d0a-11ec-94a6-d8c4975e38aa-1-_jpg.rf.xqutbusXqlAudpg1bFuG.jpg,0,0,0,0,1,1
musa-acuminata-freshunripe-7750b9ee-1d0a-11ec-8e32-d8c4975e38aa_jpg.rf.xrF63tt07j52YsuMB7pJ.jpg,0,0,0,0,0,1
musa-acuminata-freshunripe-74bb36e4-1d0a-11ec-8c70-d8c4975e38aa_jpg.rf.wwkZj82ZR7ROR84LDk9p.jpg,0,0,0,0,0,1
musa-acuminata-banana-ff11beeb-394a-11ec-b280-d8c4975e38aa_jpg.rf.wvaUAsIBU7hXq2KksIQK.jpg,1,0,0,1,0,0
musa-acuminata-freshunripe-2e2d27a9-2653-11ec-bb49-d8c4975e38aa_jpg.rf.wjow089GvmBCnCVKjpG9.jpg,0,1,0,0,0,0
musa-acuminata-ripe-70d41023-2653-11ec-945c-d8c4975e38aa_jpg.rf.x03Imx0mJtMmMaiOPpL0.jpg,0,0,0,0,1,0
musa-acuminata-banana-b17977ac-394a-11ec-9724-d8c4975e38aa_jpg.rf.x0W5H7Ul0dS6SrtYLCLG.jpg,1,0,0,0,0,0
musa-acuminata-freshunripe-1ce6e391-2653-11ec-9e64-d8c4975e38aa_jpg.rf.xAt1slqq2JPKHD9MLBTh.jpg,0,1,0,0,0,0
musa-acuminata-ripe-99f2ae3c-1d0a-11ec-b746-d8c4975e38aa_jpg.rf.x3R5AWoEVD67DbnkAcFA.jpg,0,0,0,1,1,0
musa-acuminata-unripe-8ab9c840-1d0a-11ec-9a3f-d8c4975e38aa-1-_jpg.rf.xQic5afdT2QaYxWEMgRw.jpg,0,0,0,0,0,1
musa-acuminata-freshunripe-7120e889-1d0a-11ec-9032-d8c4975e38aa_jpg.rf.x660QPg30SwBuBGm2Dss.jpg,0,1,0,0,0,0
musa-acuminata-banana-c2efb6be-394a-11ec-83d2-d8c4975e38aa_jpg.rf.xXFl6EmAmdcyA1QY7Uy8.jpg,0,0,0,1,0,0
musa-acuminata-banana-e80811da-394a-11ec-8c71-d8c4975e38aa_jpg.rf.xJwVUW3GuvarWrDem0Rj.jpg,0,0,0,1,0,0
musa-acuminata-banana-e77c636c-394a-11ec-802c-d8c4975e38aa_jpg.rf.xWEiSePcogd0w63Ux3CD.jpg,0,0,0,1,0,0
musa-acuminata-overripe-7502382a-2653-11ec-b4e5-d8c4975e38aa_jpg.rf.xWceZzA2z7wvRDgRDuln.jpg,0,0,1,0,0,0
musa-acuminata-freshripe-7a15b971-1d0a-11ec-8008-d8c4975e38aa_jpg.rf.xf3WGqqvfIz5WmI9zBcn.jpg,1,0,0,0,0,0
musa-acuminata-rotten-8754ce30-2653-11ec-9d6a-d8c4975e38aa_jpg.rf.xN9ZvdaRWZxNS8zZsG22.jpg,0,0,0,0,1,0
musa-acuminata-overripe-7bf6011d-2653-11ec-ae4d-d8c4975e38aa_jpg.rf.ubr5E0BMoYf7v0gbvEYh.jpg,0,0,1,0,1,0
musa-acuminata-unripe-847a812b-1d0a-11ec-9b94-d8c4975e38aa-1-_jpg.rf.udHu6G973rvaPdWREj80.jpg,0,0,0,0,1,1
musa-acuminata-freshripe-442acb3b-2653-11ec-a185-d8c4975e38aa_jpg.rf.ufgJgBFaW3O5Vs12i3Fk.jpg,1,0,0,0,0,0
musa-acuminata-rotten-b5f2c3a9-1d0a-11ec-a486-d8c4975e38aa_jpg.rf.ug7DZBzaOdzUccke8S8w.jpg,0,0,0,0,1,0
musa-acuminata-overripe-7c6400b2-2653-11ec-9f25-d8c4975e38aa_jpg.rf.umbHq02xoS4b9SUhLLFx.jpg,0,0,1,0,0,0
musa-acuminata-banana-b49d5aea-394a-11ec-aca0-d8c4975e38aa_jpg.rf.upV4yEGczhr2ODpSnEKb.jpg,1,0,0,0,0,0
musa-acuminata-banana-cb52be28-4037-11ec-9158-94b86d66fd1d_jpg.rf.uzAQQjSo0VvrM4rrucpo.jpg,0,0,0,1,0,0
musa-acuminata-ripe-711b90f4-2653-11ec-80a3-d8c4975e38aa_jpg.rf.uzuRpDZnuXLpS0CSOif5.jpg,0,0,0,1,1,0
musa-acuminata-banana-b4f1c7bd-394a-11ec-b4ff-d8c4975e38aa_jpg.rf.v6hYreaNOYmjFa6pMU9O.jpg,0,0,0,1,0,0
musa-acuminata-unripe-85156d5b-1d0a-11ec-a0a9-d8c4975e38aa-1-_jpg.rf.v9aZa7jf5tJW7bWr3plo.jpg,0,0,0,0,1,1
musa-acuminata-overripe-a1bffd46-1d0a-11ec-ac12-d8c4975e38aa_jpg.rf.vSaCtXFZvXDoIo9rZrZV.jpg,0,0,1,0,0,0
musa-acuminata-banana-8a33ea18-394a-11ec-afa0-d8c4975e38aa_jpg.rf.vSjMe6apTFlikJeZlKxw.jpg,0,0,0,0,1,0
musa-acuminata-freshripe-789d5446-1d0a-11ec-a1e1-d8c4975e38aa_jpg.rf.vTgLzPRlXYvQd0ciRV7P.jpg,1,0,0,0,0,0
musa-acuminata-ripe-972a0a8f-1d0a-11ec-be6f-d8c4975e38aa_jpg.rf.uSd9wAbYCrvLhb2FW71b.jpg,0,0,0,1,1,0
musa-acuminata-rotten-8ca03e6c-2653-11ec-b99c-d8c4975e38aa_jpg.rf.uLfjHm0Pfz1sXXrWO6tl.jpg,0,0,0,0,1,0
musa-acuminata-rotten-b0b1d796-1d0a-11ec-86d0-d8c4975e38aa_jpg.rf.uMDdTP0knuot7n40Qi00.jpg,0,0,0,0,1,0
musa-acuminata-freshunripe-6ac5b39b-1d0a-11ec-8493-d8c4975e38aa_jpg.rf.uLnb7ZdwIVdmqVc0WVy8.jpg,0,1,0,0,0,0
musa-acuminata-banana-ac92bb08-394a-11ec-9ca6-d8c4975e38aa_jpg.rf.uPPB48mjqSHX8fVkcAWZ.jpg,0,0,1,1,1,0
musa-acuminata-mold-e3222bac-1d0a-11ec-88e1-d8c4975e38aa_jpg.rf.uXWhymew1mHx2xWZSNts.jpg,0,0,1,0,0,0
musa-acuminata-overripe-9db0d113-1d0a-11ec-910e-d8c4975e38aa_jpg.rf.vwpULwcOWnaxmlK7hF5s.jpg,0,0,1,0,1,0
musa-acuminata-banana-aa50ebb6-394a-11ec-992f-d8c4975e38aa_jpg.rf.wBwpLR9xq6fOXDqG2rNI.jpg,0,0,1,0,0,0
musa-acuminata-banana-a7abc731-394a-11ec-9972-d8c4975e38aa_jpg.rf.wDb3JmscxzdPtgCOpLOg.jpg,0,0,1,0,0,0
musa-acuminata-rotten-a2eeaf25-1d0a-11ec-8612-d8c4975e38aa_jpg.rf.wEPZbyrgm7MFUuVCRsyg.jpg,0,0,0,0,1,0
musa-acuminata-unripe-55072c7e-2653-11ec-b486-d8c4975e38aa---Copy_jpg.rf.wGOV84BO4W1MxtQIALhH.jpg,0,0,0,0,0,1
musa-acuminata-banana-f1084fe7-394a-11ec-a774-d8c4975e38aa_jpg.rf.mLPuLzYltunoqQ9Jmn5x.jpg,1,0,0,1,0,0
musa-acuminata-mold-e412e57f-1d0a-11ec-a6ae-d8c4975e38aa_jpg.rf.mNIMQYOml58ZjOfJj07j.jpg,0,0,1,0,1,0
musa-acuminata-banana-afde9623-394a-11ec-a314-d8c4975e38aa_jpg.rf.mP9fln7d1kRrQcKDWSM3.jpg,1,0,0,0,0,0
musa-acuminata-ripe-6b9d58f8-2653-11ec-99a8-d8c4975e38aa_jpg.rf.mQD56TKeXEtGKYwyd6uH.jpg,0,0,0,1,0,0
musa-acuminata-banana-c7e98525-4037-11ec-bddd-94b86d66fd1d_jpg.rf.mRIMgV3SlB0FlSpRX3Rj.jpg,0,0,0,1,0,0
musa-acuminata-rotten-8dd01ba8-2653-11ec-a38a-d8c4975e38aa_jpg.rf.mT5FXODFIu0aHj8gTMp3.jpg,0,0,0,0,1,0
musa-acuminata-banana-c524e302-394a-11ec-84ab-d8c4975e38aa_jpg.rf.mZjhJlfJypUuDNKLAXQ4.jpg,1,0,0,1,0,0
musa-acuminata-overripe-a0cce151-1d0a-11ec-af0c-d8c4975e38aa_jpg.rf.mapyITfpVbOK8T7OrAcO.jpg,0,0,1,0,0,0
musa-acuminata-unripe-841b19b8-1d0a-11ec-ace9-d8c4975e38aa-1-_jpg.rf.mkQxYJzOWYyGHU6Dre9J.jpg,0,0,0,0,1,1
musa-acuminata-banana-aa194ac4-394a-11ec-b43b-d8c4975e38aa_jpg.rf.mks4IhfrsTGl7R8NmWDO.jpg,0,0,1,0,1,0
musa-acuminata-ripe-92019ea4-1d0a-11ec-a496-d8c4975e38aa_jpg.rf.momPX5XlVgaigYdwfThe.jpg,0,0,0,1,0,0
musa-acuminata-banana-a95e4a80-394a-11ec-b3ef-d8c4975e38aa_jpg.rf.vZO2T3I63icy7FOr3VQJ.jpg,0,0,0,0,1,0
musa-acuminata-mold-e5976800-1d0a-11ec-a564-d8c4975e38aa_jpg.rf.vnbZZ11fSdPFAQKaKwqd.jpg,0,0,1,0,1,0
musa-acuminata-banana-d33b9eb3-394a-11ec-9acc-d8c4975e38aa_jpg.rf.vVonwClLjyw4JPQv7MNJ.jpg,1,0,0,1,0,0
musa-acuminata-ripe-6f3094bf-2653-11ec-b816-d8c4975e38aa_jpg.rf.vrj8EpbrNqBw9nqI06mI.jpg,0,0,0,1,1,0
musa-acuminata-rotten-b6d8a71b-1d0a-11ec-afe9-d8c4975e38aa_jpg.rf.n6Ct9QfUFb1BazLGKhTJ.jpg,0,0,0,0,1,0
musa-acuminata-freshunripe-68d19211-1d0a-11ec-a19f-d8c4975e38aa_jpg.rf.nFk0TIzpWoJKf5BohlEA.jpg,0,1,0,0,0,0
musa-acuminata-banana-84b8c94d-394a-11ec-aac2-d8c4975e38aa_jpg.rf.nGPpC5U1HW2wt48cNTA1.jpg,0,0,1,0,0,0
musa-acuminata-banana-8d89b9d0-394a-11ec-a3f0-d8c4975e38aa_jpg.rf.nLTFH6FGRT9gr1pzU6eB.jpg,0,0,1,0,0,0
musa-acuminata-freshunripe-6de251aa-1d0a-11ec-b928-d8c4975e38aa_jpg.rf.nOL7aQJSsGfhsDKYd8H9.jpg,0,1,0,0,0,0
musa-acuminata-ripe-931d3f49-1d0a-11ec-866c-d8c4975e38aa_jpg.rf.nOYY96fiRr0vSOVhJy06.jpg,0,0,0,1,0,0
musa-acuminata-ripe-6d812ea5-2653-11ec-9982-d8c4975e38aa_jpg.rf.naXSJLHX8zd0OsjukYjd.jpg,0,0,0,1,0,0
musa-acuminata-unripe-5fb4f3d0-2653-11ec-9c0a-d8c4975e38aa---Copy_jpg.rf.nb5vTwjl5YP3SmPQsKxk.jpg,0,0,0,0,0,1
musa-acuminata-rotten-a35c5275-1d0a-11ec-8baa-d8c4975e38aa_jpg.rf.nbOmmVTp31TvMwpwY9EP.jpg,0,0,0,0,1,0
musa-acuminata-banana-e48e4f37-394a-11ec-885c-d8c4975e38aa_jpg.rf.ncQ9TE92DVTMwf5etJ0J.jpg,0,0,0,1,0,0
musa-acuminata-freshunripe-2980ad86-2653-11ec-ad58-d8c4975e38aa_jpg.rf.ncubHdcroc0OIUVUbFJo.jpg,0,1,0,0,0,0
musa-acuminata-freshunripe-34cbc552-2653-11ec-97f0-d8c4975e38aa_jpg.rf.nkekeyQCXzxMyA27mdu9.jpg,0,1,0,0,0,0
musa-acuminata-freshripe-7a90a74e-1d0a-11ec-99cf-d8c4975e38aa_jpg.rf.nqonsjWEaFdbICOeAz6d.jpg,1,0,0,0,0,0
musa-acuminata-banana-8ac1d9a1-394a-11ec-a5bc-d8c4975e38aa_jpg.rf.ntA6nElEIPAxyG7ohEi4.jpg,0,0,1,0,1,0
musa-acuminata-ripe-6c7fc5c1-2653-11ec-8eb6-d8c4975e38aa_jpg.rf.vwYT8c06pEVpS7rxitdV.jpg,0,0,0,1,0,0
musa-acuminata-banana-d4c5f8f2-4037-11ec-b0b5-94b86d66fd1d_jpg.rf.mrByUMNTWjwP7PiRBZX1.jpg,1,0,0,0,0,0
musa-acuminata-banana-91ffaed2-394a-11ec-9294-d8c4975e38aa_jpg.rf.n0MfL2yABtd09XND4E6T.jpg,0,0,1,0,0,0
musa-acuminata-banana-a51fc77c-394a-11ec-a3fc-d8c4975e38aa_jpg.rf.n596RqzyC3duWzhOxQqM.jpg,0,0,0,1,0,0
musa-acuminata-rotten-b5701c05-1d0a-11ec-83de-d8c4975e38aa_jpg.rf.vwS35BgZCfv1wlgRQKBd.jpg,0,0,0,0,1,0
musa-acuminata-banana-ca9a238a-394a-11ec-9df8-d8c4975e38aa_jpg.rf.d9sm3utZLRbPGbH9zz8d.jpg,1,0,0,0,0,0
musa-acuminata-banana-acc12d24-394a-11ec-b593-d8c4975e38aa_jpg.rf.dIylSuLQja5uQGYAj5oW.jpg,0,0,0,1,1,0
musa-acuminata-ripe-6cda57a8-2653-11ec-b829-d8c4975e38aa_jpg.rf.dmNso1O70MKW6H7OP70a.jpg,0,0,0,1,0,0
musa-acuminata-banana-8773b90d-394a-11ec-8949-d8c4975e38aa_jpg.rf.ds4anpHYJWVOZnJ5BcLQ.jpg,0,0,1,0,1,0
musa-acuminata-banana-c41a695d-4037-11ec-8c91-94b86d66fd1d_jpg.rf.dt0NfouqmPvysXxLBOwQ.jpg,1,0,0,1,0,0
musa-acuminata-banana-c87fff62-394a-11ec-bde5-d8c4975e38aa_jpg.rf.eIDzIojBZobEjDYIe2GL.jpg,1,0,0,0,0,0
musa-acuminata-mold-e191c16b-1d0a-11ec-8780-d8c4975e38aa_jpg.rf.cqSP0hsKI4tawQy6SNo4.jpg,0,0,1,0,0,0
musa-acuminata-banana-b0a7aa0e-4037-11ec-9763-94b86d66fd1d_jpg.rf.oBW87NCrlvaihoLHLeTl.jpg,0,1,0,0,0,1
musa-acuminata-banana-dc6be3c7-394a-11ec-9769-d8c4975e38aa_jpg.rf.nyovxSk7aS0qQgtuJndr.jpg,0,0,0,1,0,0
musa-acuminata-freshunripe-3368a314-2653-11ec-91e2-d8c4975e38aa_jpg.rf.c3SRkclQFpNOenzh5w8d.jpg,0,1,0,0,0,0
musa-acuminata-banana-fe579051-394a-11ec-8ca1-d8c4975e38aa_jpg.rf.cVJOwr2ibeWJ0XQrnTC8.jpg,1,0,0,1,0,0
musa-acuminata-rotten-ac8d2336-1d0a-11ec-ad14-d8c4975e38aa_jpg.rf.gxEb2dEqA1gvhu4tfSCS.jpg,0,0,0,0,1,0
musa-acuminata-freshripe-7dabffc7-1d0a-11ec-826c-d8c4975e38aa_jpg.rf.h5KzYRrKvVGXT7NKqZpW.jpg,1,0,0,0,0,0
musa-acuminata-banana-83171d66-394a-11ec-bac1-d8c4975e38aa_jpg.rf.hXVZpqmZaFbnPG5npbGY.jpg,0,0,1,0,1,0
musa-acuminata-freshripe-4b83501f-2653-11ec-b3a5-d8c4975e38aa_jpg.rf.cZhJCowxk6YdnTu2MZkC.jpg,1,0,0,0,0,0
musa-acuminata-freshunripe-3895d182-2653-11ec-a5eb-d8c4975e38aa_jpg.rf.ef7RqzfHcGyKNHu9LzM6.jpg,0,1,0,0,0,0
musa-acuminata-rotten-b73d27cc-1d0a-11ec-88e8-d8c4975e38aa_jpg.rf.eY5jNesFbvBxCHmwpQ2Y.jpg,0,0,0,0,1,0
musa-acuminata-banana-9746954b-394a-11ec-8f94-d8c4975e38aa_jpg.rf.fG0bSCfyKfHqKMhIaIm0.jpg,0,0,0,1,1,0
musa-acuminata-banana-c87f52b1-4037-11ec-a28b-94b86d66fd1d_jpg.rf.g90jmGRnYpbbjjZbOCZt.jpg,0,0,0,1,0,0
musa-acuminata-banana-8abb7bd8-394a-11ec-939e-d8c4975e38aa_jpg.rf.ezpJopHF2xVb2rgjhh8G.jpg,0,0,1,0,1,0
musa-acuminata-unripe-89164cda-1d0a-11ec-9873-d8c4975e38aa-1-_jpg.rf.geHOLuL1Rq0Dsz9qhGdB.jpg,0,0,0,0,0,1
musa-acuminata-overripe-a068c6c7-1d0a-11ec-9f70-d8c4975e38aa_jpg.rf.gd6TcwZZ066SzMIpSLb1.jpg,0,0,1,0,1,0
musa-acuminata-banana-dd7dd783-394a-11ec-ba0f-d8c4975e38aa_jpg.rf.gryXMyFiT2UjiFGaj59J.jpg,0,0,0,1,0,0
musa-acuminata-banana-ad4413ae-394a-11ec-a378-d8c4975e38aa_jpg.rf.guQeBThzeX3nlZss7aCR.jpg,0,0,1,1,1,0
musa-acuminata-banana-a99bae31-394a-11ec-ae5f-d8c4975e38aa_jpg.rf.fN167voRBj2glaEXdqXD.jpg,0,0,0,0,1,0
musa-acuminata-freshripe-4d246960-2653-11ec-8852-d8c4975e38aa_jpg.rf.cwLV6hzikCYXTUNea4FX.jpg,1,0,0,0,0,0
musa-acuminata-banana-fc41686f-394a-11ec-aca3-d8c4975e38aa_jpg.rf.e9jROq8DRdIQ3RIOrzdE.jpg,0,0,0,1,0,0
musa-acuminata-freshripe-7eab59da-1d0a-11ec-ae2f-d8c4975e38aa_jpg.rf.falnxTxDXWwZDAoIGx2D.jpg,1,0,0,0,0,0
musa-acuminata-freshunripe-35f813d6-2653-11ec-8278-d8c4975e38aa_jpg.rf.y0aPfNUBElxOtUQKT7Fm.jpg,0,1,0,0,0,0
musa-acuminata-unripe-7fecfc47-1d0a-11ec-95d9-d8c4975e38aa_jpg.rf.y2ZafyfxP1AQPlTdc2u6.jpg,0,0,0,0,0,1
musa-acuminata-freshunripe-28f40e2c-2653-11ec-8a41-d8c4975e38aa_jpg.rf.y8jNHSUvILCnn8IZcXty.jpg,0,1,0,0,0,0
musa-acuminata-freshripe-4c65bcf3-2653-11ec-8ad2-d8c4975e38aa_jpg.rf.yGDSWuxGHmbHZJV9n8D1.jpg,1,0,0,0,0,0
musa-acuminata-freshripe-787147b6-1d0a-11ec-ae8f-d8c4975e38aa_jpg.rf.yMUNFhhLKku2PnoJdEqH.jpg,1,0,0,0,0,0
musa-acuminata-freshunripe-67667f7e-1d0a-11ec-b5ec-d8c4975e38aa_jpg.rf.ySdFxz0dOoGA8OAVZyJn.jpg,0,1,0,0,0,0
musa-acuminata-banana-a470a7bb-394a-11ec-8308-d8c4975e38aa_jpg.rf.htI2SfAq2o6LRJZ5M8NA.jpg,0,0,1,0,1,0
musa-acuminata-banana-afda7fb8-394a-11ec-b669-d8c4975e38aa_jpg.rf.hXlo4pWDT1BDPT7Jn7fZ.jpg,1,0,0,0,0,0
musa-acuminata-rotten-838c6d0d-2653-11ec-b418-d8c4975e38aa_jpg.rf.gw0Xq2BoP4ei8AvnP4Cx.jpg,0,0,0,0,1,0
musa-acuminata-ripe-6bc11956-2653-11ec-a57d-d8c4975e38aa_jpg.rf.xtVb4TjdLyzPyayDRh0I.jpg,0,0,0,1,0,0
musa-acuminata-ripe-98e09871-1d0a-11ec-a1e1-d8c4975e38aa_jpg.rf.02CDVq02Pgmd8h4JyKfR.jpg,0,0,0,1,1,0
musa-acuminata-banana-b41de866-394a-11ec-a081-d8c4975e38aa_jpg.rf.hsb5i8opzQEuK749Znzb.jpg,1,0,0,0,0,0
musa-acuminata-banana-c70c0f12-394a-11ec-8f52-d8c4975e38aa_jpg.rf.00n8LiDjHXNOZDj0Iear.jpg,1,0,0,0,0,0
musa-acuminata-overripe-9e71dfc4-1d0a-11ec-907c-d8c4975e38aa_jpg.rf.xzt5d3xV8Z0wfYnWwQZy.jpg,0,0,1,0,0,0
musa-acuminata-rotten-8d4334be-2653-11ec-ab5e-d8c4975e38aa_jpg.rf.zVI6IVuMTveYbLRH84XW.jpg,0,0,0,0,1,0
musa-acuminata-rotten-a20ea46f-1d0a-11ec-86aa-d8c4975e38aa_jpg.rf.zZMUyURp6ysGf2oyFjwt.jpg,0,0,0,0,1,0
musa-acuminata-banana-ae3b58d6-394a-11ec-9a3c-d8c4975e38aa_jpg.rf.zaQ8vfP21KBXVLQi5jJN.jpg,0,0,0,1,0,0
musa-acuminata-freshunripe-342029d1-2653-11ec-bbf7-d8c4975e38aa_jpg.rf.yfm2l7eY6AA08ap2btpS.jpg,0,1,0,0,0,0
musa-acuminata-unripe-60229715-2653-11ec-9cc5-d8c4975e38aa---Copy_jpg.rf.z9KqeTSzIgbmMIyuKN56.jpg,0,0,0,0,1,0
musa-acuminata-overripe-7ea03f7d-2653-11ec-b410-d8c4975e38aa_jpg.rf.yxAItjq2JgatrTUyCZh7.jpg,0,0,1,0,0,0
musa-acuminata-freshunripe-2f9048f4-2653-11ec-94e8-d8c4975e38aa_jpg.rf.yvl9HnKkix9Hx5rE8Kap.jpg,0,1,0,0,0,0
musa-acuminata-banana-cc98d4f5-4037-11ec-9942-94b86d66fd1d_jpg.rf.z9s0GYZXYUZ0oYARq3GL.jpg,0,0,0,1,0,0
musa-acuminata-banana-ae4daff2-394a-11ec-b417-d8c4975e38aa_jpg.rf.zHcMuuzQBe9vgxaxi2E5.jpg,0,0,0,1,0,0
musa-acuminata-overripe-7e1f43ce-2653-11ec-84b6-d8c4975e38aa_jpg.rf.zJBSbYp3oF77c4mFyPip.jpg,0,0,1,0,0,0
musa-acuminata-banana-befd80a7-4037-11ec-8c7c-94b86d66fd1d_jpg.rf.zAgHfq1ae5Rml3DcBKFP.jpg,0,0,0,1,0,0
musa-acuminata-unripe-8ad40003-1d0a-11ec-8d79-d8c4975e38aa-1-_jpg.rf.zPYuvN1ho1hMAn4Nd6PG.jpg,0,0,0,0,0,1
musa-acuminata-banana-aa4beb2f-394a-11ec-88df-d8c4975e38aa_jpg.rf.YaECXUoOQS7i54gJnvWY.jpg,0,0,1,0,0,0
musa-acuminata-unripe-549beb95-2653-11ec-9a45-d8c4975e38aa---Copy_jpg.rf.zhp5fGeUxklAkDCDM9Be.jpg,0,0,0,0,1,1
musa-acuminata-banana-ce07869e-4037-11ec-a959-94b86d66fd1d_jpg.rf.yoEYetRlgQGpU53MMidS.jpg,0,0,0,1,0,0
musa-acuminata-banana-c2e5686a-394a-11ec-bc65-d8c4975e38aa_jpg.rf.zifHPrWfhKeOK7MfdNNi.jpg,0,0,0,1,0,0
musa-acuminata-banana-e6feb243-394a-11ec-ab8a-d8c4975e38aa_jpg.rf.zp5MB1TlIEaa2eNokDTc.jpg,0,0,0,1,0,0
musa-acuminata-banana-c8ea37b7-394a-11ec-bff7-d8c4975e38aa_jpg.rf.zpKGapNI5GifbJ6jacIf.jpg,0,0,0,1,0,0
musa-acuminata-banana-d3a950ee-4037-11ec-b00b-94b86d66fd1d_jpg.rf.YCyPR5EmRyHuKANb7C0U.jpg,0,0,0,1,0,0
musa-acuminata-mold-e64c8b37-1d0a-11ec-ad55-d8c4975e38aa_jpg.rf.zsDBuuhSDkf16C9qahfJ.jpg,0,0,1,0,0,0
musa-acuminata-banana-accba23b-394a-11ec-a6a2-d8c4975e38aa_jpg.rf.zS2qUbG2HVZX3iUt669W.jpg,0,0,1,1,1,0
musa-acuminata-mold-e2932bd4-1d0a-11ec-8e8f-d8c4975e38aa_jpg.rf.YG5aluv2ZDGfFMyB9Rar.jpg,0,0,1,0,1,0
musa-acuminata-banana-c5cb24a4-394a-11ec-8a72-d8c4975e38aa_jpg.rf.YDfHKCrnoxtVvPRhWwEP.jpg,1,0,0,1,0,0
musa-acuminata-banana-a91fd6b3-394a-11ec-bf8e-d8c4975e38aa_jpg.rf.YQE2Bn1AI11DZcQjIniL.jpg,0,0,1,0,1,0
musa-acuminata-freshripe-7ae35c3d-1d0a-11ec-b0d1-d8c4975e38aa_jpg.rf.zvMg6HDWpMS5ggCvaqRp.jpg,1,0,0,0,0,0
musa-acuminata-mold-e50ac89f-1d0a-11ec-b750-d8c4975e38aa_jpg.rf.YQ7boNGeHlvBDgUciDGJ.jpg,0,0,1,0,0,0
musa-acuminata-rotten-aa49e7fb-1d0a-11ec-aadd-d8c4975e38aa_jpg.rf.ZEmuZtJ4MCjY9BDNn1pB.jpg,0,0,0,0,1,0
musa-acuminata-unripe-909e7d50-1d0a-11ec-bc0d-d8c4975e38aa-1-_jpg.rf.ZQgMMoidI4O3dhhCoHtc.jpg,0,0,0,0,0,1
musa-acuminata-rotten-8a844a0c-2653-11ec-b03a-d8c4975e38aa_jpg.rf.ZUVXyWQc3buntKt08UKL.jpg,0,0,0,0,1,0
musa-acuminata-overripe-7f381615-2653-11ec-a54d-d8c4975e38aa_jpg.rf.ZYuElEUcy0nGQXqGkGpt.jpg,0,0,1,0,0,0
musa-acuminata-ripe-6cf22d43-2653-11ec-97f7-d8c4975e38aa_jpg.rf.ZeMEZfajrHyFmV14jhV4.jpg,0,0,0,1,0,0
musa-acuminata-freshripe-4426071a-2653-11ec-a5db-d8c4975e38aa_jpg.rf.ZgAmPciTpMQr8yE96dNz.jpg,1,0,0,0,0,0
musa-acuminata-unripe-61d923ab-2653-11ec-bc36-d8c4975e38aa---Copy_jpg.rf.ZgErTtv3zKvI4FGLPnJs.jpg,0,0,0,0,0,1
musa-acuminata-overripe-9bb526f3-1d0a-11ec-ad78-d8c4975e38aa_jpg.rf.ZiXdBNi1Lbz0Tjmlgsaf.jpg,0,0,1,0,0,0
musa-acuminata-freshunripe-76d0c604-1d0a-11ec-9e58-d8c4975e38aa_jpg.rf.Yw89IBoLvjCxOm03bDBS.jpg,0,0,0,0,0,1
musa-acuminata-banana-909fb222-394a-11ec-9cdd-d8c4975e38aa_jpg.rf.YQM5pXaXWsKLIfn8bX3y.jpg,0,0,1,0,1,0
musa-acuminata-banana-b1bd5170-394a-11ec-80c4-d8c4975e38aa_jpg.rf.Yhxxak2vhvwfeyMqMej1.jpg,1,0,0,0,0,0
musa-acuminata-banana-86441771-394a-11ec-bfe0-d8c4975e38aa_jpg.rf.YiJL4xxzi7jv1e0OXNCG.jpg,0,0,0,1,1,0
musa-acuminata-banana-c6ea1bae-394a-11ec-b0f2-d8c4975e38aa_jpg.rf.Z7vTqWIHU7O04tN0aQuC.jpg,1,0,0,0,0,0
musa-acuminata-freshunripe-2e2ac680-2653-11ec-a0f8-d8c4975e38aa_jpg.rf.Z5aaRwhkXrQWzhMaonTe.jpg,0,1,0,0,0,0
musa-acuminata-banana-b3c6d3e8-4037-11ec-8e69-94b86d66fd1d_jpg.rf.YoscP7sG3oxbWi5XySr8.jpg,0,1,0,0,0,1
musa-acuminata-banana-b37c3298-394a-11ec-b560-d8c4975e38aa_jpg.rf.Z4c7KKIYlrYUtLcC5FMu.jpg,1,0,0,0,0,0
musa-acuminata-rotten-b1c18d88-1d0a-11ec-aefe-d8c4975e38aa_jpg.rf.Yw8UVUWp3LhrI0mrTukw.jpg,0,0,0,0,1,0
musa-acuminata-rotten-a24313fc-1d0a-11ec-8b4a-d8c4975e38aa_jpg.rf.YqJhmBYQMXoa1brSJVYT.jpg,0,0,0,0,1,0
musa-acuminata-banana-cd3c2465-4037-11ec-94dd-94b86d66fd1d_jpg.rf.YuKcjLeB43m5Tl3H7FME.jpg,0,0,0,1,0,0
musa-acuminata-freshunripe-3598bdbd-2653-11ec-9286-d8c4975e38aa_jpg.rf.ikCPl4k7VOo4FiShoRtK.jpg,0,1,0,0,0,0
musa-acuminata-freshunripe-6a4e47a3-1d0a-11ec-a747-d8c4975e38aa_jpg.rf.ipcczrvD4KpzDe1nPY44.jpg,0,1,0,0,0,0
musa-acuminata-rotten-8a2be1bd-2653-11ec-9fa6-d8c4975e38aa_jpg.rf.irXtcTJ5ZfSaIM4xt7iv.jpg,0,0,0,1,1,0
musa-acuminata-freshunripe-389cf808-2653-11ec-af3f-d8c4975e38aa_jpg.rf.irrW9bCGknX08BQaIec3.jpg,0,1,0,0,0,0
musa-acuminata-freshunripe-773120d6-1d0a-11ec-a540-d8c4975e38aa_jpg.rf.itRhhatAbLj0qzjnu1jm.jpg,0,0,0,0,0,1
musa-acuminata-banana-a55c7b59-394a-11ec-91da-d8c4975e38aa_jpg.rf.izYHmDSO7qWMY1GpJRz3.jpg,0,0,1,1,1,0
musa-acuminata-banana-f11d8823-394a-11ec-8a26-d8c4975e38aa_jpg.rf.j1wBUHkv0r680I8lns7l.jpg,0,0,0,1,0,0
musa-acuminata-rotten-bbff3124-1d0a-11ec-b485-d8c4975e38aa_jpg.rf.j2rllfjCm2FGvtXO3Kiq.jpg,0,0,0,0,1,0
musa-acuminata-banana-f45ef097-394a-11ec-a9d1-d8c4975e38aa_jpg.rf.j6wFgNnwE50eEKjc3gbr.jpg,0,0,0,1,0,0
musa-acuminata-mold-e3c1dc2c-1d0a-11ec-a149-d8c4975e38aa_jpg.rf.j7jwmiZlr8ne0idxiiTR.jpg,0,0,1,0,1,0
musa-acuminata-overripe-9ff19af1-1d0a-11ec-acfe-d8c4975e38aa_jpg.rf.ZmErdAOfeRJmiDfKw3iz.jpg,0,0,1,0,0,0
musa-acuminata-freshunripe-34bfd975-2653-11ec-84d6-d8c4975e38aa_jpg.rf.ZsY1nFAeJS7oAHP0eWk9.jpg,0,1,0,0,0,0
musa-acuminata-ripe-6cf6f19f-2653-11ec-b377-d8c4975e38aa_jpg.rf.ZsFaurPQBJpzKzxcOHFm.jpg,0,0,0,1,0,0
musa-acuminata-banana-c4327410-394a-11ec-b456-d8c4975e38aa_jpg.rf.ZrKF35SsctEckZg5Iur4.jpg,0,0,0,1,0,0
musa-acuminata-overripe-808813f1-2653-11ec-8252-d8c4975e38aa_jpg.rf.ZxEgoQGTntz4hr8Mu2zo.jpg,0,0,1,0,1,0
musa-acuminata-rotten-8390f919-2653-11ec-948d-d8c4975e38aa_jpg.rf.iiqta0Q3T17q7rmHUwFx.jpg,0,0,0,0,1,0
musa-acuminata-unripe-60d09471-2653-11ec-a671-d8c4975e38aa---Copy_jpg.rf.joCDgGnqMS8JfmL0Xgc2.jpg,0,0,0,0,1,1
musa-acuminata-unripe-551a3dc8-2653-11ec-8f6c-d8c4975e38aa---Copy_jpg.rf.joguSO39MPfRF0Yx1zJC.jpg,0,0,0,0,0,1
musa-acuminata-freshunripe-68dbcce5-1d0a-11ec-b84f-d8c4975e38aa_jpg.rf.jx7q3gn1ckvO7Pi9ZEnX.jpg,0,1,0,0,0,0
musa-acuminata-ripe-6df39602-2653-11ec-b901-d8c4975e38aa_jpg.rf.jyMrDtqztwuwui68Ax5n.jpg,0,0,0,1,1,0
musa-acuminata-mold-e6325384-1d0a-11ec-b942-d8c4975e38aa_jpg.rf.k5lAa1BtoAWOQ0YIptkr.jpg,0,0,1,0,0,0
musa-acuminata-banana-fd874196-394a-11ec-82a7-d8c4975e38aa_jpg.rf.k9Rcfh0jjMGeNlP3HU9G.jpg,0,0,0,1,0,0
musa-acuminata-unripe-86e3cfc6-1d0a-11ec-999a-d8c4975e38aa-1-_jpg.rf.kIDVDLInZpuOQAZuLbYr.jpg,0,0,0,0,1,1
musa-acuminata-unripe-60c96de5-2653-11ec-b407-d8c4975e38aa---Copy_jpg.rf.kTxAV0UiS0TxP5mqc5QC.jpg,0,0,0,0,1,1
musa-acuminata-overripe-7dd11133-2653-11ec-8783-d8c4975e38aa_jpg.rf.kYvmQmiPLr1zlc3dURQ2.jpg,0,0,1,0,1,0
musa-acuminata-freshunripe-35965b82-2653-11ec-b189-d8c4975e38aa_jpg.rf.qX46dQmqt2Upg968sjyt.jpg,0,1,0,0,0,0
musa-acuminata-freshunripe-19a1201e-2653-11ec-a284-d8c4975e38aa_jpg.rf.jG3ItQ8j0aH4e6Nckwf2.jpg,0,1,0,0,0,0
musa-acuminata-freshunripe-3593f954-2653-11ec-ac0b-d8c4975e38aa_jpg.rf.jKwL8T9Q5SBHzQK5x1jU.jpg,0,1,0,0,0,0
musa-acuminata-banana-8c690856-394a-11ec-a72b-d8c4975e38aa_jpg.rf.jQtCeoLNBv3WELoNRQqZ.jpg,0,0,0,0,1,0
musa-acuminata-unripe-8413f10b-1d0a-11ec-b6a5-d8c4975e38aa-1-_jpg.rf.j9FJWjs3iExmNny44DW2.jpg,0,0,0,0,1,1
musa-acuminata-freshunripe-3a917cb2-2653-11ec-981a-d8c4975e38aa_jpg.rf.jn9N9WtmuKU18k5yNEtn.jpg,0,1,0,0,0,0
musa-acuminata-unripe-8e2e0848-1d0a-11ec-844c-d8c4975e38aa-1-_jpg.rf.jjZFxzNU6rZ4qQ7X7Wp6.jpg,0,1,0,0,0,0
musa-acuminata-unripe-572b5b14-2653-11ec-b761-d8c4975e38aa---Copy_jpg.rf.jeKLAsAWn2LQU8c9aQrx.jpg,0,0,0,0,1,1
musa-acuminata-banana-b2533415-394a-11ec-bcf2-d8c4975e38aa_jpg.rf.jO3zfIseJXqWsxAhBXq1.jpg,1,0,0,0,0,0
musa-acuminata-freshunripe-76d817cb-1d0a-11ec-8c9a-d8c4975e38aa_jpg.rf.jiXfMiglxIbW8EgHyV1H.jpg,0,0,0,0,0,1
musa-acuminata-overripe-80b1cda5-2653-11ec-8639-d8c4975e38aa_jpg.rf.qnefNxvpgZqtJj67w4gL.jpg,0,0,1,0,1,0
musa-acuminata-mold-e1ff6498-1d0a-11ec-b099-d8c4975e38aa_jpg.rf.qvNv9qVWSdXm5CzHfNOR.jpg,0,0,1,0,1,0
musa-acuminata-banana-a8a5abfb-394a-11ec-a42d-d8c4975e38aa_jpg.rf.qyqKGfupADS5Ru5K3scg.jpg,0,0,1,0,0,0
musa-acuminata-overripe-9bddaa70-1d0a-11ec-8ea4-d8c4975e38aa_jpg.rf.r86y8WDmkYngnPKAN5OT.jpg,0,0,1,0,0,0
musa-acuminata-mold-e3759743-1d0a-11ec-b27e-d8c4975e38aa_jpg.rf.rDIcdwGbCk2foDi1jknE.jpg,0,0,1,0,1,0
musa-acuminata-freshunripe-6b68d1d1-1d0a-11ec-a45a-d8c4975e38aa_jpg.rf.rEhuhCJGNkeJQvcLh15t.jpg,0,1,0,0,0,0
musa-acuminata-unripe-908dce53-1d0a-11ec-a6e9-d8c4975e38aa-1-_jpg.rf.rFaBxVmEzOsC1JXVXod6.jpg,0,0,0,0,0,1
musa-acuminata-ripe-9a461999-1d0a-11ec-8e85-d8c4975e38aa_jpg.rf.rIgjgymtmKGPCfQrR8AG.jpg,0,0,0,1,1,0
musa-acuminata-freshunripe-6dfe33cb-1d0a-11ec-839d-d8c4975e38aa_jpg.rf.rJIzDAROSbkOqaGeDcM5.jpg,0,1,0,0,0,0
musa-acuminata-freshunripe-6f27aa94-1d0a-11ec-a3c1-d8c4975e38aa_jpg.rf.rK0ORqfEpdWlAPSmTokl.jpg,0,1,0,0,0,0
musa-acuminata-banana-e5bfaf74-394a-11ec-9e81-d8c4975e38aa_jpg.rf.rY7nm2tR8P5jVz08EE6I.jpg,1,0,0,1,0,0
musa-acuminata-rotten-ae309eca-1d0a-11ec-8fea-d8c4975e38aa_jpg.rf.rZHhgGmqPCLLTEJAx421.jpg,0,0,0,0,1,0
musa-acuminata-banana-90f08237-394a-11ec-b983-d8c4975e38aa_jpg.rf.rccn8QbnqskYJOXf4FZB.jpg,0,0,1,0,1,0
musa-acuminata-unripe-8b145a2b-1d0a-11ec-9a21-d8c4975e38aa-1-_jpg.rf.riA6bZeMdYEIrBg3ynmW.jpg,0,1,0,0,0,1
musa-acuminata-rotten-88e40c8f-2653-11ec-89d6-d8c4975e38aa_jpg.rf.kejYMQEaAG8PWvnRdwd7.jpg,0,0,0,0,1,0
musa-acuminata-banana-cdb9e905-4037-11ec-9303-94b86d66fd1d_jpg.rf.qXQS2yAYa4JkUjVtJJSY.jpg,0,0,0,1,0,0
musa-acuminata-freshunripe-7539306f-1d0a-11ec-865e-d8c4975e38aa_jpg.rf.qYe5grcdujXKy44tUzHt.jpg,0,1,0,0,0,0
musa-acuminata-overripe-7e9b7b1d-2653-11ec-bb89-d8c4975e38aa_jpg.rf.qi64888Zsq8E6zxR6h1S.jpg,0,0,1,0,0,0
musa-acuminata-mold-e41ed055-1d0a-11ec-8780-d8c4975e38aa_jpg.rf.qlLBUAZkJDzZQTK0rIjB.jpg,0,0,1,0,1,0
musa-acuminata-ripe-9287176c-1d0a-11ec-964a-d8c4975e38aa_jpg.rf.qaKh2Me5PfD42rdBBzOD.jpg,0,0,0,1,0,0
musa-acuminata-banana-f45b740b-394a-11ec-9660-d8c4975e38aa_jpg.rf.s3917TmwpYDVsV3k8wU7.jpg,0,0,0,1,0,0
musa-acuminata-banana-ffca10c8-394a-11ec-a38e-d8c4975e38aa_jpg.rf.sF139xqgn9QkWpIgrSVq.jpg,0,0,0,1,0,0
musa-acuminata-banana-abebc6ed-394a-11ec-94db-d8c4975e38aa_jpg.rf.sFCYIPBWSlhSy8Mmv8Nq.jpg,0,0,1,1,0,0
musa-acuminata-mold-e680faaa-1d0a-11ec-aabf-d8c4975e38aa_jpg.rf.sG4QzSkCFKqCthRKvl7B.jpg,0,0,1,0,0,0
musa-acuminata-ripe-9a487bb3-1d0a-11ec-aae8-d8c4975e38aa_jpg.rf.sHw8Qq14pkHyb7pwpzlo.jpg,0,0,0,1,1,0
musa-acuminata-unripe-53b25737-2653-11ec-a3fc-d8c4975e38aa---Copy_jpg.rf.N86rQE0rQAzNlk6tEr7Y.jpg,0,0,0,0,0,1
musa-acuminata-overripe-9cb68ea2-1d0a-11ec-95d8-d8c4975e38aa_jpg.rf.NGzm3rovzTSM5Pdz3Hqx.jpg,0,0,1,0,0,0
musa-acuminata-unripe-5e117889-2653-11ec-b03e-d8c4975e38aa---Copy_jpg.rf.NKB1aFl5iTCXknhzyjd5.jpg,0,0,0,0,0,1
musa-acuminata-unripe-8d198f86-1d0a-11ec-90a3-d8c4975e38aa-1-_jpg.rf.NQiGB4sy7Wnh9BbkGS0W.jpg,0,0,0,0,0,1
musa-acuminata-overripe-7c798691-2653-11ec-8890-d8c4975e38aa_jpg.rf.NRZTDuaATQeKqwEDfCEO.jpg,0,0,1,0,0,0
musa-acuminata-banana-b68b972a-4037-11ec-8713-94b86d66fd1d_jpg.rf.NW5q4PiIrtBt30UsUdV2.jpg,0,1,0,0,0,1
musa-acuminata-banana-9f32ed08-394a-11ec-901f-d8c4975e38aa_jpg.rf.Nkmp7IO7Y0Owqce1vl6N.jpg,0,0,0,0,1,0
musa-acuminata-overripe-a0a92104-1d0a-11ec-9f07-d8c4975e38aa_jpg.rf.rkzGg9aaViNW13yeHwYH.jpg,0,0,1,0,0,0
musa-acuminata-banana-d0df4436-394a-11ec-87f1-d8c4975e38aa_jpg.rf.rsy35QQWkFtCdKGFrWar.jpg,0,0,0,1,0,0
musa-acuminata-mold-e2d848d4-1d0a-11ec-bd61-d8c4975e38aa_jpg.rf.rzhnxfC9xpZNm4l0bwzz.jpg,0,0,1,0,0,0
musa-acuminata-rotten-bfd26a10-1d0a-11ec-84aa-d8c4975e38aa_jpg.rf.rxApvjziL8hshiKKjmjW.jpg,0,0,0,0,1,0
musa-acuminata-overripe-7d4799fa-2653-11ec-be0b-d8c4975e38aa_jpg.rf.s0UpRggicdgP0dqpD3gV.jpg,0,0,1,0,1,0
musa-acuminata-mold-e6776fb6-1d0a-11ec-ab10-d8c4975e38aa_jpg.rf.OEa97m8WgkSqRlnmy384.jpg,0,0,1,0,0,0
musa-acuminata-unripe-8dd83ac9-1d0a-11ec-947d-d8c4975e38aa-1-_jpg.rf.OK9dhNGmJmjDddMmDgKj.jpg,0,1,0,0,0,0
musa-acuminata-banana-b26c5d47-394a-11ec-a14d-d8c4975e38aa_jpg.rf.OKHes9SaiSjnAGjVb9z8.jpg,1,0,0,0,0,0
musa-acuminata-freshunripe-6625143f-1d0a-11ec-8d5d-d8c4975e38aa_jpg.rf.OMU7rlZBjB3kvi7ywgIs.jpg,0,1,0,0,0,0
musa-acuminata-ripe-73a178fe-2653-11ec-858d-d8c4975e38aa_jpg.rf.ONGhZtEc0T8zOadTs1b4.jpg,0,0,0,0,1,0
musa-acuminata-mold-e313dec3-1d0a-11ec-8ea7-d8c4975e38aa_jpg.rf.OQiex9KyPvNI52H7Qrsu.jpg,0,0,1,0,1,0
musa-acuminata-banana-f5cde31e-394a-11ec-96da-d8c4975e38aa_jpg.rf.OSfAXXjreSW99pxwpbVA.jpg,0,0,0,1,0,0
musa-acuminata-ripe-6e84f978-2653-11ec-a931-d8c4975e38aa_jpg.rf.OWqQkv3PI8ZFSplVSNhj.jpg,0,0,0,1,1,0
musa-acuminata-unripe-8c2b3683-1d0a-11ec-b194-d8c4975e38aa-1-_jpg.rf.OWvJEOTY4OJtE2eZB3pG.jpg,0,1,0,0,0,1
musa-acuminata-rotten-82b61545-2653-11ec-86c3-d8c4975e38aa_jpg.rf.OYVLD0d7kYoiDhRf0QL2.jpg,0,0,0,0,1,0
musa-acuminata-banana-8bb3292d-394a-11ec-bc95-d8c4975e38aa_jpg.rf.NReG6Wg9ykizuvClufeG.jpg,0,0,0,0,1,0
musa-acuminata-banana-9efddd41-394a-11ec-8066-d8c4975e38aa_jpg.rf.NpX3FFivMEKvfjGbCXEd.jpg,0,0,0,0,1,0
musa-acuminata-freshripe-4b0e8698-2653-11ec-bc7d-d8c4975e38aa_jpg.rf.NqxliU2IDit9i4gsl5Iz.jpg,1,0,0,0,0,0
musa-acuminata-banana-ecaae6b2-394a-11ec-9243-d8c4975e38aa_jpg.rf.NvlyMFIPrgNOKSKy1p0H.jpg,1,0,0,0,0,0
musa-acuminata-freshunripe-71d1a5d9-1d0a-11ec-b786-d8c4975e38aa_jpg.rf.NweAxvqYqmLpNY8Yjpwa.jpg,0,1,0,0,0,0
musa-acuminata-banana-e9c5c542-394a-11ec-918d-d8c4975e38aa_jpg.rf.NxNvO0J1TRMgbxMGnAic.jpg,0,0,0,1,0,0
musa-acuminata-freshripe-7bad3c76-1d0a-11ec-8b9a-d8c4975e38aa_jpg.rf.Nz6Ojm8oW7mLmuSMzFXx.jpg,1,0,0,0,0,0
musa-acuminata-ripe-95ce0e67-1d0a-11ec-be5e-d8c4975e38aa_jpg.rf.Nu0XvNZxlW1yhhFTTM7w.jpg,0,0,0,1,1,0
musa-acuminata-banana-f2bca690-394a-11ec-ae29-d8c4975e38aa_jpg.rf.oO374eLCWSx6KMY0oTV0.jpg,0,0,0,1,0,0
musa-acuminata-unripe-8a0e2d07-1d0a-11ec-9dad-d8c4975e38aa-1-_jpg.rf.oSB4d79kwmR7RlsDXtZh.jpg,0,1,0,0,0,1
musa-acuminata-rotten-84a30358-2653-11ec-bc15-d8c4975e38aa_jpg.rf.oUyH5IcqqEvJgGApri2y.jpg,0,0,0,0,1,0
musa-acuminata-freshunripe-3bad1d85-2653-11ec-bda8-d8c4975e38aa_jpg.rf.oVlNVIA1aUPW2Qljdwtt.jpg,0,1,0,0,0,0
musa-acuminata-banana-a5a0c444-394a-11ec-b46b-d8c4975e38aa_jpg.rf.oadch8f9k8lxxjGX9ZqE.jpg,0,0,1,0,1,0
musa-acuminata-freshunripe-203a7440-2653-11ec-9fb0-d8c4975e38aa_jpg.rf.objMDoP01KMQ4vvKsXn0.jpg,0,1,0,0,0,0
musa-acuminata-banana-ee3dd9cc-394a-11ec-a471-d8c4975e38aa_jpg.rf.od5dDdJvxrbUm2tsoyUJ.jpg,0,0,0,1,0,0
musa-acuminata-rotten-840e232b-2653-11ec-871f-d8c4975e38aa_jpg.rf.osXNdhKsNbRcjne6jvz7.jpg,0,0,0,0,1,0
musa-acuminata-banana-89e2f860-394a-11ec-96e2-d8c4975e38aa_jpg.rf.oturcabwDELkZHFyJPP7.jpg,0,0,0,0,1,0
musa-acuminata-freshunripe-765acd8e-1d0a-11ec-9f73-d8c4975e38aa_jpg.rf.oz45fkNhyrZUTo3xd3x0.jpg,0,1,0,0,0,0
musa-acuminata-banana-d41054fa-4037-11ec-b86f-94b86d66fd1d_jpg.rf.p4Wrjvy9PQThELrEEl6X.jpg,1,0,0,1,0,0
musa-acuminata-overripe-75e4a4f0-2653-11ec-ab49-d8c4975e38aa_jpg.rf.pEWQHTgzTEMes7JhjFEv.jpg,0,0,1,0,1,0
musa-acuminata-unripe-5fb9b969-2653-11ec-8ad4-d8c4975e38aa---Copy_jpg.rf.pKXHXXlkfyLQafHA15IL.jpg,0,0,0,0,0,1
musa-acuminata-banana-b7795ccf-394a-11ec-af0b-d8c4975e38aa_jpg.rf.pNxQ62OsfM8Vu2OMK0wH.jpg,0,0,0,1,0,0
musa-acuminata-ripe-6ce6427b-2653-11ec-8641-d8c4975e38aa_jpg.rf.OZyS7ScFRxXHqjevLilH.jpg,0,0,0,1,0,0
musa-acuminata-freshripe-4921284d-2653-11ec-a517-d8c4975e38aa_jpg.rf.oGfpYY1izvY2k4AlJAX4.jpg,1,0,0,0,0,0
musa-acuminata-freshunripe-34c9646b-2653-11ec-be19-d8c4975e38aa_jpg.rf.OdFhtKcc3LrGzuPb9ghU.jpg,0,1,0,0,0,0
musa-acuminata-freshunripe-353e2d41-2653-11ec-8734-d8c4975e38aa_jpg.rf.OmEfJ16VdkE6f6ZpsQ14.jpg,0,1,0,0,0,0
musa-acuminata-banana-a9e08aac-4037-11ec-b059-94b86d66fd1d_jpg.rf.Ol4bxo3rW3li804Qn3Rj.jpg,1,0,0,0,0,0
musa-acuminata-rotten-ac8ac12b-1d0a-11ec-92e2-d8c4975e38aa_jpg.rf.oF1kGnRacuZo9fQgKiSf.jpg,0,0,0,0,1,0
musa-acuminata-freshunripe-6ac77a7e-1d0a-11ec-af4b-d8c4975e38aa_jpg.rf.OfdRSxY4rI8W4o59LCC5.jpg,0,1,0,0,0,0
musa-acuminata-banana-91f5fb53-394a-11ec-b97f-d8c4975e38aa_jpg.rf.q01R0mS0vQiZdAa12nMl.jpg,0,0,1,0,0,0
musa-acuminata-freshunripe-20851ec1-2653-11ec-9109-d8c4975e38aa_jpg.rf.q1f09poeXPptMvBvMTBT.jpg,0,1,0,0,0,0
musa-acuminata-ripe-6e875bbe-2653-11ec-837a-d8c4975e38aa_jpg.rf.q2t0CQf09PgFHKor7bsK.jpg,0,0,0,1,1,0
musa-acuminata-banana-c3f77e21-394a-11ec-a4d6-d8c4975e38aa_jpg.rf.q6LcKdNZFNnR2JD4cauA.jpg,0,0,0,1,0,0
musa-acuminata-rotten-8ad12bee-2653-11ec-a2f1-d8c4975e38aa_jpg.rf.q9E4F0Uf7mMVgGT9Z0v4.jpg,0,0,0,0,1,0
musa-acuminata-freshripe-7c8ccc6c-1d0a-11ec-a51a-d8c4975e38aa_jpg.rf.qI0LYkR12VcCiKuvVOP9.jpg,1,0,0,0,0,0
musa-acuminata-banana-eb53efd5-394a-11ec-99fa-d8c4975e38aa_jpg.rf.qIOyRZ8h2UG1vpyGZ8gu.jpg,1,0,0,1,0,0
musa-acuminata-rotten-87d295b9-2653-11ec-9dba-d8c4975e38aa_jpg.rf.qJ4sSWI6P4rgGJqkwjRi.jpg,0,0,0,0,1,0
musa-acuminata-banana-8c016ce4-394a-11ec-80b3-d8c4975e38aa_jpg.rf.qRJxRn5BhZ7QcnLYPfdR.jpg,0,0,0,0,1,0
musa-acuminata-unripe-539a8179-2653-11ec-87b9-d8c4975e38aa---Copy_jpg.rf.qVtE1rcrKqnZ9Oo1gr3j.jpg,0,0,0,0,0,1
musa-acuminata-overripe-a05a79cf-1d0a-11ec-ae0c-d8c4975e38aa_jpg.rf.sN3yLJK1Pqa1aHo8NtnI.jpg,0,0,1,0,1,0
musa-acuminata-banana-c8135220-394a-11ec-80f2-d8c4975e38aa_jpg.rf.pptpRylnNc2tgP2BJsGk.jpg,0,0,0,1,0,0
musa-acuminata-unripe-5ca4cee3-2653-11ec-9c18-d8c4975e38aa---Copy_jpg.rf.psRQQD1ESqLHqkacYhHM.jpg,0,0,0,0,1,1
musa-acuminata-banana-e7003628-394a-11ec-8542-d8c4975e38aa_jpg.rf.psdKEhIUNBk5DTfmpqD0.jpg,0,0,0,1,0,0
musa-acuminata-ripe-6adeac8b-2653-11ec-bd34-d8c4975e38aa_jpg.rf.pQY3gueCnU1bb5VGXbRm.jpg,0,0,0,1,0,0
musa-acuminata-overripe-7e294494-2653-11ec-b92a-d8c4975e38aa_jpg.rf.svBo5qG85mUsDFFDKUaS.jpg,0,0,1,0,0,0
musa-acuminata-banana-b01e8cd9-394a-11ec-8317-d8c4975e38aa_jpg.rf.t3cCz4g4Bw4n0PwP3HCB.jpg,0,0,0,1,0,0
musa-acuminata-rotten-a4189cb4-1d0a-11ec-bf79-d8c4975e38aa_jpg.rf.t7p7fwFPkw8FZe3fvUxs.jpg,0,0,0,0,1,0
musa-acuminata-freshripe-7a881a6b-1d0a-11ec-b49c-d8c4975e38aa_jpg.rf.tJIgjWZZzydvjGs0tu2R.jpg,1,0,0,0,0,0
musa-acuminata-ripe-92740624-1d0a-11ec-9147-d8c4975e38aa_jpg.rf.tJMUq35ZWNhrR4M9yINR.jpg,0,0,0,1,0,0
musa-acuminata-banana-c4f85c3d-394a-11ec-826e-d8c4975e38aa_jpg.rf.tMAo0TewfDmvUBJnb1nl.jpg,0,0,0,1,0,0
musa-acuminata-freshunripe-35919728-2653-11ec-8c8b-d8c4975e38aa_jpg.rf.tPX7hFQ5cVBogk3IPETw.jpg,0,1,0,0,0,0
musa-acuminata-banana-b46b349b-394a-11ec-901b-d8c4975e38aa_jpg.rf.tSDbdWghJLKWQhpOobng.jpg,1,0,0,0,0,0
musa-acuminata-banana-c92aed49-4037-11ec-af2e-94b86d66fd1d_jpg.rf.tU9XiVrRA22FiphUaFkx.jpg,0,0,0,1,0,0
musa-acuminata-banana-98e06982-394a-11ec-b6ec-d8c4975e38aa_jpg.rf.tWzacCqISg1fm3DG3dQt.jpg,0,0,0,0,1,0
musa-acuminata-banana-c3fc0a67-394a-11ec-9683-d8c4975e38aa_jpg.rf.sOuH5I7gLcAn873PEX0k.jpg,0,0,0,1,0,0
musa-acuminata-unripe-552aebc2-2653-11ec-96a3-d8c4975e38aa---Copy_jpg.rf.sXDjtsrXVvR4fxaPzUfY.jpg,0,0,0,0,1,1
musa-acuminata-overripe-74f64d63-2653-11ec-9731-d8c4975e38aa_jpg.rf.sV66n7G7IgasFPJKhRmT.jpg,0,0,1,0,0,0
musa-acuminata-rotten-8acf0ca9-2653-11ec-918d-d8c4975e38aa_jpg.rf.sQFPjgH43qP17WjWFNha.jpg,0,0,0,0,1,0
musa-acuminata-unripe-8dd11444-1d0a-11ec-9183-d8c4975e38aa-1-_jpg.rf.shuEfpOOVsWggNHrGmHf.jpg,0,1,0,0,0,0
musa-acuminata-ripe-6d53e5b3-2653-11ec-acab-d8c4975e38aa_jpg.rf.shK2pk2ICttqHWtn1UZE.jpg,0,0,0,1,0,0
musa-acuminata-rotten-bb945637-1d0a-11ec-b823-d8c4975e38aa_jpg.rf.soG786cKQ1u8ZeGKEL2q.jpg,0,0,0,0,1,0
musa-acuminata-banana-aa11425b-394a-11ec-b275-d8c4975e38aa_jpg.rf.sjiup4OPVzVrDfQ8Gki7.jpg,0,0,1,0,1,0
musa-acuminata-banana-c71c6dc5-394a-11ec-8fb8-d8c4975e38aa_jpg.rf.stdX6elruT8vBmifMpiP.jpg,1,0,0,0,0,0
musa-acuminata-banana-f45d6c89-394a-11ec-b443-d8c4975e38aa_jpg.rf.sqSPyfglWwuSPzOo14na.jpg,0,0,0,1,0,0
musa-acuminata-ripe-7207867d-2653-11ec-9ee0-d8c4975e38aa_jpg.rf.u7irO9W6pxTl83QCiTpg.jpg,0,0,0,1,1,0
musa-acuminata-banana-a5588a95-394a-11ec-b040-d8c4975e38aa_jpg.rf.uBZoFhqUZRZQTFyFjgaB.jpg,0,0,1,0,1,0
musa-acuminata-banana-af5d909f-394a-11ec-a615-d8c4975e38aa_jpg.rf.uEFHuVdgjiEE69MGNljE.jpg,1,0,0,1,0,0
musa-acuminata-unripe-57b59808-2653-11ec-9bb5-d8c4975e38aa---Copy_jpg.rf.uKSPSe8lqgjpi97msnsG.jpg,0,0,0,0,1,1
musa-acuminata-ripe-6cdcb9f2-2653-11ec-bfd3-d8c4975e38aa_jpg.rf.WQtaI45a2gVerVGQ73Qd.jpg,0,0,0,1,0,0
musa-acuminata-banana-e4dbd7b7-394a-11ec-b4fd-d8c4975e38aa_jpg.rf.WR6kn4a6jkbgbtseKjeB.jpg,0,0,0,1,0,0
musa-acuminata-banana-ad3e7807-394a-11ec-ace8-d8c4975e38aa_jpg.rf.WSvnwCicbLg6msgIJgSz.jpg,0,0,1,1,1,0
musa-acuminata-banana-a514ddc8-394a-11ec-86d9-d8c4975e38aa_jpg.rf.Wadtnvwy53ZC04avaEaS.jpg,0,0,1,0,0,0
musa-acuminata-banana-b538ddf9-394a-11ec-a4a1-d8c4975e38aa_jpg.rf.WcjpKooV01TCIizqUN25.jpg,0,0,0,1,0,0
musa-acuminata-banana-ea866695-394a-11ec-bdd5-d8c4975e38aa_jpg.rf.WeQKzegughre25TwZzb9.jpg,1,0,0,1,0,0
musa-acuminata-mold-e284dfc1-1d0a-11ec-afe7-d8c4975e38aa_jpg.rf.tOhqXbrLsih8HfAcnvXR.jpg,0,0,1,0,1,0
musa-acuminata-freshunripe-28ef49ed-2653-11ec-8477-d8c4975e38aa_jpg.rf.tqDl9QJBZaDiQyxUtdWM.jpg,0,1,0,0,0,0
musa-acuminata-unripe-89780533-1d0a-11ec-bddb-d8c4975e38aa-1-_jpg.rf.tgguP06P43DgIWCASBWv.jpg,0,0,0,0,0,1
musa-acuminata-freshunripe-739ee144-1d0a-11ec-87cb-d8c4975e38aa_jpg.rf.tMUTAtEdaU33EpfyZsag.jpg,0,1,0,0,0,0
musa-acuminata-banana-d5e62369-4037-11ec-8aaa-94b86d66fd1d_jpg.rf.tv371PBETxca2qa6Z76X.jpg,1,0,0,0,0,0
musa-acuminata-rotten-89e03f58-2653-11ec-9617-d8c4975e38aa_jpg.rf.XWEjAXOwoQSh0W39zPEX.jpg,0,0,0,1,1,0
musa-acuminata-overripe-9e76a42a-1d0a-11ec-adbf-d8c4975e38aa_jpg.rf.XVf2mALpTh1zXI2OqmMu.jpg,0,0,1,0,0,0
musa-acuminata-banana-f2555c5f-394a-11ec-b13f-d8c4975e38aa_jpg.rf.XNtaHeHWE2sYybqEjEty.jpg,1,0,0,1,0,0
musa-acuminata-mold-e370d466-1d0a-11ec-837e-d8c4975e38aa_jpg.rf.YkTXGzFLWO6b7ura4v2m.jpg,0,0,1,0,1,0
musa-acuminata-banana-fc3debfe-394a-11ec-967e-d8c4975e38aa_jpg.rf.YW2kidy5BbSzrpGaDVRe.jpg,0,0,0,1,0,0
musa-acuminata-rotten-a36116ba-1d0a-11ec-a46e-d8c4975e38aa_jpg.rf.Y29t6K0xlio8vSZr5Jmu.jpg,0,0,0,0,1,0
musa-acuminata-freshripe-7c2c5300-1d0a-11ec-9fe8-d8c4975e38aa_jpg.rf.Z7uIrASPXsJrwP0hPgi8.jpg,1,0,0,0,0,0
musa-acuminata-banana-cf97253a-394a-11ec-8fd9-d8c4975e38aa_jpg.rf.ZHwcwyaPvFpyBk7YfpKT.jpg,0,0,0,1,0,0
musa-acuminata-banana-9ef8b5ed-394a-11ec-b03f-d8c4975e38aa_jpg.rf.ZJCxMJizEkqYN65UFu8C.jpg,0,0,0,0,1,0
musa-acuminata-ripe-6b80bf15-2653-11ec-a8f7-d8c4975e38aa_jpg.rf.ZfrxkpCA5VcA6q1RyYZd.jpg,0,0,0,1,0,0
musa-acuminata-freshunripe-3376f005-2653-11ec-8566-d8c4975e38aa_jpg.rf.ZhVsTq16EE8yXkRAgXx6.jpg,0,1,0,0,0,0
musa-acuminata-ripe-6c9c60db-2653-11ec-941e-d8c4975e38aa_jpg.rf.Zir2u502MvmGvx0vF374.jpg,0,0,0,1,0,0
musa-acuminata-overripe-7517ab72-2653-11ec-8793-d8c4975e38aa_jpg.rf.ZmqRok9hE3ECVD9W2kTI.jpg,0,0,1,0,0,0
musa-acuminata-freshunripe-2bcd6329-2653-11ec-b262-d8c4975e38aa_jpg.rf.aJhu2iTsjpjRgjdUhAVH.jpg,0,1,0,0,0,0
musa-acuminata-ripe-9340ffac-1d0a-11ec-8065-d8c4975e38aa_jpg.rf.aUPPbBYcJCxWiHrfOM0a.jpg,0,0,0,1,0,0
musa-acuminata-rotten-8e31d3e5-2653-11ec-b27b-d8c4975e38aa_jpg.rf.aVNwINeblDO6WMQ00qke.jpg,0,0,0,0,1,0
musa-acuminata-rotten-bc5e440a-1d0a-11ec-ae02-d8c4975e38aa_jpg.rf.aJbd9Lz2BNWMZkp2xuy3.jpg,0,0,0,0,1,0
musa-acuminata-mold-e1c3cec2-1d0a-11ec-9ab3-d8c4975e38aa_jpg.rf.agEkVCAEVSabnrFzvEs9.jpg,0,0,1,0,0,0
musa-acuminata-rotten-83836be7-2653-11ec-a20a-d8c4975e38aa_jpg.rf.agfen4Kj3jsT2TTORLPo.jpg,0,0,0,0,1,0
musa-acuminata-rotten-a791a270-1d0a-11ec-9ecb-d8c4975e38aa_jpg.rf.agfvqJ0NpZ38TNB21q1p.jpg,0,0,0,0,1,0
musa-acuminata-rotten-bf79d31d-1d0a-11ec-9937-d8c4975e38aa_jpg.rf.aiQ3cXlYgLRKH1ot1YeW.jpg,0,0,0,0,1,0
musa-acuminata-unripe-62e1b306-2653-11ec-ac74-d8c4975e38aa---Copy_jpg.rf.awR5MsViX85vEQq4zUFP.jpg,0,0,0,0,1,0
musa-acuminata-banana-da411692-4037-11ec-b609-94b86d66fd1d_jpg.rf.axAle0BKigzPS2T8L9NX.jpg,1,0,0,1,0,0
musa-acuminata-unripe-5cf375c4-2653-11ec-95bd-d8c4975e38aa---Copy_jpg.rf.bEZAqCk5FnTlR4doyVTC.jpg,0,0,0,0,1,1
musa-acuminata-rotten-8f16dca5-2653-11ec-a030-d8c4975e38aa_jpg.rf.bKFLmXsy6gnkoxvxVZyg.jpg,0,0,0,0,1,0
musa-acuminata-unripe-571aad3b-2653-11ec-861e-d8c4975e38aa---Copy_jpg.rf.WrakPaxPoxBuoEmlOZZu.jpg,0,0,0,0,1,1
musa-acuminata-mold-e647c495-1d0a-11ec-874f-d8c4975e38aa_jpg.rf.bM3fyB9rusdTnhft1ABn.jpg,0,0,1,0,0,0
musa-acuminata-banana-de1a41fa-394a-11ec-9ee7-d8c4975e38aa_jpg.rf.bMMj3qLA79CKY6HLHtqv.jpg,0,0,0,1,0,0
musa-acuminata-freshunripe-279cd7ce-2653-11ec-a10b-d8c4975e38aa_jpg.rf.YBR3UhPcvzXohiDQJ2gM.jpg,0,1,0,0,0,0
musa-acuminata-unripe-84b3b52b-1d0a-11ec-a55b-d8c4975e38aa-1-_jpg.rf.bRDbP4BNnCxenTVuIhYj.jpg,0,0,0,0,0,1
musa-acuminata-freshripe-7b5b04ae-1d0a-11ec-bd01-d8c4975e38aa_jpg.rf.bgO6MbjzYAZTVYn9mzQd.jpg,1,0,0,0,0,0
musa-acuminata-ripe-6b6dade0-2653-11ec-806b-d8c4975e38aa_jpg.rf.bg5jCQ0oGaff46Q7ZUXW.jpg,0,0,0,1,0,0
musa-acuminata-rotten-aee113fd-1d0a-11ec-a4e0-d8c4975e38aa_jpg.rf.XzIbv3PeLcGseThJkbPQ.jpg,0,0,0,0,1,0
musa-acuminata-banana-aa4d4840-394a-11ec-b119-d8c4975e38aa_jpg.rf.bswHj2NnfBWMevnhFAdC.jpg,0,0,1,0,0,0
musa-acuminata-banana-c57c7e6d-394a-11ec-957e-d8c4975e38aa_jpg.rf.YVldlFrW7z6WaXSOyamF.jpg,1,0,0,1,0,0
musa-acuminata-banana-b39fac1a-394a-11ec-b5e5-d8c4975e38aa_jpg.rf.bm8vUMHumRgoRNUtpymb.jpg,1,0,0,0,0,0
musa-acuminata-freshunripe-6c57757a-1d0a-11ec-8f81-d8c4975e38aa_jpg.rf.btxpKKOTQ8EkclpCstR1.jpg,0,1,0,0,0,0
musa-acuminata-rotten-8faf9a5d-2653-11ec-9b37-d8c4975e38aa_jpg.rf.6tUdAv3cPDf4rlvGkLN3.jpg,0,0,0,0,1,0
musa-acuminata-banana-ff19ee29-394a-11ec-a844-d8c4975e38aa_jpg.rf.6pcqqiZIoZCv1EiWQeZN.jpg,1,0,0,1,0,0
musa-acuminata-unripe-55beb125-2653-11ec-aea2-d8c4975e38aa_jpg.rf.XxEb18Stx2lNY9a8f1we.jpg,0,0,0,0,0,1
musa-acuminata-ripe-6edd296b-2653-11ec-bdca-d8c4975e38aa_jpg.rf.6sAOvjSLKD8dYLUxoPao.jpg,0,0,0,1,1,0
musa-acuminata-freshunripe-2e2600f6-2653-11ec-a2cc-d8c4975e38aa_jpg.rf.73ZIhEseOOcQM4cfLgeo.jpg,0,1,0,0,0,0
musa-acuminata-banana-baa41dcb-4037-11ec-bfd7-94b86d66fd1d_jpg.rf.70rRycJbgfPzDZPOmX6b.jpg,0,1,0,0,0,0
musa-acuminata-mold-e3fd7232-1d0a-11ec-b6b4-d8c4975e38aa_jpg.rf.XmFyuMOOmoiz60fRfTdK.jpg,0,0,1,0,1,0
musa-acuminata-banana-c266643d-394a-11ec-b462-d8c4975e38aa_jpg.rf.7FNRUlFqdn0QQLlknYJd.jpg,0,0,0,1,0,0
musa-acuminata-banana-d9aaa0f8-394a-11ec-a85d-d8c4975e38aa_jpg.rf.7Hs3fa1DBXTFWzid4q1M.jpg,0,0,0,1,0,0
musa-acuminata-ripe-71b41ad5-2653-11ec-a188-d8c4975e38aa_jpg.rf.6ynEkVoRfPyfrXaabIi5.jpg,0,0,0,1,1,0
musa-acuminata-freshunripe-6a5b51dc-1d0a-11ec-a520-d8c4975e38aa_jpg.rf.XCj9udnyiOcmQ2QtYCrk.jpg,0,1,0,0,0,0
musa-acuminata-banana-8a7e853b-394a-11ec-9149-d8c4975e38aa_jpg.rf.7qg2DXuDCr8zcvzuXOtg.jpg,0,0,0,0,1,0
musa-acuminata-banana-a4dec156-394a-11ec-a1ce-d8c4975e38aa_jpg.rf.89noNwOK6pXCJieRQPos.jpg,0,0,0,1,0,0
musa-acuminata-mold-e3dc13ee-1d0a-11ec-91aa-d8c4975e38aa_jpg.rf.6v1eLZvS8yvj0EtxaDap.jpg,0,0,1,0,1,0
musa-acuminata-overripe-7d60e152-2653-11ec-a4bb-d8c4975e38aa_jpg.rf.7qzwnEZQG877Rr633hm7.jpg,0,0,1,0,0,0
musa-acuminata-overripe-a0d8cc17-1d0a-11ec-9859-d8c4975e38aa_jpg.rf.7MAFuKbJ0npILiz0wf5S.jpg,0,0,1,0,0,0
musa-acuminata-mold-e29cb534-1d0a-11ec-93e3-d8c4975e38aa_jpg.rf.7vBfCJJJaTmn4AoA2wft.jpg,0,0,1,0,1,0
musa-acuminata-ripe-716efc3c-2653-11ec-8dd1-d8c4975e38aa_jpg.rf.WmSyuZcapv3eowF64Lge.jpg,0,0,0,1,1,0
musa-acuminata-overripe-7ff1092b-2653-11ec-83c1-d8c4975e38aa_jpg.rf.8FF1dOK69fd876xE9lb0.jpg,0,0,1,0,0,0
musa-acuminata-overripe-7faf7a2f-2653-11ec-a215-d8c4975e38aa_jpg.rf.7RbryNtSOFJ5cj7emX6M.jpg,0,0,1,0,0,0
musa-acuminata-banana-e44260b9-394a-11ec-bf4f-d8c4975e38aa_jpg.rf.8IQqSCeFLAVFpEsoEkqO.jpg,1,0,0,0,0,0
musa-acuminata-rotten-81360f06-2653-11ec-989b-d8c4975e38aa_jpg.rf.8OS99ZMRHhlQ3w58Dht8.jpg,0,0,0,0,1,0
musa-acuminata-freshripe-7e5db76b-1d0a-11ec-85e1-d8c4975e38aa_jpg.rf.8RtTxhAIVx57mtwwgW4z.jpg,1,0,0,0,0,0
musa-acuminata-banana-f20ec9de-394a-11ec-a49b-d8c4975e38aa_jpg.rf.8ULyenDxNMuMfQo69G30.jpg,1,0,0,1,0,0
musa-acuminata-overripe-80ba599e-2653-11ec-8203-d8c4975e38aa_jpg.rf.8ajjD6VakTrRDAuQ3JgU.jpg,0,0,1,0,1,0
musa-acuminata-freshunripe-67c5a696-1d0a-11ec-8147-d8c4975e38aa_jpg.rf.8uAzszChzOb7RjSwer18.jpg,0,1,0,0,0,0
musa-acuminata-banana-91b1cfa2-394a-11ec-915b-d8c4975e38aa_jpg.rf.8LFiUaWHYLTow1cAlig7.jpg,0,0,1,0,0,0
musa-acuminata-unripe-610e8c6e-2653-11ec-8930-d8c4975e38aa---Copy_jpg.rf.94qRb6gGkk603aCYLclG.jpg,0,0,0,0,1,1
musa-acuminata-unripe-90333c48-1d0a-11ec-82a3-d8c4975e38aa-1-_jpg.rf.8cLh9UWBoZ0n25elAtdR.jpg,0,0,0,0,0,1
musa-acuminata-ripe-6ca84a6f-2653-11ec-b317-d8c4975e38aa_jpg.rf.8nVSKJGfVIrRdmSoh7KW.jpg,0,0,0,1,0,0
musa-acuminata-rotten-8946e26b-2653-11ec-bcbe-d8c4975e38aa_jpg.rf.9Q5iS3fLJnj8OBGwun92.jpg,0,0,0,0,1,0
musa-acuminata-ripe-749e1d7f-2653-11ec-a673-d8c4975e38aa_jpg.rf.9X3YZY31XtYB0kA22KwZ.jpg,0,0,0,0,1,0
musa-acuminata-freshunripe-753ba19b-1d0a-11ec-86de-d8c4975e38aa_jpg.rf.Haj7LFQYHBsyPGxhGrg8.jpg,0,1,0,0,0,0
musa-acuminata-freshripe-48b84adc-2653-11ec-90aa-d8c4975e38aa_jpg.rf.Hdax0hnqRvGdnNb03hjd.jpg,1,0,0,0,0,0
musa-acuminata-overripe-9eedcfea-1d0a-11ec-a2e4-d8c4975e38aa_jpg.rf.XUnA27VEuNdQXU96MXuV.jpg,0,0,1,0,1,0
musa-acuminata-banana-9df5450b-394a-11ec-bd44-d8c4975e38aa_jpg.rf.IAyZn6eNZknIO0Cs16do.jpg,0,0,1,0,1,0
musa-acuminata-rotten-8568bcc7-2653-11ec-b1d7-d8c4975e38aa_jpg.rf.HfuN9k11bWLuRqMlls46.jpg,0,0,0,0,1,0
musa-acuminata-banana-b261738a-394a-11ec-bacf-d8c4975e38aa_jpg.rf.IP5YAxUBr35RD4YcdPee.jpg,1,0,0,0,0,0
musa-acuminata-banana-c8a5bc50-4037-11ec-aba3-94b86d66fd1d_jpg.rf.IGq19BinRwTWfjMDFV3f.jpg,0,0,0,1,0,0
musa-acuminata-mold-e3f8adc7-1d0a-11ec-ab9f-d8c4975e38aa_jpg.rf.9WXVkg2ELqqU1GVEMTYz.jpg,0,0,1,0,1,0
musa-acuminata-overripe-7e0e4503-2653-11ec-b427-d8c4975e38aa_jpg.rf.9dt4EIQpjTJLaGwZgqfh.jpg,0,0,1,0,0,0
musa-acuminata-banana-bf226dd1-4037-11ec-99fe-94b86d66fd1d_jpg.rf.IJjAklNqEjVnRPUawGDQ.jpg,1,0,0,1,0,0
musa-acuminata-rotten-ac9449ae-1d0a-11ec-8af4-d8c4975e38aa_jpg.rf.I8iqkvX0IZzmR176Bgi7.jpg,0,0,0,0,1,0
musa-acuminata-banana-a54016ea-4037-11ec-ad3e-94b86d66fd1d_jpg.rf.XPC8KjD8hZ5A8hfpxgNv.jpg,1,0,0,0,0,0
musa-acuminata-banana-9700659a-394a-11ec-b689-d8c4975e38aa_jpg.rf.IRqrpKNmR0sGfWdq2LMt.jpg,0,0,0,0,1,0
musa-acuminata-banana-ab42e7aa-394a-11ec-aff1-d8c4975e38aa_jpg.rf.X0L8SNvc80WKyhqNcaZT.jpg,0,0,1,0,1,0
musa-acuminata-freshripe-778f5fea-1d0a-11ec-afdd-d8c4975e38aa_jpg.rf.IUZRR2XbV5P5hxwVpngI.jpg,1,0,0,0,0,0
musa-acuminata-rotten-8562b26f-2653-11ec-9c4a-d8c4975e38aa_jpg.rf.IaZTTW4lGS5CLicebO4W.jpg,0,0,0,0,1,0
musa-acuminata-overripe-a0f303d3-1d0a-11ec-bfa4-d8c4975e38aa_jpg.rf.IUpxNFQpJonfvzGoAJWc.jpg,0,0,1,0,0,0
musa-acuminata-rotten-8a2889ac-2653-11ec-a352-d8c4975e38aa_jpg.rf.JmWscg69ujIdWJvForjC.jpg,0,0,0,0,1,0
musa-acuminata-ripe-73afc5e8-2653-11ec-a67c-d8c4975e38aa_jpg.rf.IulSwhW7okCVYyls1hpN.jpg,0,0,0,0,1,0
musa-acuminata-rotten-ae2bdaae-1d0a-11ec-9e36-d8c4975e38aa_jpg.rf.JKbJiOcj661FRdVkwuHV.jpg,0,0,0,0,1,0
musa-acuminata-banana-c3b0b592-394a-11ec-b92c-d8c4975e38aa_jpg.rf.Jev0Rsmp1eFsVD0GlGIG.jpg,0,0,0,1,0,0
musa-acuminata-banana-d7aeb2f9-394a-11ec-859f-d8c4975e38aa_jpg.rf.J1tBCkHEfajLgILL0qxi.jpg,1,0,0,1,0,0
musa-acuminata-freshripe-46f5d22b-2653-11ec-a8ca-d8c4975e38aa_jpg.rf.JmiQN5R3BPZftLrhba31.jpg,1,0,0,0,0,0
musa-acuminata-freshunripe-63ebed77-1d0a-11ec-9960-d8c4975e38aa_jpg.rf.X2eA0YYsjvIhMhTBzmOl.jpg,0,1,0,0,0,0
musa-acuminata-banana-b01b3700-394a-11ec-b4a6-d8c4975e38aa_jpg.rf.JtBiecLSDYbk49mUJx3c.jpg,0,0,0,1,0,0
musa-acuminata-rotten-a264721a-1d0a-11ec-a2d1-d8c4975e38aa_jpg.rf.KmIGgLNhqWNBbu4kVAWX.jpg,0,0,0,0,1,0
musa-acuminata-banana-e8dc6a09-394a-11ec-9910-d8c4975e38aa_jpg.rf.LQWYGyQ8XLZ4IVhvyOuQ.jpg,1,0,0,1,0,0
musa-acuminata-banana-e7b329d7-394a-11ec-9fbc-d8c4975e38aa_jpg.rf.KkEmxjlWrykbJsaI6Fab.jpg,0,0,0,1,0,0
musa-acuminata-banana-d43234d4-4037-11ec-b897-94b86d66fd1d_jpg.rf.Jr9wGM7nklQuCQNTgDdK.jpg,1,0,0,1,0,0
musa-acuminata-freshripe-4d5b3af7-2653-11ec-a1d6-d8c4975e38aa_jpg.rf.Kaak1qxfsavRiomNi7AA.jpg,1,0,0,0,0,0
musa-acuminata-freshripe-7d01a8a1-1d0a-11ec-827c-d8c4975e38aa_jpg.rf.KnDGSS2dNzk1u4Qgyty6.jpg,1,0,0,0,0,0
musa-acuminata-mold-e6a25961-1d0a-11ec-b916-d8c4975e38aa_jpg.rf.LOWgZCsu1V3HHn7vCPN3.jpg,0,0,1,0,0,0
musa-acuminata-freshripe-7cab7dff-1d0a-11ec-b233-d8c4975e38aa_jpg.rf.K39L5SiAKPqBev6XJlSC.jpg,1,0,0,0,0,0
musa-acuminata-overripe-9df5f0ed-1d0a-11ec-a9e5-d8c4975e38aa_jpg.rf.XRRu1FKAo4UaT7vf8DjY.jpg,0,0,1,0,1,0
musa-acuminata-banana-b37ddd5a-394a-11ec-a50f-d8c4975e38aa_jpg.rf.LZ6TSwHGhtsQ9JRFpyCS.jpg,1,0,0,0,0,0
musa-acuminata-rotten-84a0e3d2-2653-11ec-a7a2-d8c4975e38aa_jpg.rf.LTEW29b269QyPGrEZKUD.jpg,0,0,0,0,1,0
musa-acuminata-ripe-944e5351-1d0a-11ec-8204-d8c4975e38aa_jpg.rf.LnkWabfjGMT63zZiXdiI.jpg,0,0,0,1,0,0
musa-acuminata-ripe-6a9bf023-2653-11ec-8c0e-d8c4975e38aa_jpg.rf.diMCgMs0AMVbJ6tkT5Br.jpg,0,0,0,1,0,0
musa-acuminata-mold-e54b224f-1d0a-11ec-83d6-d8c4975e38aa_jpg.rf.djO8zyE1SSwjK7bB496H.jpg,0,0,1,0,0,0
musa-acuminata-banana-988bbe59-394a-11ec-b103-d8c4975e38aa_jpg.rf.dhtGRuhXU3S7ywPYghRu.jpg,0,0,1,0,0,0
musa-acuminata-banana-d7a8c9d3-394a-11ec-9e67-d8c4975e38aa_jpg.rf.dpL8jk5W2wIDH4saJLOe.jpg,1,0,0,1,0,0
musa-acuminata-unripe-5d1737a9-2653-11ec-a143-d8c4975e38aa---Copy_jpg.rf.dqAgUV2ArAO8a0VwN1YT.jpg,0,0,0,0,1,1
musa-acuminata-banana-9f24ac87-394a-11ec-92ed-d8c4975e38aa_jpg.rf.X2FmSNz4kUslANMJv1AC.jpg,0,0,0,0,1,0
musa-acuminata-rotten-86617304-2653-11ec-84a1-d8c4975e38aa_jpg.rf.dtYNY0J7rGwNA8CHzSVA.jpg,0,0,0,0,1,0
musa-acuminata-banana-ff151499-394a-11ec-acae-d8c4975e38aa_jpg.rf.dxqvRoVoWqoSfyCKCamf.jpg,1,0,0,1,0,0
musa-acuminata-unripe-87e53aad-1d0a-11ec-a9b1-d8c4975e38aa-1-_jpg.rf.e4I2tfA2rxZN1DOE31mv.jpg,0,0,0,0,1,1
musa-acuminata-freshunripe-2e213cb0-2653-11ec-b96e-d8c4975e38aa_jpg.rf.dnbqHXKxTprnJ7J49Fpp.jpg,0,1,0,0,0,0
musa-acuminata-overripe-9fc91643-1d0a-11ec-a10a-d8c4975e38aa_jpg.rf.ej1buGehevbvLMTRCOuC.jpg,0,0,1,0,0,0
musa-acuminata-banana-8f0ec3df-394a-11ec-8364-d8c4975e38aa_jpg.rf.ekJQVzJl1GktiBHXrEmu.jpg,0,0,1,0,0,0
musa-acuminata-unripe-8f179bc7-1d0a-11ec-a51c-d8c4975e38aa-1-_jpg.rf.evFgk8kfBIjka1h90oFx.jpg,0,0,0,0,0,1
musa-acuminata-freshripe-7b413d9b-1d0a-11ec-88bc-d8c4975e38aa_jpg.rf.ewjtLxNF5AyPm0XMWioL.jpg,1,0,0,0,0,0
musa-acuminata-freshunripe-3b22e053-2653-11ec-b3f2-d8c4975e38aa_jpg.rf.ezOqS9LMrcyQRCrXyAT0.jpg,0,1,0,0,0,0
musa-acuminata-banana-8c040085-394a-11ec-9923-d8c4975e38aa_jpg.rf.eBO2ppVyiaGiId5nPqeH.jpg,0,0,0,0,1,0
musa-acuminata-banana-92b3e961-394a-11ec-a5a0-d8c4975e38aa_jpg.rf.eIDwHumYTNlaTX6ZLJFU.jpg,0,0,1,0,0,0
musa-acuminata-rotten-bc6b1c1f-1d0a-11ec-93f5-d8c4975e38aa_jpg.rf.e7UtsVAkPSpRAHc0TQvP.jpg,0,0,0,0,1,0
musa-acuminata-banana-b121a8d6-394a-11ec-a9db-d8c4975e38aa_jpg.rf.e5p4RS8nDIRM8KnVCzzo.jpg,1,0,0,1,0,0
musa-acuminata-overripe-9bbeafd2-1d0a-11ec-9d54-d8c4975e38aa_jpg.rf.eJSpiry6IpouCf6poHu9.jpg,0,0,1,0,0,0
musa-acuminata-overripe-a01c81c2-1d0a-11ec-96d6-d8c4975e38aa_jpg.rf.eJyxtBobz8T4ynl2zbxn.jpg,0,0,1,0,1,0
musa-acuminata-banana-a12f1b03-4037-11ec-857f-94b86d66fd1d_jpg.rf.dyf3bq6kCQSFOWUCn8qe.jpg,0,0,0,1,0,0
musa-acuminata-overripe-7f11f36f-2653-11ec-a83e-d8c4975e38aa_jpg.rf.eeF3673N0809JzNFspy8.jpg,0,0,1,0,0,0
musa-acuminata-ripe-93a2b80d-1d0a-11ec-8a19-d8c4975e38aa_jpg.rf.eKqicYcKamAUlEdBqFf4.jpg,0,0,0,1,0,0
musa-acuminata-freshripe-7c8193b9-1d0a-11ec-a1d2-d8c4975e38aa_jpg.rf.ePlt1kKayONOz67gqZCD.jpg,1,0,0,0,0,0
musa-acuminata-unripe-86e631ec-1d0a-11ec-bb40-d8c4975e38aa-1-_jpg.rf.f9aEziaYDmJLc0mzPgAw.jpg,0,0,0,0,1,1
musa-acuminata-freshripe-7c48263a-1d0a-11ec-83d0-d8c4975e38aa_jpg.rf.fAulDeV0ZvSWgh4CjuX2.jpg,1,0,0,0,0,0
musa-acuminata-banana-afe90b8c-394a-11ec-9405-d8c4975e38aa_jpg.rf.fCxnl2apJGF04ksgdnzs.jpg,1,0,0,0,0,0
musa-acuminata-banana-f19db68d-394a-11ec-b92b-d8c4975e38aa_jpg.rf.0SBx9KFCZf8r2gs91rJY.jpg,0,0,0,1,0,0
musa-acuminata-rotten-aaa2193c-1d0a-11ec-b82a-d8c4975e38aa_jpg.rf.X29hYC9S2IvEAsubDEAu.jpg,0,0,0,0,1,0
musa-acuminata-rotten-b8c6ba4c-1d0a-11ec-8448-d8c4975e38aa_jpg.rf.0WfL78nGuOxcUJB6OBUq.jpg,0,0,0,0,1,0
musa-acuminata-rotten-ae7f45fb-1d0a-11ec-bfe2-d8c4975e38aa_jpg.rf.eGA2I02G0M7dWU9T2bJ8.jpg,0,0,0,0,1,0
musa-acuminata-banana-d9384ad4-4037-11ec-ac3c-94b86d66fd1d_jpg.rf.f43gjAkjkzIhR97vuoK0.jpg,1,0,0,1,0,0
musa-acuminata-mold-e5f1f6e5-1d0a-11ec-b64d-d8c4975e38aa_jpg.rf.1HxPIZFXqeWVR0eGuQdZ.jpg,0,0,1,0,0,0
musa-acuminata-ripe-94eba1aa-1d0a-11ec-b0a4-d8c4975e38aa_jpg.rf.1KKfGL3DpFyKarGGZ4V1.jpg,0,0,0,1,0,0
musa-acuminata-freshripe-4c9c8e98-2653-11ec-bc09-d8c4975e38aa_jpg.rf.1S5bbEPKzouqPU5tXr0n.jpg,1,0,0,0,0,0
musa-acuminata-banana-9ef1348d-394a-11ec-a387-d8c4975e38aa_jpg.rf.f4fJcsJn4Ssv9mtFCGVJ.jpg,0,0,0,0,1,0
musa-acuminata-ripe-74484ff9-2653-11ec-8b9f-d8c4975e38aa_jpg.rf.0vJVh21J0kj0WDOsYbu7.jpg,0,0,0,0,1,0
musa-acuminata-rotten-87650f88-2653-11ec-a92f-d8c4975e38aa_jpg.rf.0YrafrhQcHRRY3hQRcIJ.jpg,0,0,0,0,1,0
musa-acuminata-banana-a56483e2-394a-11ec-a9bf-d8c4975e38aa_jpg.rf.0yK7bvt3HeEmaJtOh6cd.jpg,0,0,1,0,1,0
musa-acuminata-banana-8b71ff0b-394a-11ec-ab9a-d8c4975e38aa_jpg.rf.0wfgIRi5zI426NALDK2k.jpg,0,0,0,0,1,0
musa-acuminata-ripe-91645190-1d0a-11ec-a05b-d8c4975e38aa_jpg.rf.0tWOOtkNzUoeQTfjLnFj.jpg,0,0,0,1,0,0
musa-acuminata-freshunripe-1d9d9b76-2653-11ec-95eb-d8c4975e38aa_jpg.rf.0YI8vvdPublgh1Bu98Vi.jpg,0,1,0,0,0,0
musa-acuminata-unripe-8c1360f4-1d0a-11ec-ab91-d8c4975e38aa-1-_jpg.rf.1D11w0ahmCVHWXKqu7bK.jpg,0,0,0,0,0,1
musa-acuminata-freshripe-7b6dadda-1d0a-11ec-9764-d8c4975e38aa_jpg.rf.10JbzED1cEiHRSYKxZW3.jpg,1,0,0,0,0,0
musa-acuminata-overripe-75dd7e88-2653-11ec-9c60-d8c4975e38aa_jpg.rf.1EhC1854ZbipzBebyPoj.jpg,0,0,1,0,1,0
musa-acuminata-ripe-6f4acc9c-2653-11ec-a37e-d8c4975e38aa_jpg.rf.0Iuh14YuJyTL2KnIXGCV.jpg,0,0,0,1,1,0
musa-acuminata-rotten-b93bae0d-1d0a-11ec-88f9-d8c4975e38aa_jpg.rf.1wFEHnSVRb7wgNfPQqIA.jpg,0,0,0,0,1,0
musa-acuminata-unripe-89e0e556-1d0a-11ec-bc5c-d8c4975e38aa-1-_jpg.rf.1xKNYR14odc9V3QmLJD9.jpg,0,0,0,0,0,1
musa-acuminata-freshunripe-6c5b1edd-1d0a-11ec-b8a7-d8c4975e38aa_jpg.rf.1yBRk6dch0kNFVj9igTA.jpg,0,1,0,0,0,0
musa-acuminata-banana-e697e834-394a-11ec-b5ca-d8c4975e38aa_jpg.rf.238LYQyKzeuuMsLHtcyR.jpg,0,0,0,1,0,0
musa-acuminata-mold-e3aecc2b-1d0a-11ec-a538-d8c4975e38aa_jpg.rf.XOPskd6ZJlKdj7Nzb2BP.jpg,0,0,1,0,1,0
musa-acuminata-banana-f44ac7d5-394a-11ec-9bc2-d8c4975e38aa_jpg.rf.X5oznzziAJEh2rWaLkg7.jpg,0,0,0,1,0,0
musa-acuminata-overripe-800f99ad-2653-11ec-bbba-d8c4975e38aa_jpg.rf.27H5pXXFif56jIbdr7eg.jpg,0,0,1,0,1,0
musa-acuminata-banana-dce77a28-394a-11ec-98f0-d8c4975e38aa_jpg.rf.2DUX0mOq3dpzJmXWKI0y.jpg,0,0,0,1,0,0
musa-acuminata-freshunripe-6e603355-1d0a-11ec-8936-d8c4975e38aa_jpg.rf.1V8O8FFViQMjdBEK7fRn.jpg,0,1,0,0,0,0
musa-acuminata-mold-e49ac079-1d0a-11ec-bf88-d8c4975e38aa_jpg.rf.1Si9d3oCFqZ0sRHFnCn9.jpg,0,0,1,0,0,0
musa-acuminata-ripe-73042abf-2653-11ec-890c-d8c4975e38aa_jpg.rf.1qMZs3O3tSdzXmeFNU4n.jpg,0,0,0,0,1,0
musa-acuminata-overripe-9edd20ca-1d0a-11ec-ba36-d8c4975e38aa_jpg.rf.1jvGOWVBFVUJCGI8c0f2.jpg,0,0,1,0,0,0
musa-acuminata-freshunripe-663a9629-1d0a-11ec-9d91-d8c4975e38aa_jpg.rf.jKctHt3VX5r8kL256tuJ.jpg,0,1,0,0,0,0
musa-acuminata-banana-ededdb98-394a-11ec-b8ba-d8c4975e38aa_jpg.rf.Wtnp5PWnbhlT1nAQzrPe.jpg,0,0,0,1,0,0
musa-acuminata-banana-fb0375fd-394a-11ec-a31d-d8c4975e38aa_jpg.rf.1WrzHkRvOX6rCDEZzQpg.jpg,1,0,0,1,0,0
musa-acuminata-banana-87859941-394a-11ec-8281-d8c4975e38aa_jpg.rf.2KYMWLESI27mC8aKCi07.jpg,0,0,0,1,1,0
musa-acuminata-unripe-8a1edc1a-1d0a-11ec-a8f4-d8c4975e38aa-1-_jpg.rf.2UE5mAZpN4r8pCpT40Z3.jpg,0,1,0,0,0,1
musa-acuminata-freshunripe-65327ecf-1d0a-11ec-bd9e-d8c4975e38aa_jpg.rf.37qNBTQMQEIC8WIRyHFn.jpg,0,1,0,0,0,0
musa-acuminata-ripe-73fe6d12-2653-11ec-ac43-d8c4975e38aa_jpg.rf.iTZTzXuWMXZ14kX93wU8.jpg,0,0,0,0,1,0
musa-acuminata-freshunripe-27a19c17-2653-11ec-bcea-d8c4975e38aa_jpg.rf.iS4wDo57uTIHdaWP7XIh.jpg,0,1,0,0,0,0
musa-acuminata-banana-9ce9193c-394a-11ec-84ca-d8c4975e38aa_jpg.rf.iWLJgCxcFBqIO0cGuezd.jpg,0,0,1,0,1,0
musa-acuminata-freshunripe-6abe5a12-1d0a-11ec-8bfd-d8c4975e38aa_jpg.rf.isWB0QCBb1PFTqQhWLOY.jpg,0,1,0,0,0,0
musa-acuminata-rotten-b8cf94e4-1d0a-11ec-9521-d8c4975e38aa_jpg.rf.kRraEexzdDRGNFgTKIyo.jpg,0,0,0,0,1,0
musa-acuminata-banana-e93cb254-394a-11ec-9060-d8c4975e38aa_jpg.rf.kSgkwhPpUT183JYQp4dS.jpg,1,0,0,1,0,0
musa-acuminata-banana-e79fe9ec-394a-11ec-ad4d-d8c4975e38aa_jpg.rf.Wse54tr1SXx6ZQWsDIsX.jpg,0,0,0,1,0,0
musa-acuminata-mold-e5d55e9c-1d0a-11ec-8aae-d8c4975e38aa_jpg.rf.XS9KLLlrrdZwcuVRo4oU.jpg,0,0,1,0,0,0
musa-acuminata-ripe-91b55b0f-1d0a-11ec-b565-d8c4975e38aa_jpg.rf.XFeWg8llXCfkyYzvoZTm.jpg,0,0,0,1,0,0
musa-acuminata-rotten-a413d87f-1d0a-11ec-9635-d8c4975e38aa_jpg.rf.kT6vXk4Y7vuKQxumB1HU.jpg,0,0,0,0,1,0
musa-acuminata-overripe-80fe583c-2653-11ec-b4be-d8c4975e38aa_jpg.rf.kVpvIJDauZyJgYa6D77K.jpg,0,0,1,0,0,0
musa-acuminata-mold-e68ce46a-1d0a-11ec-b9a3-d8c4975e38aa_jpg.rf.kkWnJGAHgfktwCtrIMCj.jpg,0,0,1,0,0,0
musa-acuminata-banana-97db4a28-394a-11ec-bf80-d8c4975e38aa_jpg.rf.j1dcsfWYZrMOQZhc7wAQ.jpg,0,0,1,0,0,0
musa-acuminata-ripe-71c267a8-2653-11ec-8f26-d8c4975e38aa_jpg.rf.2l2Se5r99DQm2H0o8Sq1.jpg,0,0,0,1,1,0
musa-acuminata-ripe-9222fe46-1d0a-11ec-8503-d8c4975e38aa_jpg.rf.jXPSNo2O4WA8PcuSorgV.jpg,0,0,0,1,0,0
musa-acuminata-ripe-99687104-1d0a-11ec-9646-d8c4975e38aa_jpg.rf.kO1C6dbKJpxyWPo3eZvx.jpg,0,0,0,1,1,0
musa-acuminata-banana-a9957733-394a-11ec-9f9d-d8c4975e38aa_jpg.rf.kJxC49jxtHrHGOenvIqf.jpg,0,0,0,0,1,0
musa-acuminata-ripe-98e2fabc-1d0a-11ec-9771-d8c4975e38aa_jpg.rf.kI58cqwfnvhmf8EJhO2T.jpg,0,0,0,1,1,0
musa-acuminata-banana-f8c57d7a-394a-11ec-b8ff-d8c4975e38aa_jpg.rf.k1ThjIOU9fuDz81MXW6K.jpg,0,0,0,1,0,0
musa-acuminata-rotten-bf2959b5-1d0a-11ec-8b4c-d8c4975e38aa_jpg.rf.kLmqsO9U49zT67J9O5dq.jpg,0,0,0,0,1,0
musa-acuminata-overripe-9bc11087-1d0a-11ec-923e-d8c4975e38aa_jpg.rf.jmsitp0PZizVal6kcHXL.jpg,0,0,1,0,0,0
musa-acuminata-mold-e22f0faa-1d0a-11ec-8f33-d8c4975e38aa_jpg.rf.kLALgseAjJlSJvLrIt6o.jpg,0,0,1,0,1,0
musa-acuminata-rotten-a22b3e5f-1d0a-11ec-81c2-d8c4975e38aa_jpg.rf.jhRAHbc0lGAsy62fYVZR.jpg,0,0,0,0,1,0
musa-acuminata-banana-c833c1e9-394a-11ec-ba0b-d8c4975e38aa_jpg.rf.lfr2mymU1mqJNDso3xmk.jpg,1,0,0,0,0,0
musa-acuminata-banana-c33049ab-394a-11ec-b485-d8c4975e38aa_jpg.rf.lu8Oy2ZzA6nSAuE41Vkn.jpg,0,0,0,1,0,0
musa-acuminata-banana-eca8ee24-394a-11ec-ba73-d8c4975e38aa_jpg.rf.lyrCuSARfltPmJ8bq9Ov.jpg,1,0,0,0,0,0
musa-acuminata-freshripe-7e947883-1d0a-11ec-8431-d8c4975e38aa_jpg.rf.m2cT9HvwHN7e59Mxb7AN.jpg,1,0,0,0,0,0
musa-acuminata-banana-c8ec56b2-394a-11ec-98e0-d8c4975e38aa_jpg.rf.fEpToU6B4hN7I4t4Fn7u.jpg,0,0,0,1,0,0
musa-acuminata-unripe-810a7e6d-1d0a-11ec-9c1f-d8c4975e38aa_jpg.rf.fMg60rFDJbrwoKqk2zXG.jpg,0,0,0,0,1,1
musa-acuminata-banana-fd83ed64-394a-11ec-bf59-d8c4975e38aa_jpg.rf.fScBKiUlhTztjASvxogt.jpg,0,0,0,1,0,0
musa-acuminata-banana-a1e5516a-394a-11ec-a0f9-d8c4975e38aa_jpg.rf.fiyeFtl3jFIrmsIaFY2s.jpg,0,0,0,1,0,0
musa-acuminata-freshripe-7daac744-1d0a-11ec-a4b3-d8c4975e38aa_jpg.rf.kmMbW1njoFtKKOtedMLL.jpg,1,0,0,0,0,0
musa-acuminata-freshripe-454b304f-2653-11ec-bcbb-d8c4975e38aa_jpg.rf.l7L3ZI27N1evq79Z70zW.jpg,1,0,0,0,0,0
musa-acuminata-banana-f467469e-394a-11ec-adbf-d8c4975e38aa_jpg.rf.kt42sERUOpEHxw2cN7ma.jpg,0,0,0,1,0,0
musa-acuminata-banana-d4e51acf-4037-11ec-b054-94b86d66fd1d_jpg.rf.kPdjYd5bbLbzbfgngZCL.jpg,1,0,0,0,0,0
musa-acuminata-banana-ede866ac-394a-11ec-a5ad-d8c4975e38aa_jpg.rf.lK7EyOgWdd6cyQA6bdnR.jpg,0,0,0,1,0,0
musa-acuminata-ripe-97ce7e19-1d0a-11ec-97e0-d8c4975e38aa_jpg.rf.lDgaYyNBgkOEw86xqzMy.jpg,0,0,0,1,1,0
musa-acuminata-ripe-6d812ea6-2653-11ec-87ca-d8c4975e38aa_jpg.rf.gUj0wfvl3M69KWeB1iSx.jpg,0,0,0,1,0,0
musa-acuminata-overripe-a047689d-1d0a-11ec-a420-d8c4975e38aa_jpg.rf.gWEYvCRAtSOXoPzZEDvv.jpg,0,0,1,0,1,0
musa-acuminata-ripe-6d1f763d-2653-11ec-8425-d8c4975e38aa_jpg.rf.gYM400eOZqyqLhGz0OCY.jpg,0,0,0,1,0,0
musa-acuminata-rotten-b8744192-1d0a-11ec-af8e-d8c4975e38aa_jpg.rf.ga0He0AcouVGGGXosVwk.jpg,0,0,0,0,1,0
musa-acuminata-freshunripe-2eee3b74-2653-11ec-aa4f-d8c4975e38aa_jpg.rf.gi1VVJRFSOgCxuOFUwrV.jpg,0,1,0,0,0,0
musa-acuminata-banana-bd434a20-4037-11ec-abc1-94b86d66fd1d_jpg.rf.glVjUtGWexnWiPRPMc1C.jpg,0,0,0,1,0,0
musa-acuminata-banana-b68c0ec7-394a-11ec-b5e5-d8c4975e38aa_jpg.rf.gnw4WDF8v7dWYW07nIrI.jpg,1,0,0,1,1,0
musa-acuminata-ripe-91a4aa86-1d0a-11ec-b9b6-d8c4975e38aa_jpg.rf.gtuTwJU6b2I6L1GLbXvK.jpg,0,0,0,1,0,0
musa-acuminata-banana-af2ae4ff-394a-11ec-bca4-d8c4975e38aa_jpg.rf.gvwk3sWlfNyhy5NzQBNy.jpg,0,0,0,1,0,0
musa-acuminata-overripe-9c0af362-1d0a-11ec-8bbf-d8c4975e38aa_jpg.rf.h1Wf5Wl84l5G1KDC4BXV.jpg,0,0,1,0,0,0
musa-acuminata-overripe-7dfad4e1-2653-11ec-afbe-d8c4975e38aa_jpg.rf.flbhxpIsIBPganXVTENZ.jpg,0,0,1,0,0,0
musa-acuminata-banana-b5d252d4-394a-11ec-8c2b-d8c4975e38aa_jpg.rf.fkUSfVzkoAiuUG01xz25.jpg,1,0,0,1,1,0
musa-acuminata-banana-ed0ab685-394a-11ec-adc7-d8c4975e38aa_jpg.rf.frj28XDPHwYkk0AuOX15.jpg,1,0,0,1,0,0
musa-acuminata-unripe-5452078d-2653-11ec-bbfc-d8c4975e38aa---Copy_jpg.rf.g1giLIn6aYTZXjGuIFaV.jpg,0,0,0,0,0,1
musa-acuminata-overripe-7512e745-2653-11ec-bc21-d8c4975e38aa_jpg.rf.gODPNgOT9nSDQqaSkeud.jpg,0,0,1,0,0,0
musa-acuminata-rotten-88b2db89-2653-11ec-81fa-d8c4975e38aa_jpg.rf.foNImsjUjFSD6jTCqGUI.jpg,0,0,0,0,1,0
musa-acuminata-freshunripe-1fdfd966-2653-11ec-b1dc-d8c4975e38aa_jpg.rf.gDOAjFXcho6qLKXLjWNv.jpg,0,1,0,0,0,0
musa-acuminata-unripe-54461cb2-2653-11ec-9d7d-d8c4975e38aa---Copy_jpg.rf.g23aAA7fMESWsrjTiLFQ.jpg,0,0,0,0,0,1
musa-acuminata-banana-b95810d8-4037-11ec-9d0b-94b86d66fd1d_jpg.rf.gA5NMm4qBahRefejE92g.jpg,0,1,0,0,0,1
musa-acuminata-rotten-814eecb8-2653-11ec-b990-d8c4975e38aa_jpg.rf.gO6kBwLC2Y23yd3PJNih.jpg,0,0,0,0,1,0
musa-acuminata-banana-b6f1e80d-394a-11ec-b658-d8c4975e38aa_jpg.rf.gPdqLk582mR9FQXjuXU7.jpg,0,0,0,1,0,0
musa-acuminata-rotten-82698f44-2653-11ec-841a-d8c4975e38aa_jpg.rf.hITTUwaOomVBNo3tGM7O.jpg,0,0,0,0,1,0
musa-acuminata-mold-e442909e-1d0a-11ec-b12c-d8c4975e38aa_jpg.rf.kjLCWY33l0ZxGeRA1RUz.jpg,0,0,1,0,0,0
musa-acuminata-banana-89753755-394a-11ec-a196-d8c4975e38aa_jpg.rf.kpq4SEJxmirETs7JDLXD.jpg,0,0,0,0,1,0
musa-acuminata-freshunripe-6abf92bd-1d0a-11ec-8b7c-d8c4975e38aa_jpg.rf.kqETer5XA4c02N4caxfh.jpg,0,1,0,0,0,0
musa-acuminata-overripe-9ed5fa63-1d0a-11ec-bb24-d8c4975e38aa_jpg.rf.kxO8kZyK7OA15U4jmoQO.jpg,0,0,1,0,0,0
musa-acuminata-banana-8f0d669e-394a-11ec-87f5-d8c4975e38aa_jpg.rf.kz7dI2Es3SVjqF5ZncOh.jpg,0,0,1,0,0,0
musa-acuminata-banana-8f17dbfb-394a-11ec-9d3a-d8c4975e38aa_jpg.rf.l1FtFCAcIKx2Ih7Yy5qk.jpg,0,0,1,0,0,0
musa-acuminata-overripe-80142c0a-2653-11ec-81cf-d8c4975e38aa_jpg.rf.l31ZTRqHKyXz4H1aoYul.jpg,0,0,1,0,0,0
musa-acuminata-ripe-9369844b-1d0a-11ec-8701-d8c4975e38aa_jpg.rf.l36IkqOvCnmWFPaKPdT9.jpg,0,0,0,1,0,0
musa-acuminata-rotten-8c54587f-2653-11ec-b391-d8c4975e38aa_jpg.rf.l3Li3UzUUEZiJ7zFEeFT.jpg,0,0,0,0,1,0
musa-acuminata-freshripe-7ce0998e-1d0a-11ec-90bd-d8c4975e38aa_jpg.rf.l3oIMxMSttZsU4RzCBOI.jpg,1,0,0,0,0,0
musa-acuminata-ripe-6eedd9a2-2653-11ec-b220-d8c4975e38aa_jpg.rf.l73GdExgCsXkyB43jXqU.jpg,0,0,0,1,1,0
musa-acuminata-banana-c57e76cf-394a-11ec-9bea-d8c4975e38aa_jpg.rf.lESy1ZKjwQiB3ekin90v.jpg,1,0,0,1,0,0
musa-acuminata-ripe-97cc1c37-1d0a-11ec-97d1-d8c4975e38aa_jpg.rf.gdqaeYlnsfHxYHzO88GY.jpg,0,0,0,1,1,0
musa-acuminata-rotten-82fe1e02-2653-11ec-bd51-d8c4975e38aa_jpg.rf.hI4HJsKRvgPlafbiUoCG.jpg,0,0,0,0,1,0
musa-acuminata-rotten-8b9e7d90-2653-11ec-b88e-d8c4975e38aa_jpg.rf.hCqtSjAJ1ZlM2wmP77ry.jpg,0,0,0,0,1,0
musa-acuminata-rotten-bb12ca1a-1d0a-11ec-b5a5-d8c4975e38aa_jpg.rf.h6hLO00aPdSQF8Gzs7fk.jpg,0,0,0,0,1,0
musa-acuminata-overripe-7fc4f049-2653-11ec-8702-d8c4975e38aa_jpg.rf.lenAKhUJldpDLbpKEu5H.jpg,0,0,1,0,1,0
musa-acuminata-banana-a512be63-394a-11ec-86d1-d8c4975e38aa_jpg.rf.lj62EGV1XQnusena5vvn.jpg,0,0,1,0,0,0
musa-acuminata-overripe-9edf82eb-1d0a-11ec-8e25-d8c4975e38aa_jpg.rf.ltcJRTvN2fppL2UKhiEX.jpg,0,0,1,0,1,0
musa-acuminata-banana-b4b855a0-394a-11ec-aceb-d8c4975e38aa_jpg.rf.lwnr0hCN44dTyev23pXs.jpg,1,0,0,0,0,0
musa-acuminata-unripe-8f853ed8-1d0a-11ec-86e9-d8c4975e38aa-1-_jpg.rf.m2yu7eRr7VcQwDWqFXDO.jpg,0,0,0,0,0,1
musa-acuminata-freshripe-46c3c4bd-2653-11ec-a654-d8c4975e38aa_jpg.rf.mALvLpxuLRVI45df4T8N.jpg,1,0,0,0,0,0
musa-acuminata-overripe-766094f2-2653-11ec-9028-d8c4975e38aa_jpg.rf.mB4ca0MNhrD7jz2qj1NI.jpg,0,0,1,0,0,0
musa-acuminata-ripe-6d1ab1e1-2653-11ec-942f-d8c4975e38aa_jpg.rf.mHWeyNm6Ikzc5Gs4QIU4.jpg,0,0,0,1,0,0
musa-acuminata-freshripe-7e869a2e-1d0a-11ec-bbb0-d8c4975e38aa_jpg.rf.mI7fCFJAEB6RXjM8bY7m.jpg,1,0,0,0,0,0
musa-acuminata-overripe-7efee231-2653-11ec-89f6-d8c4975e38aa_jpg.rf.mKKNThYGW1WliPqqbG8w.jpg,0,0,1,0,0,0
musa-acuminata-overripe-a0fa2a50-1d0a-11ec-b77d-d8c4975e38aa_jpg.rf.Lq87Us5UWr9Pe5xUunEF.jpg,0,0,1,0,0,0
musa-acuminata-overripe-80ef0486-2653-11ec-96a9-d8c4975e38aa_jpg.rf.LsSCAMrOvxN9pQ036mry.jpg,0,0,1,0,0,0
musa-acuminata-unripe-627d985c-2653-11ec-a294-d8c4975e38aa---Copy_jpg.rf.LzMZNi85GnvwL7HhJfQL.jpg,0,0,0,0,0,1
musa-acuminata-banana-ab3c636e-394a-11ec-af0f-d8c4975e38aa_jpg.rf.M8MMzWIFtrB2rIjg3nQP.jpg,0,0,1,0,1,0
musa-acuminata-unripe-80452d01-1d0a-11ec-938c-d8c4975e38aa_jpg.rf.MEBK6JslH8NeGLYsHkpU.jpg,0,0,0,0,1,1
musa-acuminata-ripe-6bd8ef0d-2653-11ec-a469-d8c4975e38aa_jpg.rf.lA1PlHzs7yTydzMc6nNV.jpg,0,0,0,1,0,0
musa-acuminata-banana-000dcc5d-394b-11ec-962a-d8c4975e38aa_jpg.rf.lDuRtudAkoyuebF85aSX.jpg,0,0,0,1,0,0
musa-acuminata-unripe-87811e21-1d0a-11ec-9719-d8c4975e38aa-1-_jpg.rf.lWxQXmkLlgzDC49ysjGU.jpg,0,0,0,0,0,1
musa-acuminata-banana-ca24fea7-4037-11ec-9c7b-94b86d66fd1d_jpg.rf.lJJasEQIBUVerOcGNsOh.jpg,0,0,0,1,0,0
musa-acuminata-banana-b53ca7f0-394a-11ec-95dc-d8c4975e38aa_jpg.rf.lNUiLx3KQelgrrU4d6Pu.jpg,0,0,0,1,0,0
musa-acuminata-banana-fabfb59b-394a-11ec-afc9-d8c4975e38aa_jpg.rf.lVFAPhAF2qGXquuEbGAn.jpg,0,0,0,1,0,0
musa-acuminata-unripe-8517cf8e-1d0a-11ec-8ff9-d8c4975e38aa-1-_jpg.rf.leYGsINRM0WeoAcOxWqD.jpg,0,0,0,0,1,1
musa-acuminata-unripe-8e32cca0-1d0a-11ec-bf67-d8c4975e38aa-1-_jpg.rf.lbh0tqJr7ROwexv9miDw.jpg,0,1,0,0,0,0
musa-acuminata-ripe-96348b41-1d0a-11ec-b4a6-d8c4975e38aa_jpg.rf.MV7NfiPnZYO6vVTcpf1e.jpg,0,0,0,1,1,0
musa-acuminata-banana-e783356a-394a-11ec-acd0-d8c4975e38aa_jpg.rf.MVXsbl6UyhmJHfcKp2bD.jpg,0,0,0,1,0,0
musa-acuminata-banana-88468a84-394a-11ec-8120-d8c4975e38aa_jpg.rf.MohAlcdlGOJMJQYQybhi.jpg,0,0,0,1,1,0
musa-acuminata-banana-c45f03f6-394a-11ec-bc48-d8c4975e38aa_jpg.rf.MqFBlkJIp7u5RcTDUG7d.jpg,0,0,0,1,0,0
musa-acuminata-banana-8d8616bd-394a-11ec-90a9-d8c4975e38aa_jpg.rf.Mvoo9OSipQo7t7vyyBnk.jpg,0,0,1,0,0,0
musa-acuminata-banana-e7b960b2-394a-11ec-b91c-d8c4975e38aa_jpg.rf.N4Jtob9doQQ6Yf0d2oo2.jpg,0,0,0,1,0,0
musa-acuminata-overripe-8098c96c-2653-11ec-84d2-d8c4975e38aa_jpg.rf.NHZemmz5GTSzNAZSTJgc.jpg,0,0,1,0,1,0
musa-acuminata-overripe-7b9f9e1d-2653-11ec-bc2f-d8c4975e38aa_jpg.rf.NQB5jfhz120aHB4jbyeF.jpg,0,0,1,0,1,0
musa-acuminata-freshunripe-25469a9c-2653-11ec-b1e3-d8c4975e38aa_jpg.rf.NTEo9fvdNYEeyLLcp5T0.jpg,0,1,0,0,0,0
musa-acuminata-mold-e436a5da-1d0a-11ec-9738-d8c4975e38aa_jpg.rf.NTSIf92gqWnRxS2oFtHd.jpg,0,0,1,0,0,0
musa-acuminata-banana-c21c4615-4037-11ec-80e0-94b86d66fd1d_jpg.rf.OC32AS06SSjn8DdlFVvT.jpg,0,0,0,1,0,0
musa-acuminata-overripe-9bf58002-1d0a-11ec-a877-d8c4975e38aa_jpg.rf.OM3ZgvhBD8fXWg1GJABL.jpg,0,0,1,0,0,0
musa-acuminata-ripe-9351af31-1d0a-11ec-a9af-d8c4975e38aa_jpg.rf.OR6iWn99pviWN0IpucE2.jpg,0,0,0,1,0,0
musa-acuminata-banana-c96e2d5d-4037-11ec-ada3-94b86d66fd1d_jpg.rf.OdSGQV2qZzaB44SoeGFx.jpg,0,0,0,1,0,0
musa-acuminata-unripe-5dc79592-2653-11ec-8492-d8c4975e38aa---Copy_jpg.rf.MNsfXomWr6ieK9se1mqO.jpg,0,0,0,0,1,1
musa-acuminata-mold-e69ff651-1d0a-11ec-924b-d8c4975e38aa_jpg.rf.MTsU5Qi9v8D3kShZH2kA.jpg,0,0,1,0,0,0
musa-acuminata-banana-fddf8619-394a-11ec-93f4-d8c4975e38aa_jpg.rf.bu12qymL73lxbxgtqZyz.jpg,0,0,0,1,0,0
musa-acuminata-ripe-6b288f55-2653-11ec-8799-d8c4975e38aa_jpg.rf.bu63jJZJ4bcvcusHCG8Z.jpg,0,0,0,1,0,0
musa-acuminata-banana-f0e3c8bf-394a-11ec-b16f-d8c4975e38aa_jpg.rf.bvOm28zzEVF2OuJZZiwR.jpg,1,0,0,1,0,0
musa-acuminata-unripe-820e47df-1d0a-11ec-819d-d8c4975e38aa-1-_jpg.rf.byI8MsvYItWOwuVvDZKJ.jpg,0,0,0,0,1,1
musa-acuminata-banana-eb8ce09d-394a-11ec-bc9d-d8c4975e38aa_jpg.rf.c1NezB0yX0MV64iophKP.jpg,1,0,0,0,0,0
musa-acuminata-unripe-8a2d28f7-1d0a-11ec-9c40-d8c4975e38aa-1-_jpg.rf.c9r5JPCQg3TiG4mAncpS.jpg,0,1,0,0,0,1
musa-acuminata-freshunripe-6985e93b-1d0a-11ec-9b78-d8c4975e38aa_jpg.rf.cLGM2Vn8vyLs5xD5SvL8.jpg,0,1,0,0,0,0
musa-acuminata-rotten-8b63c69b-2653-11ec-9a9c-d8c4975e38aa_jpg.rf.cSV4UwMQw5gMCTji8NC3.jpg,0,0,0,0,1,0
musa-acuminata-rotten-8164e6b0-2653-11ec-99dc-d8c4975e38aa_jpg.rf.can3zSHni0rx5RBOAYZA.jpg,0,0,0,0,1,0
musa-acuminata-rotten-ac8ac12c-1d0a-11ec-9588-d8c4975e38aa_jpg.rf.ccfacK1GtA0lqXoXLw4B.jpg,0,0,0,0,1,0
musa-acuminata-banana-b5d3896b-394a-11ec-8c27-d8c4975e38aa_jpg.rf.clH8yYD6mFGYd86qZsjA.jpg,1,0,0,1,1,0
musa-acuminata-banana-b4a0297b-4037-11ec-9648-94b86d66fd1d_jpg.rf.OuWtLF92iWLNRsG4N4d2.jpg,0,1,0,0,0,0
musa-acuminata-freshunripe-76cd1b49-1d0a-11ec-92b3-d8c4975e38aa_jpg.rf.P3tUyS9G68nAMztsPizs.jpg,0,0,0,0,0,1
musa-acuminata-rotten-86636c9d-2653-11ec-b33d-d8c4975e38aa_jpg.rf.QLPkTxWGj2EMAcV0KQf2.jpg,0,0,0,0,1,0
musa-acuminata-banana-8e856a80-394a-11ec-acf8-d8c4975e38aa_jpg.rf.PXKoNcMjHVO3GWJzEgEk.jpg,0,0,1,0,1,0
musa-acuminata-ripe-6c73daf8-2653-11ec-ba6c-d8c4975e38aa_jpg.rf.Ps3luj2Hij1nOtX57RS9.jpg,0,0,0,1,0,0
musa-acuminata-freshripe-4957fa0a-2653-11ec-a4a7-d8c4975e38aa_jpg.rf.Q9zSuth4Jk5MPwNdGGb8.jpg,1,0,0,0,0,0
musa-acuminata-freshripe-7bf70516-1d0a-11ec-b09c-d8c4975e38aa_jpg.rf.PvM7gJ8j3hP2fVwpcV8o.jpg,1,0,0,0,0,0
musa-acuminata-mold-e618197a-1d0a-11ec-86c2-d8c4975e38aa_jpg.rf.P7psqA3ligoKjufz8Ugs.jpg,0,0,1,0,0,0
musa-acuminata-banana-fae9640d-394a-11ec-b1ef-d8c4975e38aa_jpg.rf.OvPFgNdM01ofSkz78bnS.jpg,1,0,0,1,0,0
musa-acuminata-rotten-83d2e007-2653-11ec-9085-d8c4975e38aa_jpg.rf.cyyOxHYZaBZMPznWapFi.jpg,0,0,0,0,1,0
musa-acuminata-unripe-567d5ee7-2653-11ec-897f-d8c4975e38aa---Copy_jpg.rf.cz5z9xSNFUPkYLHM3f3V.jpg,0,0,0,0,1,1
musa-acuminata-freshunripe-2c38a2cd-2653-11ec-bb5e-d8c4975e38aa_jpg.rf.d9OpoP1bdd1uLzEL1LBm.jpg,0,1,0,0,0,0
musa-acuminata-ripe-9ad2ba2c-1d0a-11ec-bce6-d8c4975e38aa_jpg.rf.dCMNXG2p2KThnMfh6Jqm.jpg,0,0,0,1,1,0
musa-acuminata-banana-a0a0f76b-4037-11ec-ac4e-94b86d66fd1d_jpg.rf.dFJDKZknlytDlNcQ9l4N.jpg,1,0,0,0,0,0
musa-acuminata-unripe-90e39be1-1d0a-11ec-956c-d8c4975e38aa-1-_jpg.rf.dNQJQKwqPk3AeLp9vjSB.jpg,0,0,0,0,0,1
musa-acuminata-freshripe-79112aa1-1d0a-11ec-bcb0-d8c4975e38aa_jpg.rf.dNoRcEpe1pDLbe4LfexN.jpg,1,0,0,0,0,0
musa-acuminata-unripe-85f0b3d7-1d0a-11ec-bce3-d8c4975e38aa-1-_jpg.rf.dPXMmtartzyjUOZGn1Sc.jpg,0,0,0,0,1,1
musa-acuminata-banana-ead2cad1-394a-11ec-86d5-d8c4975e38aa_jpg.rf.dRHseGcU0zrBETUif4C4.jpg,0,0,0,1,0,0
musa-acuminata-banana-eb50738c-394a-11ec-af19-d8c4975e38aa_jpg.rf.dSz01DKOUy3vZAAqp8hg.jpg,1,0,0,1,0,0
musa-acuminata-banana-8783c7d5-394a-11ec-9a1a-d8c4975e38aa_jpg.rf.cvL51AoQZ8JVjPVs6gzu.jpg,0,0,1,0,1,0
musa-acuminata-freshripe-7c14630f-1d0a-11ec-90f0-d8c4975e38aa_jpg.rf.csaeIVxQKbS2mRbrGMjc.jpg,1,0,0,0,0,0
musa-acuminata-banana-ab3adf3e-394a-11ec-b3de-d8c4975e38aa_jpg.rf.cYU3lsHoWzx10PomRtxk.jpg,0,0,1,0,1,0
musa-acuminata-banana-8fc3c8ee-394a-11ec-bc66-d8c4975e38aa_jpg.rf.cx6tRfSWZgCr0JPKCZTr.jpg,0,0,0,0,1,0
musa-acuminata-unripe-8049f008-1d0a-11ec-a705-d8c4975e38aa_jpg.rf.crhsPE7dhR1qrhz8LAfY.jpg,0,0,0,0,1,1
musa-acuminata-freshripe-44855d57-2653-11ec-b7d7-d8c4975e38aa_jpg.rf.qbrXVsZ3dMwiH538j2pg.jpg,1,0,0,0,0,0
musa-acuminata-ripe-95c94a2f-1d0a-11ec-a024-d8c4975e38aa_jpg.rf.qhUSXRqqVwimizFnPCS3.jpg,0,0,0,1,1,0
musa-acuminata-banana-bf9ffdfb-4037-11ec-94a7-94b86d66fd1d_jpg.rf.r8E5wFocnT9q0BO3GWuG.jpg,1,0,0,0,0,0
musa-acuminata-freshripe-7a715c37-1d0a-11ec-a163-d8c4975e38aa_jpg.rf.rCCGzeAFjHBhEZYfAsx4.jpg,1,0,0,0,0,0
musa-acuminata-overripe-806eaa9e-2653-11ec-81dc-d8c4975e38aa_jpg.rf.rKhuy41LgSl4KQy0jPLj.jpg,0,0,1,0,0,0
musa-acuminata-mold-e4cf3231-1d0a-11ec-9869-d8c4975e38aa_jpg.rf.rLtRUEi7TUKLbazNTjcw.jpg,0,0,1,0,0,0
musa-acuminata-rotten-bf7d7e0c-1d0a-11ec-8715-d8c4975e38aa_jpg.rf.rVQWIY41IFpjS1P0RlNv.jpg,0,0,0,0,1,0
musa-acuminata-banana-de794b0c-394a-11ec-b576-d8c4975e38aa_jpg.rf.rgnuiI7aqfYC92OTy5Fr.jpg,0,0,0,1,0,0
musa-acuminata-freshunripe-2bc89d96-2653-11ec-b66b-d8c4975e38aa_jpg.rf.rh8LbVtS4COWb4GLpM5B.jpg,0,1,0,0,0,0
musa-acuminata-banana-b2d044e8-394a-11ec-a671-d8c4975e38aa_jpg.rf.rngXyH8n60HJSvYoxUnG.jpg,1,0,0,0,0,0
musa-acuminata-banana-a8ebb296-394a-11ec-96f4-d8c4975e38aa_jpg.rf.rrdR6foC4JIaofQSPegp.jpg,0,0,1,0,1,0
musa-acuminata-banana-aac6774c-394a-11ec-833c-d8c4975e38aa_jpg.rf.sIa2YewUNM2mZSwJQVKu.jpg,0,0,1,1,0,0
musa-acuminata-freshunripe-336b055b-2653-11ec-bd08-d8c4975e38aa_jpg.rf.dSnbEkgRobysD5HEJhgT.jpg,0,1,0,0,0,0
musa-acuminata-unripe-872db421-1d0a-11ec-9564-d8c4975e38aa-1-_jpg.rf.dTIV2slZbZHOey6mmTpS.jpg,0,0,0,0,1,1
musa-acuminata-banana-9beb52ba-394a-11ec-97e9-d8c4975e38aa_jpg.rf.da4AQEpjGjjsOq6htqqy.jpg,0,0,0,0,1,0
musa-acuminata-overripe-80d25d37-2653-11ec-80c1-d8c4975e38aa_jpg.rf.qZrp7Sz7iTP4GnPypLou.jpg,0,0,1,0,1,0
musa-acuminata-overripe-9d47f49f-1d0a-11ec-9bae-d8c4975e38aa_jpg.rf.dgsHupQugH7tDqYDuXWs.jpg,0,0,1,0,0,0
musa-acuminata-freshunripe-3416a082-2653-11ec-b6a0-d8c4975e38aa_jpg.rf.qGpf0waby2I7WVOXtPgP.jpg,0,1,0,0,0,0
musa-acuminata-overripe-8082efd8-2653-11ec-b0fc-d8c4975e38aa_jpg.rf.qZyT34Ajf8PYzttSOpd6.jpg,0,0,1,0,1,0
musa-acuminata-freshripe-7e812a0f-1d0a-11ec-a1bc-d8c4975e38aa_jpg.rf.q9kVPB4ESnhQt5XvwYFH.jpg,1,0,0,0,0,0
musa-acuminata-overripe-80d19b73-2653-11ec-84fc-d8c4975e38aa_jpg.rf.qHl5YpKo9UhaP2ZndcXV.jpg,0,0,1,0,1,0
musa-acuminata-rotten-83c8919e-2653-11ec-b65a-d8c4975e38aa_jpg.rf.qVUDPV7BYDFZxboTZ0mB.jpg,0,0,0,0,1,0
musa-acuminata-rotten-bd0ec8ba-1d0a-11ec-9b8f-d8c4975e38aa_jpg.rf.sqMb1On0RwcMxdiC3rc4.jpg,0,0,0,0,1,0
musa-acuminata-freshunripe-2bcfc437-2653-11ec-86dc-d8c4975e38aa_jpg.rf.szxlQtBpoVH45L3kjlGI.jpg,0,1,0,0,0,0
musa-acuminata-unripe-8889ad6e-1d0a-11ec-a99d-d8c4975e38aa-1-_jpg.rf.t1jr4lBciZrxwd5jYPeO.jpg,0,0,0,0,0,1
musa-acuminata-ripe-6b727240-2653-11ec-bdf5-d8c4975e38aa_jpg.rf.ta8xioQEAXW2X6XNDTts.jpg,0,0,0,1,0,0
musa-acuminata-rotten-bad670af-1d0a-11ec-85d2-d8c4975e38aa_jpg.rf.tbhmG3EJKEPXdjAhlF9c.jpg,0,0,0,0,1,0
musa-acuminata-ripe-7167d5ea-2653-11ec-879c-d8c4975e38aa_jpg.rf.teNyfShh2c4oTlyVrcqf.jpg,0,0,0,1,1,0
musa-acuminata-mold-e3a2e01b-1d0a-11ec-825e-d8c4975e38aa_jpg.rf.thAgznC4Gnx7wofSlCB1.jpg,0,0,1,0,1,0
musa-acuminata-unripe-8f79541d-1d0a-11ec-8c19-d8c4975e38aa-1-_jpg.rf.uFIqnq7TRWc9BrOSSDoM.jpg,0,0,0,0,0,1
musa-acuminata-unripe-814f9cbf-1d0a-11ec-9377-d8c4975e38aa-1-_jpg.rf.9mnTo2RnIi0XzJZelxhr.jpg,0,0,0,0,1,1
musa-acuminata-banana-f20a647d-394a-11ec-8898-d8c4975e38aa_jpg.rf.9vs9OGkKHfovifdsUsy3.jpg,1,0,0,1,0,0
musa-acuminata-banana-8510b24f-394a-11ec-b5df-d8c4975e38aa_jpg.rf.s8iuEWBVWhKFQtSlJ2Fq.jpg,0,0,1,0,1,0
musa-acuminata-banana-c6e21301-394a-11ec-b881-d8c4975e38aa_jpg.rf.sXM5u2iALjFE3IaCtvKL.jpg,1,0,0,0,0,0
musa-acuminata-overripe-9ee1e52a-1d0a-11ec-aaac-d8c4975e38aa_jpg.rf.sReb3lxtahYn5eHIRNbn.jpg,0,0,1,0,0,0
musa-acuminata-freshunripe-1ce55f89-2653-11ec-acce-d8c4975e38aa_jpg.rf.ApqnjCk6zYwrlMa43lDY.jpg,0,1,0,0,0,0
musa-acuminata-banana-b5c450b1-4037-11ec-b246-94b86d66fd1d_jpg.rf.B1qVU0jZyiVzsX8ovMyb.jpg,0,1,0,0,0,0
musa-acuminata-banana-bb69674d-4037-11ec-9c0f-94b86d66fd1d_jpg.rf.B3YS0oHtTEqjkGs3o6qr.jpg,0,1,0,0,0,0
musa-acuminata-banana-ecdfb8df-394a-11ec-981e-d8c4975e38aa_jpg.rf.BQhEb8MImoOqjfqukUbc.jpg,1,0,0,1,0,0
musa-acuminata-banana-d9b20e54-394a-11ec-8bb1-d8c4975e38aa_jpg.rf.Bgycw9PxeTyEVgMsKAZd.jpg,0,0,0,1,0,0
musa-acuminata-freshunripe-390cfd62-2653-11ec-9be6-d8c4975e38aa_jpg.rf.Bss6N0lX0M9cLPBPu7C6.jpg,0,1,0,0,0,0
musa-acuminata-freshunripe-3aa48e05-2653-11ec-bb69-d8c4975e38aa_jpg.rf.Buewq6VGU048xxsKKjr1.jpg,0,1,0,0,0,0
musa-acuminata-banana-ec90adac-394a-11ec-bf4d-d8c4975e38aa_jpg.rf.A1tF1D4ZC5marabgQo6W.jpg,1,0,0,0,0,0
musa-acuminata-freshunripe-76b49b25-1d0a-11ec-88b4-d8c4975e38aa_jpg.rf.ACod77AXIpEsQGTLRBk8.jpg,0,0,0,0,0,1
musa-acuminata-banana-8d09f83f-394a-11ec-af71-d8c4975e38aa_jpg.rf.tjtsWQbQXsx7prTQxcIn.jpg,0,0,0,0,1,0
musa-acuminata-banana-ffcca45c-394a-11ec-ba2e-d8c4975e38aa_jpg.rf.A33d5CJKBLz04MK9Pjo3.jpg,1,0,0,1,0,0
musa-acuminata-freshripe-7bd5d130-1d0a-11ec-8af2-d8c4975e38aa_jpg.rf.9um2AdbJAwdZyISegCVg.jpg,1,0,0,0,0,0
musa-acuminata-banana-b37477b6-394a-11ec-8275-d8c4975e38aa_jpg.rf.AVqp2IGW9iFFx4fjsBAD.jpg,1,0,0,0,0,0
musa-acuminata-unripe-860162de-1d0a-11ec-a102-d8c4975e38aa-1-_jpg.rf.AFTir45bZLvmfs91luL8.jpg,0,0,0,0,0,1
musa-acuminata-overripe-7544f487-2653-11ec-aa64-d8c4975e38aa_jpg.rf.AeITlDropYvnQBlpblfS.jpg,0,0,1,0,1,0
musa-acuminata-banana-a33f257f-394a-11ec-9440-d8c4975e38aa_jpg.rf.AXCF5fP3TNvcfh3TdIF4.jpg,0,0,0,1,1,0
musa-acuminata-banana-a8ec2c82-4037-11ec-a2c3-94b86d66fd1d_jpg.rf.AgCkCZFevWXK0MdLJT5Y.jpg,1,0,0,1,0,0
musa-acuminata-banana-c4b2135d-394a-11ec-a99b-d8c4975e38aa_jpg.rf.A6Z1xurcpqz61QQ67f1n.jpg,0,0,0,1,0,0
musa-acuminata-banana-96807f47-394a-11ec-987a-d8c4975e38aa_jpg.rf.Al2CKVGfHkvIVVoxxn51.jpg,0,0,0,1,1,0
musa-acuminata-freshripe-4d45c7b4-2653-11ec-98c8-d8c4975e38aa_jpg.rf.CqdaOGaSGmRSV0nSKCOT.jpg,1,0,0,0,0,0
musa-acuminata-banana-a624c0c7-394a-11ec-940b-d8c4975e38aa_jpg.rf.CvyFtjb6gtZokkwlqgCX.jpg,0,0,1,0,1,0
musa-acuminata-freshunripe-6ecc3882-1d0a-11ec-9065-d8c4975e38aa_jpg.rf.CydRxJyrApfzg7IfXYoU.jpg,0,1,0,0,0,0
musa-acuminata-freshunripe-2c3fc961-2653-11ec-a8e3-d8c4975e38aa_jpg.rf.DBKajNYvzynQ2qKi4xAX.jpg,0,1,0,0,0,0
musa-acuminata-banana-c883a292-394a-11ec-9762-d8c4975e38aa_jpg.rf.Ue5mIDgGbfi0g1BzH9vG.jpg,1,0,0,0,0,0
musa-acuminata-ripe-92da82ce-1d0a-11ec-872a-d8c4975e38aa_jpg.rf.UnaAPbQX6IkWFzwt63Yo.jpg,0,0,0,1,0,0
musa-acuminata-overripe-7f907f6b-2653-11ec-804e-d8c4975e38aa_jpg.rf.V21GnmxZReaYaZ2lJZld.jpg,0,0,1,0,0,0
musa-acuminata-ripe-6ccc0ac1-2653-11ec-b848-d8c4975e38aa_jpg.rf.V9eIEmxkBYogcyTxu6Yw.jpg,0,0,0,1,0,0
musa-acuminata-overripe-7c3fe7c0-2653-11ec-bd52-d8c4975e38aa_jpg.rf.VJVv6KZ1vzpxGthWhzF4.jpg,0,0,1,0,1,0
musa-acuminata-banana-b42c3657-394a-11ec-9603-d8c4975e38aa_jpg.rf.VOch86BoTu05dUGihFvn.jpg,1,0,0,0,0,0
musa-acuminata-overripe-a0a6becc-1d0a-11ec-88b4-d8c4975e38aa_jpg.rf.VSMtKXMscJSPAQDlUkTr.jpg,0,0,1,0,0,0
musa-acuminata-banana-d0b67e6c-394a-11ec-8246-d8c4975e38aa_jpg.rf.VTQWDbSIb5AvkXipiaY9.jpg,0,0,0,1,0,0
musa-acuminata-banana-a3d85f6c-394a-11ec-9b47-d8c4975e38aa_jpg.rf.VWM4GgX91RwhoR8ugoJN.jpg,0,0,0,1,0,0
musa-acuminata-banana-8d811622-394a-11ec-930b-d8c4975e38aa_jpg.rf.VctGliYFimCE2jZRF1s9.jpg,0,0,1,0,0,0
musa-acuminata-overripe-7f826dc1-2653-11ec-8bee-d8c4975e38aa_jpg.rf.VgSdVGt5xJZfkOM1gPw3.jpg,0,0,1,0,0,0
musa-acuminata-banana-adb3df1c-394a-11ec-ae01-d8c4975e38aa_jpg.rf.VonMSGQUMCICvEvMmfaB.jpg,1,0,0,0,0,0
musa-acuminata-mold-e35dc317-1d0a-11ec-a616-d8c4975e38aa_jpg.rf.C5Kh0KjH2AnYDqAIh7bO.jpg,0,0,1,0,1,0
musa-acuminata-freshripe-45dc93d5-2653-11ec-b019-d8c4975e38aa_jpg.rf.CRZxo6AkQbFof2KfVkW3.jpg,1,0,0,0,0,0
musa-acuminata-banana-c5351aa3-394a-11ec-a067-d8c4975e38aa_jpg.rf.B3667BjM4nwZWyJRVwwV.jpg,1,0,0,1,0,0
musa-acuminata-banana-a98ebe2d-4037-11ec-9dcf-94b86d66fd1d_jpg.rf.CDPSUbxhp6fi4Q838fn4.jpg,1,0,0,0,0,0
musa-acuminata-banana-c79caf85-394a-11ec-86d3-d8c4975e38aa_jpg.rf.ClgStD7aRE0lLUbDpQBH.jpg,0,0,0,1,0,0
musa-acuminata-ripe-6c1e0d5a-2653-11ec-b944-d8c4975e38aa_jpg.rf.CnKX5CPF6bGa9JIfewni.jpg,0,0,0,1,0,0
musa-acuminata-mold-e18cfd24-1d0a-11ec-a998-d8c4975e38aa_jpg.rf.WdNI0hDALpIPjGwTI5vh.jpg,0,0,0,1,1,0
musa-acuminata-banana-db1c39b9-4037-11ec-9c44-94b86d66fd1d_jpg.rf.WmADa0IBLolvQUygv5Dg.jpg,1,0,0,1,0,0
musa-acuminata-rotten-bb192f83-1d0a-11ec-966a-d8c4975e38aa_jpg.rf.WocNOvJhGUPjRyaTUw3Y.jpg,0,0,0,0,1,0
musa-acuminata-ripe-706d9375-2653-11ec-b9d1-d8c4975e38aa_jpg.rf.WuOE3ICnuXa92lSSlK5s.jpg,0,0,0,0,1,0
musa-acuminata-mold-e51912ab-1d0a-11ec-8eb2-d8c4975e38aa_jpg.rf.X5MWtP1bIifpSHXFetSN.jpg,0,0,1,0,0,0
musa-acuminata-rotten-ade459aa-1d0a-11ec-ae8d-d8c4975e38aa_jpg.rf.X9NMTsa36uMw4OrKex2w.jpg,0,0,0,0,1,0
musa-acuminata-mold-e3569b29-1d0a-11ec-b5d7-d8c4975e38aa_jpg.rf.XLPhYGHWkdtDXHFvo1mt.jpg,0,0,1,0,1,0
musa-acuminata-banana-e12cc3f9-394a-11ec-9095-d8c4975e38aa_jpg.rf.XSqslsdjtxHBJzGrmLGO.jpg,1,0,0,1,0,0
musa-acuminata-ripe-6c48f431-2653-11ec-abaa-d8c4975e38aa_jpg.rf.XYewFuUpUPYSJnNoCfr2.jpg,0,0,0,1,0,0
musa-acuminata-ripe-6a9bf022-2653-11ec-96d7-d8c4975e38aa_jpg.rf.Xm8saZxsGXfsWZERofoq.jpg,0,0,0,1,0,0
musa-acuminata-freshripe-7ce4a9c9-1d0a-11ec-8996-d8c4975e38aa_jpg.rf.XuIv2Nu2eGo4jgww0dsK.jpg,1,0,0,0,0,0
musa-acuminata-ripe-931fa184-1d0a-11ec-b5ad-d8c4975e38aa_jpg.rf.XvNuUyYgboCBqMr2OJCA.jpg,0,0,0,1,0,0
musa-acuminata-ripe-6c7178dc-2653-11ec-88f1-d8c4975e38aa_jpg.rf.XxVlzg99QbtsF9EHZeDu.jpg,0,0,0,1,0,0
musa-acuminata-rotten-82bad983-2653-11ec-9221-d8c4975e38aa_jpg.rf.Y9fSUQZgCe6kvODxNzA1.jpg,0,0,0,0,1,0
musa-acuminata-freshripe-7d977b0f-1d0a-11ec-a7f1-d8c4975e38aa_jpg.rf.YVdjf3MINkZau1jp6icG.jpg,1,0,0,0,0,0
musa-acuminata-banana-91e52a6a-394a-11ec-a806-d8c4975e38aa_jpg.rf.bw56Ldt5eFv1ysBUvSEa.jpg,0,0,1,0,0,0
musa-acuminata-banana-fa3c5a47-394a-11ec-994f-d8c4975e38aa_jpg.rf.c4POxk5WcbE9932sZDYr.jpg,0,0,0,1,0,0
musa-acuminata-freshripe-7f0e6ff8-1d0a-11ec-80f6-d8c4975e38aa_jpg.rf.c4pXo3zXzv3Uul7dO4P0.jpg,1,0,0,0,0,0
musa-acuminata-mold-e4dd7fb6-1d0a-11ec-9189-d8c4975e38aa_jpg.rf.Wd9ktlqQHI4jMOgsYSPZ.jpg,0,0,1,0,1,0
musa-acuminata-rotten-ba71cd8b-1d0a-11ec-8d26-d8c4975e38aa_jpg.rf.WCL0HTMP7dVjnR6YFBXU.jpg,0,0,0,0,1,0
musa-acuminata-banana-b268ba33-394a-11ec-8550-d8c4975e38aa_jpg.rf.WSCMsYoevleCPQrzPkXy.jpg,1,0,0,0,0,0
musa-acuminata-rotten-84b032e6-2653-11ec-8b34-d8c4975e38aa_jpg.rf.cdyof19EBfq4evMCu4jl.jpg,0,0,0,0,1,0
musa-acuminata-overripe-74dc1584-2653-11ec-90f5-d8c4975e38aa_jpg.rf.ctw3FtjcolBpcLRsQ4BR.jpg,0,0,1,0,0,0
musa-acuminata-banana-caad2d1d-394a-11ec-89c3-d8c4975e38aa_jpg.rf.d1lreAlp4BjEnlZAh2Am.jpg,1,0,0,0,0,0
musa-acuminata-banana-e68607fd-394a-11ec-b889-d8c4975e38aa_jpg.rf.d45j6Xc7xNUIVOSJ6reQ.jpg,0,0,0,1,0,0
musa-acuminata-ripe-925c3211-1d0a-11ec-9ce1-d8c4975e38aa_jpg.rf.dI1PdB2r34eR1ZA333lP.jpg,0,0,0,1,0,0
musa-acuminata-rotten-b864ff8b-1d0a-11ec-9d48-d8c4975e38aa_jpg.rf.dTdPtu9f9bpJlwMCoerW.jpg,0,0,0,0,1,0
musa-acuminata-banana-b775629e-4037-11ec-9873-94b86d66fd1d_jpg.rf.dXtyW7aKCATMm1DcGfpq.jpg,0,1,0,0,0,1
musa-acuminata-mold-e56c7f5f-1d0a-11ec-b499-d8c4975e38aa_jpg.rf.duQi7rtMUJGERZmsuNHn.jpg,0,0,1,0,1,0
musa-acuminata-freshripe-78356270-1d0a-11ec-9c8b-d8c4975e38aa_jpg.rf.e1pIJbPITbJnsPde51iW.jpg,1,0,0,0,0,0
musa-acuminata-mold-e6456277-1d0a-11ec-b162-d8c4975e38aa_jpg.rf.e2sUgdqbhvlkeoTjfCD7.jpg,0,0,1,0,0,0
musa-acuminata-rotten-8213b84f-2653-11ec-85f5-d8c4975e38aa_jpg.rf.eB9x11WZDFTX993jqwX1.jpg,0,0,0,0,1,0
musa-acuminata-overripe-9e069ea8-1d0a-11ec-9037-d8c4975e38aa_jpg.rf.eVi53rVtZ9cpjd8UXUzB.jpg,0,0,1,0,1,0
musa-acuminata-freshripe-450ad5e1-2653-11ec-92b2-d8c4975e38aa_jpg.rf.cLAt3DzoApaLjXirLXYa.jpg,1,0,0,0,0,0
musa-acuminata-overripe-74f188f9-2653-11ec-9424-d8c4975e38aa_jpg.rf.cG46mUQNi3SnvdCgLHXT.jpg,0,0,1,0,0,0
musa-acuminata-ripe-6c1484bc-2653-11ec-a9ad-d8c4975e38aa_jpg.rf.cdW6Aw9uTUDNmL5V2iyi.jpg,0,0,0,1,0,0
musa-acuminata-rotten-86061899-2653-11ec-b816-d8c4975e38aa_jpg.rf.cXtf515eJ5sWApmUtXcw.jpg,0,0,0,0,1,0
musa-acuminata-rotten-bac93220-1d0a-11ec-9837-d8c4975e38aa_jpg.rf.fTeLZjhlRd36fZDxeBE2.jpg,0,0,0,0,1,0
musa-acuminata-banana-98ab75d6-4037-11ec-8bf1-94b86d66fd1d_jpg.rf.fVEUu0Q1BgP6axXnQf6J.jpg,1,0,0,0,0,0
musa-acuminata-banana-af23ec2f-394a-11ec-a709-d8c4975e38aa_jpg.rf.fXMLrfkHKfEG9wEiMpwp.jpg,0,0,0,1,0,0
musa-acuminata-rotten-a643f358-1d0a-11ec-9d1a-d8c4975e38aa_jpg.rf.fyDFp25qVfgXYVkfKYDg.jpg,0,0,0,0,1,0
musa-acuminata-rotten-8cd030f0-2653-11ec-9acb-d8c4975e38aa_jpg.rf.g5sHWCCx1jPrr2qCZj3E.jpg,0,0,0,0,1,0
musa-acuminata-banana-a049d590-394a-11ec-8031-d8c4975e38aa_jpg.rf.gJac3b6SumT8g7Q08n7t.jpg,0,0,0,0,1,0
musa-acuminata-overripe-7ea9c83a-2653-11ec-b515-d8c4975e38aa_jpg.rf.gRlrvR3Yqwgm6FetGagc.jpg,0,0,1,0,0,0
musa-acuminata-rotten-8d95825a-2653-11ec-be4e-d8c4975e38aa_jpg.rf.gSRZVfa6WOvn3CKkcOzr.jpg,0,0,0,0,1,0
musa-acuminata-banana-8fab7408-394a-11ec-a2a8-d8c4975e38aa_jpg.rf.gZWqOHYTy0dW93yUNeRD.jpg,0,0,0,0,1,0
musa-acuminata-freshunripe-663e5a39-1d0a-11ec-97cc-d8c4975e38aa_jpg.rf.ga6vbg7P4Sn8nuMSbCmM.jpg,0,1,0,0,0,0
musa-acuminata-freshripe-7ce71adc-1d0a-11ec-a664-d8c4975e38aa_jpg.rf.gepmEKZnfzEuDHZRkKSZ.jpg,1,0,0,0,0,0
musa-acuminata-overripe-767d2ecc-2653-11ec-a1ea-d8c4975e38aa_jpg.rf.gpeeKytPtOo42KbjooB3.jpg,0,0,1,0,0,0
musa-acuminata-freshunripe-6c6694ee-1d0a-11ec-b254-d8c4975e38aa_jpg.rf.f7rL9GjsVQWkhtH9LuFf.jpg,0,1,0,0,0,0
musa-acuminata-unripe-5cae5735-2653-11ec-8c7e-d8c4975e38aa---Copy_jpg.rf.eZmF3HtcRKTKFCvrqgPQ.jpg,0,0,0,0,1,1
musa-acuminata-banana-90a51079-394a-11ec-91ac-d8c4975e38aa_jpg.rf.e21BsqErW2xzjMEL2rGp.jpg,0,0,1,0,1,0
musa-acuminata-ripe-6c3f6b86-2653-11ec-8488-d8c4975e38aa_jpg.rf.eyuTfPUC0fzlnsiJUUkk.jpg,0,0,0,1,0,0
musa-acuminata-ripe-9628a1d2-1d0a-11ec-8f6d-d8c4975e38aa_jpg.rf.ep6yKm3uPba5gY43BfcK.jpg,0,0,0,1,1,0
musa-acuminata-rotten-b1d701ed-1d0a-11ec-aeb8-d8c4975e38aa_jpg.rf.fJ9f17ZOJ34ZnQhEDKul.jpg,0,0,0,0,1,0
musa-acuminata-freshunripe-69e19462-1d0a-11ec-83ef-d8c4975e38aa_jpg.rf.fD6WprlDhz76bEhkGe4s.jpg,0,1,0,0,0,0
musa-acuminata-freshunripe-724f60ad-1d0a-11ec-8907-d8c4975e38aa_jpg.rf.ehrjj0FhdDlgla0DveRw.jpg,0,1,0,0,0,0
musa-acuminata-unripe-8217d0dd-1d0a-11ec-b150-d8c4975e38aa-1-_jpg.rf.fE9U6zIHwnaZ7VKX9gzg.jpg,0,0,0,0,1,1
musa-acuminata-freshunripe-2074995b-2653-11ec-a4d3-d8c4975e38aa_jpg.rf.h9h00O2e4uRoJSaoc44Z.jpg,0,1,0,0,0,0
musa-acuminata-banana-c8e0ab2d-394a-11ec-9e9b-d8c4975e38aa_jpg.rf.hANDqdHGARpYpxApedym.jpg,0,0,0,1,0,0
musa-acuminata-freshripe-481d5d4d-2653-11ec-b8d2-d8c4975e38aa_jpg.rf.hDPPw6o4RJvZQoj7j40A.jpg,1,0,0,0,0,0
musa-acuminata-rotten-8a30ba15-2653-11ec-a2d0-d8c4975e38aa_jpg.rf.hDRdYETeUzvSPxXEnfWP.jpg,0,0,0,1,1,0
musa-acuminata-freshunripe-28ece7d2-2653-11ec-b680-d8c4975e38aa_jpg.rf.hDd2hIXRrisuNwvALSwD.jpg,0,1,0,0,0,0
musa-acuminata-ripe-6b87e5a5-2653-11ec-b674-d8c4975e38aa_jpg.rf.hK2IdCxNhP12zrEsuGUr.jpg,0,0,0,1,0,0
musa-acuminata-overripe-9c599a8c-1d0a-11ec-97ea-d8c4975e38aa_jpg.rf.hVsFYnRfNRHp5LPeqdJy.jpg,0,0,1,0,0,0
musa-acuminata-freshripe-48baab9f-2653-11ec-a569-d8c4975e38aa_jpg.rf.hbaCKEZBzbxW5pUUquSv.jpg,1,0,0,0,0,0
musa-acuminata-freshunripe-72535631-1d0a-11ec-a3f7-d8c4975e38aa_jpg.rf.hfYwzCfhLLd34HSdVea2.jpg,0,1,0,0,0,0
musa-acuminata-banana-a9d42663-394a-11ec-ad76-d8c4975e38aa_jpg.rf.hkDQiZNU9gQ0rN719pfW.jpg,0,0,1,0,1,0
musa-acuminata-banana-fde2b51b-394a-11ec-ba3e-d8c4975e38aa_jpg.rf.gxOmE1wrybaUSR3D7Eo1.jpg,0,0,0,1,0,0
musa-acuminata-rotten-8a205dbc-2653-11ec-a35e-d8c4975e38aa_jpg.rf.gubdAe6rWzKvK3vx0uNy.jpg,0,0,0,0,1,0
musa-acuminata-banana-fde4125c-394a-11ec-944e-d8c4975e38aa_jpg.rf.grxxM9FNe56lLiLlgMjn.jpg,0,0,0,1,0,0
musa-acuminata-banana-a46eb094-394a-11ec-8432-d8c4975e38aa_jpg.rf.h74omqiVqWkHUTPBubOi.jpg,0,0,0,1,1,0
musa-acuminata-banana-e7bd9f2d-394a-11ec-8680-d8c4975e38aa_jpg.rf.huvfyhwUjVneNCXHDMje.jpg,0,0,0,1,0,0
musa-acuminata-banana-a1635190-4037-11ec-84ec-94b86d66fd1d_jpg.rf.i0EBqBjCEnvAwprTmSyT.jpg,0,0,0,1,0,0
musa-acuminata-rotten-8de58f1d-2653-11ec-ab33-d8c4975e38aa_jpg.rf.hsa3mivFtF3hjuYvQM1J.jpg,0,0,0,0,1,0
musa-acuminata-mold-e383e423-1d0a-11ec-b907-d8c4975e38aa_jpg.rf.i7zCZQqXtZWdH67wUP6e.jpg,0,0,1,0,1,0
musa-acuminata-freshunripe-708c75f9-1d0a-11ec-bdce-d8c4975e38aa_jpg.rf.sR6NWpr62ejYoqp4sIDx.jpg,0,1,0,0,0,0
musa-acuminata-banana-b33100ba-394a-11ec-bfd9-d8c4975e38aa_jpg.rf.sL4Vn5GnTfNakr3S2jM7.jpg,1,0,0,0,0,0
musa-acuminata-mold-e2f4e411-1d0a-11ec-96f5-d8c4975e38aa_jpg.rf.8LZrnC01AYHm7CzfkzNk.jpg,0,0,1,0,1,0
musa-acuminata-banana-b2636bf9-394a-11ec-a97b-d8c4975e38aa_jpg.rf.sVzXhlBmqYSKFBxMGboM.jpg,1,0,0,0,0,0
musa-acuminata-banana-c38cd034-4037-11ec-a682-94b86d66fd1d_jpg.rf.8UkGR6Vtcn4aH2RBQQr0.jpg,0,0,0,1,0,0
musa-acuminata-unripe-857987f7-1d0a-11ec-9db5-d8c4975e38aa-1-_jpg.rf.8n27IXpcKfRL1s7q0ETG.jpg,0,0,0,0,0,1
musa-acuminata-ripe-944bf12e-1d0a-11ec-abcd-d8c4975e38aa_jpg.rf.sjyTLpbfppxoDKntTqDY.jpg,0,0,0,1,0,0
musa-acuminata-banana-a7b6e6a7-394a-11ec-88b1-d8c4975e38aa_jpg.rf.sadJCphm3AOydYVoGRd9.jpg,0,0,1,0,0,0
musa-acuminata-overripe-76570c64-2653-11ec-bac1-d8c4975e38aa_jpg.rf.sasokX12U7KyLiYbJaF3.jpg,0,0,1,0,0,0
musa-acuminata-banana-b22c4647-4037-11ec-b5f7-94b86d66fd1d_jpg.rf.6jlS0a5EDZ9RIgHxfVoD.jpg,0,1,0,0,0,1
musa-acuminata-banana-ab62bc25-394a-11ec-97e2-d8c4975e38aa_jpg.rf.8oyAOM0gJOp9gyjkkA8C.jpg,0,0,1,1,0,0
musa-acuminata-overripe-7d814a36-2653-11ec-847d-d8c4975e38aa_jpg.rf.8uAie8cSA8UqaAJ2lhW3.jpg,0,0,1,0,1,0
musa-acuminata-freshripe-78d6d2a0-1d0a-11ec-8a88-d8c4975e38aa_jpg.rf.8y9sMSBxRCPrPGTDnDlF.jpg,1,0,0,0,0,0
musa-acuminata-banana-a896aac0-394a-11ec-ba9f-d8c4975e38aa_jpg.rf.8vDwBl5Dv2BGvVK13Iqu.jpg,0,0,0,0,1,0
musa-acuminata-mold-e672ad5a-1d0a-11ec-b419-d8c4975e38aa_jpg.rf.6vedmfCisMhGbS562y2c.jpg,0,0,1,0,0,0
musa-acuminata-banana-a416afd7-394a-11ec-ace0-d8c4975e38aa_jpg.rf.8pyrIkzZLevbqUlkLTm6.jpg,0,0,1,0,1,0
musa-acuminata-rotten-8d45ef0d-2653-11ec-b837-d8c4975e38aa_jpg.rf.6oZTu96aW4MOv3i1xz4c.jpg,0,0,0,0,1,0
musa-acuminata-banana-cfa40750-394a-11ec-8a88-d8c4975e38aa_jpg.rf.92tIZCDMFZDDLFRXHplA.jpg,0,0,0,1,0,0
musa-acuminata-banana-840c8859-394a-11ec-a9ce-d8c4975e38aa_jpg.rf.9ALJJ0cCisRXHqv9TnfQ.jpg,0,0,1,0,1,0
musa-acuminata-unripe-8f68a707-1d0a-11ec-83d5-d8c4975e38aa-1-_jpg.rf.eU452eZk2uxKhxuptUQi.jpg,0,0,0,0,0,1
musa-acuminata-banana-e133ab04-394a-11ec-a457-d8c4975e38aa_jpg.rf.9FQIvsRIunBBgbZAkD6d.jpg,1,0,0,1,0,0
musa-acuminata-unripe-9147b7b2-1d0a-11ec-bda3-d8c4975e38aa-1-_jpg.rf.ebZ6v5A6Fw558HGTClO9.jpg,0,1,0,0,0,0
musa-acuminata-banana-fb85d873-394a-11ec-ae2f-d8c4975e38aa_jpg.rf.edbirPIKThbOjaNkUcpz.jpg,0,0,0,1,0,0
musa-acuminata-freshripe-442142ac-2653-11ec-bc59-d8c4975e38aa_jpg.rf.75wts4uijdkIKuOMPayO.jpg,1,0,0,0,0,0
musa-acuminata-rotten-8ba293ae-2653-11ec-a363-d8c4975e38aa_jpg.rf.6pjpkTpyWONtRzWGVnro.jpg,0,0,0,0,1,0
musa-acuminata-banana-ac6b420b-394a-11ec-991d-d8c4975e38aa_jpg.rf.ee8qgCtd8cOo6hfRFjf8.jpg,0,0,1,1,1,0
musa-acuminata-ripe-6ae5d2ed-2653-11ec-ae74-d8c4975e38aa_jpg.rf.ehKMpoyddtzREcRoDzly.jpg,0,0,0,1,0,0
musa-acuminata-unripe-61324cb9-2653-11ec-9d7f-d8c4975e38aa_jpg.rf.ep2gHWwUGt5UPmLrzPks.jpg,0,0,0,0,1,1
musa-acuminata-banana-9b27f862-4037-11ec-976a-94b86d66fd1d_jpg.rf.esV87Irkd2spnRaUEnyH.jpg,0,0,0,1,0,0
musa-acuminata-banana-ad73d23d-394a-11ec-b32e-d8c4975e38aa_jpg.rf.fKgJq2H7eozlffy1NumZ.jpg,1,0,0,0,0,0
musa-acuminata-freshunripe-336d6758-2653-11ec-98ca-d8c4975e38aa_jpg.rf.7Xo4gaLZw3rCXvLhvM6D.jpg,0,1,0,0,0,0
musa-acuminata-unripe-9029b3a1-1d0a-11ec-ae97-d8c4975e38aa-1-_jpg.rf.etwuHMDlQtagHOAvKnjM.jpg,0,0,0,0,0,1
musa-acuminata-banana-8d1a3014-394a-11ec-a0ec-d8c4975e38aa_jpg.rf.ezpsLVn8UnaAy0IexxlM.jpg,0,0,0,0,1,0
musa-acuminata-banana-eb93fe6a-394a-11ec-84fe-d8c4975e38aa_jpg.rf.fFiqq43VawD8RkPCuHRK.jpg,1,0,0,0,0,0
musa-acuminata-overripe-75f5545c-2653-11ec-b30c-d8c4975e38aa_jpg.rf.ejTWTZUwCOHRk21flXnX.jpg,0,0,1,0,1,0
musa-acuminata-freshripe-4826e61a-2653-11ec-8558-d8c4975e38aa_jpg.rf.euSs1mYn4GmFIwGPAA0j.jpg,1,0,0,0,0,0
musa-acuminata-banana-c262ccd7-4037-11ec-b1f8-94b86d66fd1d_jpg.rf.fN23YcKvK01fgvksGbSF.jpg,0,0,0,1,0,0
musa-acuminata-rotten-a4f8a77e-1d0a-11ec-a9d8-d8c4975e38aa_jpg.rf.fZrv9174TGl9x2S1ydw6.jpg,0,0,0,0,1,0
musa-acuminata-banana-974146b4-394a-11ec-ba6b-d8c4975e38aa_jpg.rf.fXCEXTdSU6FE4Z3vYfEQ.jpg,0,0,0,1,1,0
musa-acuminata-rotten-81bd4dae-2653-11ec-bfe2-d8c4975e38aa_jpg.rf.fPjihEHNbFooxTOlIHSL.jpg,0,0,0,0,1,0
musa-acuminata-overripe-9fcddbe9-1d0a-11ec-8f83-d8c4975e38aa_jpg.rf.6zkYPXc5sZb6gRdT3Mim.jpg,0,0,1,0,0,0
musa-acuminata-rotten-a2ec4d09-1d0a-11ec-9f6a-d8c4975e38aa_jpg.rf.fbKwBN5PgXNM1BYFGNHv.jpg,0,0,0,0,1,0
musa-acuminata-banana-ab387271-394a-11ec-abd0-d8c4975e38aa_jpg.rf.fpHK9MnyS6ykohGdHtJT.jpg,0,0,1,1,0,0
musa-acuminata-freshunripe-633baad9-1d0a-11ec-873a-d8c4975e38aa_jpg.rf.fmsIEQ2Cr4wpvwzFhqPH.jpg,0,1,0,0,0,0
musa-acuminata-overripe-7ea9c83b-2653-11ec-b02d-d8c4975e38aa_jpg.rf.gQ8hQw78CyB8BXos3NEU.jpg,0,0,1,0,0,0
musa-acuminata-overripe-7f466594-2653-11ec-872a-d8c4975e38aa_jpg.rf.fqgHumSu7PilhDpXiafV.jpg,0,0,1,0,0,0
musa-acuminata-freshripe-4624171e-2653-11ec-8059-d8c4975e38aa_jpg.rf.gjlj2ImjfA9DqrH9KyYA.jpg,1,0,0,0,0,0
musa-acuminata-overripe-9c821f2d-1d0a-11ec-b2aa-d8c4975e38aa_jpg.rf.gXKdb538YW8YISkMWTHW.jpg,0,0,1,0,0,0
musa-acuminata-banana-ef294425-394a-11ec-842e-d8c4975e38aa_jpg.rf.gHFPDDeX9zCETsYAhx6u.jpg,0,0,0,1,0,0
musa-acuminata-banana-ac75436c-394a-11ec-ac12-d8c4975e38aa_jpg.rf.gKw1iYr7RnldE2EjV0m4.jpg,0,0,1,1,1,0
musa-acuminata-rotten-8b602379-2653-11ec-aa44-d8c4975e38aa_jpg.rf.gl23bhtBE0llZBMtuxLa.jpg,0,0,0,0,1,0
musa-acuminata-freshunripe-6cc0d60b-1d0a-11ec-93d7-d8c4975e38aa_jpg.rf.fqDjmlefuLfuvHWRMAWw.jpg,0,1,0,0,0,0
musa-acuminata-ripe-95d534f2-1d0a-11ec-9d34-d8c4975e38aa_jpg.rf.h9As49zFTobwCUadImpo.jpg,0,0,0,1,1,0
musa-acuminata-banana-c4793cae-394a-11ec-b868-d8c4975e38aa_jpg.rf.hVJx4fU0uNyFjLboRYgn.jpg,0,0,0,1,0,0
musa-acuminata-banana-8abf45dd-394a-11ec-8f52-d8c4975e38aa_jpg.rf.7PTHKZhBAWqBvZNtUv4k.jpg,0,0,1,0,1,0
musa-acuminata-ripe-99f04bfb-1d0a-11ec-9a7b-d8c4975e38aa_jpg.rf.qHBeoIFDnSClqNWzvTqy.jpg,0,0,0,1,1,0
musa-acuminata-unripe-7ff68478-1d0a-11ec-9a24-d8c4975e38aa-1-_jpg.rf.q2AD4gjVijXfqKwNM44D.jpg,0,0,0,0,0,1
musa-acuminata-banana-a521e6c3-394a-11ec-91c7-d8c4975e38aa_jpg.rf.qMs29XHYi031z19zOzvy.jpg,0,0,1,0,0,0
musa-acuminata-mold-e3a7a47c-1d0a-11ec-a3d6-d8c4975e38aa_jpg.rf.qBL0uMFB0MEQmnAczrS5.jpg,0,0,1,0,1,0
musa-acuminata-freshunripe-6e658b41-1d0a-11ec-90bf-d8c4975e38aa_jpg.rf.qaFVuxAJnAToa3diTFSb.jpg,0,1,0,0,0,0
musa-acuminata-mold-e6a71d4e-1d0a-11ec-ab01-d8c4975e38aa_jpg.rf.qg0X35zOUbdJMxaOsHta.jpg,0,0,1,0,0,0
musa-acuminata-unripe-8b7874bd-1d0a-11ec-ba80-d8c4975e38aa-1-_jpg.rf.qV5OoJ0VhffVli6jAdSe.jpg,0,0,0,0,0,1
musa-acuminata-banana-acbef25b-394a-11ec-97dc-d8c4975e38aa_jpg.rf.qU3PLkXpNUi3OwOSyQet.jpg,0,0,1,1,1,0
musa-acuminata-freshunripe-2fe879f9-2653-11ec-905e-d8c4975e38aa_jpg.rf.qrmQEE3gkTZfAOior2gd.jpg,0,1,0,0,0,0
musa-acuminata-mold-e57143cc-1d0a-11ec-bf4f-d8c4975e38aa_jpg.rf.7ebltF7RFy1cOqN2HC5K.jpg,0,0,1,0,1,0
musa-acuminata-banana-90a9ea08-394a-11ec-a91f-d8c4975e38aa_jpg.rf.pocpPimfNsCcA6YVlzhZ.jpg,0,0,1,0,1,0
musa-acuminata-overripe-a1bffd45-1d0a-11ec-8475-d8c4975e38aa_jpg.rf.qvjXCITUcwllQvi82xPg.jpg,0,0,1,0,0,0
musa-acuminata-banana-a76d8c9e-394a-11ec-a5e0-d8c4975e38aa_jpg.rf.r8JEwArVkA8Sj6lr9OEA.jpg,0,0,0,0,1,0
musa-acuminata-freshunripe-6ff569bf-1d0a-11ec-83e7-d8c4975e38aa_jpg.rf.qsoNgacOTvoAqqVRslM8.jpg,0,1,0,0,0,0
musa-acuminata-banana-db425dc2-4037-11ec-bc38-94b86d66fd1d_jpg.rf.rICktwoXGE66lTBHjXvX.jpg,1,0,0,1,0,0
musa-acuminata-ripe-93fd49f3-1d0a-11ec-878e-d8c4975e38aa_jpg.rf.r7cFlvJzI2raxzaeIlqf.jpg,0,0,0,1,0,0
musa-acuminata-overripe-7e6643d3-2653-11ec-bc71-d8c4975e38aa_jpg.rf.rDaQ01GSQzUAyKePs1Vb.jpg,0,0,1,0,0,0
musa-acuminata-rotten-8f73b14d-2653-11ec-afbf-d8c4975e38aa_jpg.rf.ra1S1xeBcDWmbhFIOnNa.jpg,0,0,0,0,1,0
musa-acuminata-banana-a59e09d6-394a-11ec-81fc-d8c4975e38aa_jpg.rf.rOsV3awovirp5GSvPKPc.jpg,0,0,0,1,1,0
musa-acuminata-banana-df417eef-394a-11ec-878e-d8c4975e38aa_jpg.rf.rstKcTzUyQH5D05Etxpk.jpg,0,0,0,1,0,0
musa-acuminata-banana-caa9fe3d-394a-11ec-971e-d8c4975e38aa_jpg.rf.r15KR5jv7UHuC0SiB3H3.jpg,1,0,0,0,0,0
musa-acuminata-freshunripe-70b16c45-1d0a-11ec-8fa0-d8c4975e38aa_jpg.rf.HJIXNr4WdPPPhebwPRxb.jpg,0,1,0,0,0,0
musa-acuminata-rotten-bdf0f160-1d0a-11ec-af44-d8c4975e38aa_jpg.rf.HLLRu6w3rlVfk51HTmpV.jpg,0,0,0,0,1,0
musa-acuminata-ripe-6bee639c-2653-11ec-bd85-d8c4975e38aa_jpg.rf.HRsxIx5NCmAl5Kq4Om9Z.jpg,0,0,0,1,0,0
musa-acuminata-banana-ae797d86-394a-11ec-905a-d8c4975e38aa_jpg.rf.ruylODIRThS8aiXXHgND.jpg,0,0,0,1,0,0
musa-acuminata-freshripe-4a7f8521-2653-11ec-94c3-d8c4975e38aa_jpg.rf.sZnNLdEgGqYlD7CPRwFw.jpg,1,0,0,0,0,0
musa-acuminata-banana-9aff0105-394a-11ec-b665-d8c4975e38aa_jpg.rf.tFrmBwawBBL11QT36waR.jpg,0,0,0,0,1,0
musa-acuminata-banana-cab44f1d-4037-11ec-a972-94b86d66fd1d_jpg.rf.s0cfHa4Mz460dB8GMnbj.jpg,0,0,0,1,0,0
musa-acuminata-banana-dce5a894-394a-11ec-b8c9-d8c4975e38aa_jpg.rf.sYcwW7CvfAeGnXDhEaJj.jpg,0,0,0,1,0,0
musa-acuminata-banana-e777b43d-394a-11ec-b986-d8c4975e38aa_jpg.rf.spaiyO2cAa9rk0s7nxkS.jpg,0,0,0,1,0,0
musa-acuminata-ripe-91834d93-1d0a-11ec-bbcf-d8c4975e38aa_jpg.rf.7ZFIk1pEy7OuvWqxXCiR.jpg,0,0,0,1,0,0
musa-acuminata-freshripe-4b79c788-2653-11ec-adf3-d8c4975e38aa_jpg.rf.tMyUdNtStHVGOe7Bp8B1.jpg,1,0,0,0,0,0
musa-acuminata-unripe-5d7db2b7-2653-11ec-b6bf-d8c4975e38aa---Copy_jpg.rf.tMWYGtTwN6W3JerkSHjx.jpg,0,0,0,0,1,1
musa-acuminata-freshripe-77af0b01-1d0a-11ec-bd24-d8c4975e38aa_jpg.rf.7ISCOvfECk1TWWRhrYPi.jpg,1,0,0,0,0,0
musa-acuminata-banana-c53dbe59-394a-11ec-8ceb-d8c4975e38aa_jpg.rf.HIBubcNrM0F1kV9Oqi7l.jpg,1,0,0,1,0,0
musa-acuminata-unripe-813eec51-1d0a-11ec-8fea-d8c4975e38aa-1-_jpg.rf.rwMTOincfRTdG9zGSGcF.jpg,0,0,0,0,1,1
musa-acuminata-rotten-87616c45-2653-11ec-a692-d8c4975e38aa_jpg.rf.HbNuTEWq7xhrT1kM93bc.jpg,0,0,0,0,1,0
musa-acuminata-banana-88592f10-394a-11ec-b3aa-d8c4975e38aa_jpg.rf.HeYkRkzICNNl2r7kQLJV.jpg,0,0,0,1,1,0
musa-acuminata-rotten-b86bb4a9-1d0a-11ec-a7d1-d8c4975e38aa_jpg.rf.HfRVBJKf6HpcgYFdVtai.jpg,0,0,0,0,1,0
musa-acuminata-banana-c329eafd-394a-11ec-9016-d8c4975e38aa_jpg.rf.7HAHnS5A2fH1IowUtExV.jpg,0,0,0,1,0,0
musa-acuminata-banana-fc3376c0-394a-11ec-8a55-d8c4975e38aa_jpg.rf.sQYOISvVsvrtTA5qT6rI.jpg,0,0,0,1,0,0
musa-acuminata-mold-e1de067f-1d0a-11ec-bae6-d8c4975e38aa_jpg.rf.8EOx48wWSE24POfM64IF.jpg,0,0,1,0,1,0
musa-acuminata-banana-b7737382-394a-11ec-9810-d8c4975e38aa_jpg.rf.JFpOE9dI52W2BeVFM6k8.jpg,0,0,0,1,0,0
musa-acuminata-banana-ac354a87-394a-11ec-9656-d8c4975e38aa_jpg.rf.JHWSyYtXTJ3zTehqhav5.jpg,0,0,1,1,0,0
musa-acuminata-rotten-8659903a-2653-11ec-8b93-d8c4975e38aa_jpg.rf.JLCXgK0BqzI4qaAemE1V.jpg,0,0,0,0,1,0
musa-acuminata-banana-92b12df3-394a-11ec-b6a7-d8c4975e38aa_jpg.rf.HZpShwqOf25utX2ENt0n.jpg,0,0,1,0,0,0
musa-acuminata-freshunripe-2fef9edf-2653-11ec-afe0-d8c4975e38aa_jpg.rf.Hj2OOJhuj7ENdRU4OCXH.jpg,0,1,0,0,0,0
musa-acuminata-overripe-9c16de33-1d0a-11ec-a7c3-d8c4975e38aa_jpg.rf.HsPJd7MGZ6I50xtsjN03.jpg,0,0,1,0,0,0
musa-acuminata-ripe-9877b999-1d0a-11ec-8a72-d8c4975e38aa_jpg.rf.I3Mu4K4fkwYknl15hNyo.jpg,0,0,0,1,1,0
musa-acuminata-banana-c2f33337-394a-11ec-b338-d8c4975e38aa_jpg.rf.HrWEh7uaNnNOjE3twcO6.jpg,0,0,0,1,0,0
musa-acuminata-banana-edef1200-394a-11ec-b1ef-d8c4975e38aa_jpg.rf.I21VURlAa17bt8rKgyNy.jpg,0,0,0,1,0,0
musa-acuminata-freshunripe-35965b81-2653-11ec-99d1-d8c4975e38aa_jpg.rf.IaAop8of4HCfsYIM39xK.jpg,0,1,0,0,0,0
musa-acuminata-rotten-b81b9b35-1d0a-11ec-afe4-d8c4975e38aa_jpg.rf.IeK1NiCrzrxjZ65hyCZ6.jpg,0,0,0,1,1,0
musa-acuminata-unripe-57243496-2653-11ec-b6f3-d8c4975e38aa_jpg.rf.Hu027uoY9lz3Nqp5hotv.jpg,0,0,0,0,1,1
musa-acuminata-banana-97a08b17-4037-11ec-a991-94b86d66fd1d_jpg.rf.IdGAkY97FPXZklavmG8n.jpg,0,0,0,1,0,0
musa-acuminata-banana-a1e7e51f-394a-11ec-ba10-d8c4975e38aa_jpg.rf.ISNEfTKKDaiJdCHloT6D.jpg,0,0,0,1,0,0
musa-acuminata-banana-c481ec5d-4037-11ec-ab50-94b86d66fd1d_jpg.rf.JFHomGWpMMSIvzdOxSCx.jpg,0,0,0,1,0,0
musa-acuminata-rotten-833b1def-2653-11ec-bba8-d8c4975e38aa_jpg.rf.J2vQjHufmb7dEu0I9Lek.jpg,0,0,0,0,1,0
musa-acuminata-banana-ece91e88-394a-11ec-b426-d8c4975e38aa_jpg.rf.KFi1Fo0aBmUSMsIOaU4Z.jpg,1,0,0,1,0,0
musa-acuminata-overripe-9be26ec8-1d0a-11ec-a0f1-d8c4975e38aa_jpg.rf.KRvhH4KRcrsiUgvax6xj.jpg,0,0,1,0,0,0
musa-acuminata-overripe-7fc74fc7-2653-11ec-bd0a-d8c4975e38aa_jpg.rf.KSKDzb8xFvH2U5yMb72m.jpg,0,0,1,0,0,0
musa-acuminata-unripe-54356d98-2653-11ec-b100-d8c4975e38aa---Copy_jpg.rf.KhGqux2xc15J3N0imboW.jpg,0,0,0,0,0,1
musa-acuminata-unripe-602c1fa1-2653-11ec-8367-d8c4975e38aa---Copy_jpg.rf.WmydAi8ddr2htwUSD3Sm.jpg,0,0,0,0,1,0
musa-acuminata-ripe-6ce17e2d-2653-11ec-a3ab-d8c4975e38aa_jpg.rf.WtK2hjS9hzUTIAMsHXkp.jpg,0,0,0,1,0,0
musa-acuminata-banana-ae8d467f-394a-11ec-91ff-d8c4975e38aa_jpg.rf.X410ggqOGY968b6uEEvD.jpg,0,0,0,1,0,0
musa-acuminata-banana-b26783df-394a-11ec-b880-d8c4975e38aa_jpg.rf.X7Pxgze3OIJnQMYedTww.jpg,1,0,0,0,0,0
musa-acuminata-ripe-7266dc72-2653-11ec-ba71-d8c4975e38aa_jpg.rf.XPmgZ3rXA6h0muhWOx23.jpg,0,0,0,1,1,0
musa-acuminata-freshripe-493dc21f-2653-11ec-a208-d8c4975e38aa_jpg.rf.XsdeNZwPTr9TNDaoL3UQ.jpg,1,0,0,0,0,0
musa-acuminata-rotten-bb974da2-1d0a-11ec-829b-d8c4975e38aa_jpg.rf.XuPjAar47aUpPw1byd7T.jpg,0,0,0,0,1,0
musa-acuminata-banana-c583c014-4037-11ec-82bd-94b86d66fd1d_jpg.rf.XzokpGjC3xZjbkjk3GnY.jpg,1,0,0,0,0,0
musa-acuminata-ripe-92e66da5-1d0a-11ec-b1d1-d8c4975e38aa_jpg.rf.Y4ApWS2F3eDROtbc3mvx.jpg,0,0,0,1,0,0
musa-acuminata-banana-a0cf636a-4037-11ec-b732-94b86d66fd1d_jpg.rf.YAd0uRYWlkvsrhDDEl6y.jpg,0,0,0,1,0,0
musa-acuminata-freshripe-4da77ff0-2653-11ec-bd71-d8c4975e38aa_jpg.rf.JQPAWx1zpXb4FhTPdXUv.jpg,1,0,0,0,0,0
musa-acuminata-banana-c658851f-394a-11ec-949c-d8c4975e38aa_jpg.rf.JQQGFKxP6dMkUXpnlRSc.jpg,0,0,0,1,0,0
musa-acuminata-banana-ab86d95b-4037-11ec-962f-94b86d66fd1d_jpg.rf.JZPXj1ItnlaLhpGwmz6L.jpg,1,0,0,0,0,0
musa-acuminata-overripe-9dcb08bd-1d0a-11ec-9ee1-d8c4975e38aa_jpg.rf.YoM3pqHMHVbOhpTpLnsF.jpg,0,0,1,0,0,0
musa-acuminata-freshripe-797c5102-1d0a-11ec-a95e-d8c4975e38aa_jpg.rf.YpUrECvSSwYGA0GhDWwO.jpg,1,0,0,0,0,0
musa-acuminata-mold-e64eed6e-1d0a-11ec-ae3b-d8c4975e38aa_jpg.rf.Yy5CvhC9vqW8gx0lYcmJ.jpg,0,0,1,0,0,0
musa-acuminata-freshripe-4b1a717a-2653-11ec-9955-d8c4975e38aa_jpg.rf.Z3vUkjRKOpDRBPephQDQ.jpg,1,0,0,0,0,0
musa-acuminata-freshunripe-774a9d86-1d0a-11ec-b33f-d8c4975e38aa_jpg.rf.Z4ZQGPR2PYaICBeptUm6.jpg,0,0,0,0,0,1
musa-acuminata-unripe-8b25096c-1d0a-11ec-8584-d8c4975e38aa-1-_jpg.rf.Z7ZI1fXWEivvpeP1uWSN.jpg,0,1,0,0,0,1
musa-acuminata-unripe-8e3790f1-1d0a-11ec-908b-d8c4975e38aa-1-_jpg.rf.YCjveuEEvSRldZZbeFXu.jpg,0,1,0,0,0,0
musa-acuminata-freshunripe-3b149366-2653-11ec-8831-d8c4975e38aa_jpg.rf.YMjlPXE5hTcNSVrBjgGn.jpg,0,1,0,0,0,0
musa-acuminata-rotten-8998bc55-2653-11ec-889e-d8c4975e38aa_jpg.rf.ZeTTBkvLOaRLNKb4PCGA.jpg,0,0,0,0,1,0
musa-acuminata-banana-a11a5cb8-394a-11ec-8976-d8c4975e38aa_jpg.rf.YXAqm1ZvPSpNfKkVeuAC.jpg,0,0,0,0,1,0
musa-acuminata-banana-af8bcb4e-394a-11ec-9dd7-d8c4975e38aa_jpg.rf.YoH9RHjKMAWGizFx0ego.jpg,1,0,0,0,0,0
musa-acuminata-freshripe-777c84fb-1d0a-11ec-92e9-d8c4975e38aa_jpg.rf.ZIFSDJ6oJAFuyMJp2i6F.jpg,1,0,0,0,0,0
musa-acuminata-rotten-860996dd-2653-11ec-b3c3-d8c4975e38aa_jpg.rf.YwU5AytN8xiO2g0J1bnG.jpg,0,0,0,0,1,0
musa-acuminata-banana-f0a612fb-394a-11ec-bd78-d8c4975e38aa_jpg.rf.ZGYMbBKTwqNK6uPYFBve.jpg,1,0,0,0,0,0
musa-acuminata-freshunripe-6f356a93-1d0a-11ec-80b0-d8c4975e38aa_jpg.rf.8L5b4U9I8alGnSL3iTVu.jpg,0,1,0,0,0,0
musa-acuminata-banana-ed21fb6c-394a-11ec-8fac-d8c4975e38aa_jpg.rf.7AZDh7IHxXWDoutTfzmC.jpg,1,0,0,1,0,0
musa-acuminata-banana-c7e379b9-394a-11ec-8645-d8c4975e38aa_jpg.rf.ZXDjWlh98AzEsiYkd6oG.jpg,0,0,0,1,0,0
musa-acuminata-banana-9fa65a3c-394a-11ec-8430-d8c4975e38aa_jpg.rf.ZK8ZZNHh87Ym3yW9GWS2.jpg,0,0,0,0,1,0
musa-acuminata-ripe-9348261a-1d0a-11ec-88c2-d8c4975e38aa_jpg.rf.ZaW4rQ4lOwCV8a8qUf05.jpg,0,0,0,1,0,0
musa-acuminata-freshripe-45c4bf8d-2653-11ec-8880-d8c4975e38aa_jpg.rf.ZINKnOQL306JGg3XXJZC.jpg,1,0,0,0,0,0
musa-acuminata-banana-f15f047f-394a-11ec-aaad-d8c4975e38aa_jpg.rf.ZHWi6e7WFAzV12eT0N9T.jpg,1,0,0,1,0,0
musa-acuminata-freshunripe-740982b7-1d0a-11ec-a3d5-d8c4975e38aa_jpg.rf.ZE4EGCOJUni1TbTysFKP.jpg,0,1,0,0,0,1
musa-acuminata-overripe-9e27fcd8-1d0a-11ec-9225-d8c4975e38aa_jpg.rf.ar7CYMCCATkI6J5dfooP.jpg,0,0,1,0,0,0
musa-acuminata-ripe-6bc37b67-2653-11ec-afe9-d8c4975e38aa_jpg.rf.bC9AUqfpEIOmHqd0LnZZ.jpg,0,0,0,1,0,0
musa-acuminata-banana-b5970f25-394a-11ec-b5fe-d8c4975e38aa_jpg.rf.bDqhMgjKawdg1vgBm2q5.jpg,1,0,0,1,0,0
musa-acuminata-banana-c2e7879a-394a-11ec-bde0-d8c4975e38aa_jpg.rf.bHpWFsly26VedZ5fQRjX.jpg,1,0,0,1,0,0
musa-acuminata-banana-89efb3ac-394a-11ec-818a-d8c4975e38aa_jpg.rf.bZGaBnrKNf5YcWGjBzRN.jpg,0,0,0,0,1,0
musa-acuminata-freshunripe-27a3fe35-2653-11ec-9b9d-d8c4975e38aa_jpg.rf.beANCbLHPVbln8OX4wTr.jpg,0,1,0,0,0,0
musa-acuminata-rotten-a40cb20d-1d0a-11ec-b51b-d8c4975e38aa_jpg.rf.bf2osKHN8tq5m2HlyTcY.jpg,0,0,0,0,1,0
musa-acuminata-unripe-8b29ced9-1d0a-11ec-9d76-d8c4975e38aa-1-_jpg.rf.boObFtyAEPHW9L2JEY5V.jpg,0,1,0,0,0,1
musa-acuminata-freshripe-44ade1dd-2653-11ec-a4ed-d8c4975e38aa_jpg.rf.c2hkB3nExl1liaBliXbU.jpg,1,0,0,0,0,0
musa-acuminata-banana-9890ac17-394a-11ec-999e-d8c4975e38aa_jpg.rf.c2nbId7hPOlQqnlIOoki.jpg,0,0,1,0,0,0
musa-acuminata-banana-e3b8e490-394a-11ec-b2e3-d8c4975e38aa_jpg.rf.cAJLuQIRQyD5LjVOkQQx.jpg,1,0,0,1,0,0
musa-acuminata-freshunripe-7001fdb2-1d0a-11ec-bf68-d8c4975e38aa_jpg.rf.Zpx10F7nM7PqlBS9C0LJ.jpg,0,1,0,0,0,0
musa-acuminata-overripe-9fcb79a3-1d0a-11ec-82bb-d8c4975e38aa_jpg.rf.aTmG4Pd5Rszmsnx3kLuq.jpg,0,0,1,0,0,0
musa-acuminata-banana-ee3ca35f-394a-11ec-80ab-d8c4975e38aa_jpg.rf.am7Radf3DLEyCZe0P2xl.jpg,0,0,0,1,0,0
musa-acuminata-banana-9ef6e46f-394a-11ec-85a3-d8c4975e38aa_jpg.rf.aHgHGgGuSGPAwiO2ZMqV.jpg,0,0,0,0,1,0
musa-acuminata-unripe-5d7b50bd-2653-11ec-875b-d8c4975e38aa---Copy_jpg.rf.aPbf3hsjBjYSqenXtco8.jpg,0,0,0,0,1,1
musa-acuminata-banana-850b3d93-394a-11ec-9fd7-d8c4975e38aa_jpg.rf.7ODerKrXJFGUpXNCInHC.jpg,0,0,1,0,1,0
musa-acuminata-banana-c698b6c9-394a-11ec-a098-d8c4975e38aa_jpg.rf.7afxgDiiQ0c7qK88v3YT.jpg,1,0,0,0,0,0
musa-acuminata-unripe-8e32cc9f-1d0a-11ec-b364-d8c4975e38aa-1-_jpg.rf.aQakRKj3AB7RRvMnPU0l.jpg,0,1,0,0,0,0
musa-acuminata-rotten-870abc6c-2653-11ec-8faf-d8c4975e38aa_jpg.rf.aofnZWGlaebc95cXvLyL.jpg,0,0,0,0,1,0
musa-acuminata-unripe-6185b97e-2653-11ec-83e8-d8c4975e38aa---Copy_jpg.rf.d1ccyfCfPw4iUrWRn6uj.jpg,0,0,0,0,0,1
musa-acuminata-banana-e5b8b6ca-394a-11ec-975f-d8c4975e38aa_jpg.rf.dAMZwMUDfhL6M7oqnmHS.jpg,1,0,0,1,0,0
musa-acuminata-freshunripe-692aa656-1d0a-11ec-9a39-d8c4975e38aa_jpg.rf.dXhxYOkpEy4S5WUfT1WT.jpg,0,1,0,0,0,0
musa-acuminata-banana-e9d3903d-394a-11ec-91c6-d8c4975e38aa_jpg.rf.drP8Ux4cf82j7QoiOMif.jpg,0,0,0,1,0,0
musa-acuminata-unripe-832a5eff-1d0a-11ec-ba52-d8c4975e38aa-1-_jpg.rf.drmwXmZJrmBl11wfhjQ9.jpg,0,0,0,0,1,1
musa-acuminata-unripe-8100f5a4-1d0a-11ec-adae-d8c4975e38aa-1-_jpg.rf.dwmtKJTWkd8ByErTQ6O7.jpg,0,0,0,0,1,1
musa-acuminata-rotten-89939593-2653-11ec-b085-d8c4975e38aa_jpg.rf.eIEdqKsOLoyFSMNpbENk.jpg,0,0,0,0,1,0
musa-acuminata-banana-8d228642-394a-11ec-90bc-d8c4975e38aa_jpg.rf.ePaZTLskFHr0EZf5ybzP.jpg,0,0,0,0,1,0
musa-acuminata-overripe-9d432f47-1d0a-11ec-b423-d8c4975e38aa_jpg.rf.eQ2WMjZUGC705K5Oi2kB.jpg,0,0,1,0,0,0
musa-acuminata-unripe-8e96e746-1d0a-11ec-aaa7-d8c4975e38aa-1-_jpg.rf.hbWatSyWcjAMDyHblxIr.jpg,0,0,0,0,0,1
musa-acuminata-rotten-b85219ae-1d0a-11ec-8e50-d8c4975e38aa_jpg.rf.hd7l2CQlDlBOEDG5zoVC.jpg,0,0,0,0,1,0
musa-acuminata-unripe-886ab165-1d0a-11ec-9882-d8c4975e38aa-1-_jpg.rf.8JoBnWrUEvTPmXJon6DX.jpg,0,0,0,0,1,1
musa-acuminata-banana-a1eb61a3-394a-11ec-845b-d8c4975e38aa_jpg.rf.7N7HDZn8NAJw9OjNsMQ5.jpg,0,0,0,1,0,0
musa-acuminata-freshunripe-754d8b75-1d0a-11ec-93a6-d8c4975e38aa_jpg.rf.hiT2GW4uVBaEgpHu2NwB.jpg,0,1,0,0,0,0
musa-acuminata-ripe-947939fb-1d0a-11ec-979d-d8c4975e38aa_jpg.rf.cVVWNzrOAyj0Ksl13JYA.jpg,0,0,0,1,0,0
musa-acuminata-banana-b6fab2d5-394a-11ec-a5f0-d8c4975e38aa_jpg.rf.clzYy0IfN90efazia1NO.jpg,0,0,0,1,0,0
musa-acuminata-rotten-b600c984-1d0a-11ec-9090-d8c4975e38aa_jpg.rf.cJg4Pb8fBFdxl3m0OUSZ.jpg,0,0,0,0,1,0
musa-acuminata-unripe-5207b524-2653-11ec-8619-d8c4975e38aa---Copy_jpg.rf.idimXA0B3b37egk4pTgo.jpg,0,0,0,0,0,1
musa-acuminata-overripe-9dcd6ae7-1d0a-11ec-bfeb-d8c4975e38aa_jpg.rf.ismz64AGqnkjYTBKOHl8.jpg,0,0,1,0,1,0
musa-acuminata-overripe-a173b851-1d0a-11ec-a271-d8c4975e38aa_jpg.rf.itF1wiSrzrrEPQeuABMk.jpg,0,0,1,0,1,0
musa-acuminata-banana-9ae63e44-394a-11ec-91f4-d8c4975e38aa_jpg.rf.j0LtSMTwQx3d8cmVPpCG.jpg,0,0,0,0,1,0
musa-acuminata-banana-a9816198-394a-11ec-ae9c-d8c4975e38aa_jpg.rf.jKNvGyjn7j0kws382Rai.jpg,0,0,0,0,1,0
musa-acuminata-banana-87bf471d-394a-11ec-b5e8-d8c4975e38aa_jpg.rf.jLlTwUUSG3SNfviNMbCv.jpg,0,0,1,0,1,0
musa-acuminata-freshunripe-1fe500bb-2653-11ec-b356-d8c4975e38aa_jpg.rf.jMjgRpXR6MD1ZBGwS4Yl.jpg,0,1,0,0,0,0
musa-acuminata-banana-e48cf20b-394a-11ec-a4d0-d8c4975e38aa_jpg.rf.jW3lfSwV4O7cPiM7u79H.jpg,0,0,0,1,0,0
musa-acuminata-banana-cde2fe6a-4037-11ec-b338-94b86d66fd1d_jpg.rf.jecXIcvKdSJOpRiDq2fb.jpg,0,0,0,1,0,0
musa-acuminata-freshunripe-740e6492-1d0a-11ec-ba69-d8c4975e38aa_jpg.rf.k0TH500nwuD66BFOVVpg.jpg,0,1,0,0,0,0
musa-acuminata-ripe-91c1448c-1d0a-11ec-bb95-d8c4975e38aa_jpg.rf.k5LNHsjWKrkLuxS5K8mX.jpg,0,0,0,1,0,0
musa-acuminata-ripe-92c9d526-1d0a-11ec-9ab1-d8c4975e38aa_jpg.rf.k8ADOLTGlx5TihIlVICn.jpg,0,0,0,1,0,0
musa-acuminata-banana-c2439968-4037-11ec-bae1-94b86d66fd1d_jpg.rf.iCu8qrsC6uL8OaFWfjkK.jpg,1,0,0,1,0,0
musa-acuminata-banana-8f841e70-394a-11ec-80e3-d8c4975e38aa_jpg.rf.hzNzwpiLshEXIoGcB5Pz.jpg,0,0,0,0,1,0
musa-acuminata-rotten-8ed1c7d9-2653-11ec-8776-d8c4975e38aa_jpg.rf.i1jMmBhBuwRVUSGFbEp5.jpg,0,0,0,0,1,0
musa-acuminata-rotten-83437426-2653-11ec-aa01-d8c4975e38aa_jpg.rf.ho2JcE9F3xurEh75jHsu.jpg,0,0,0,0,1,0
musa-acuminata-banana-b2a3b00a-394a-11ec-8e3d-d8c4975e38aa_jpg.rf.i9opUjAUOAt7wvV5Lhzi.jpg,0,0,0,1,0,0
musa-acuminata-unripe-84781f14-1d0a-11ec-a5e7-d8c4975e38aa-1-_jpg.rf.iXREXMi3ldq0EqZvUfvs.jpg,0,0,0,0,1,1
musa-acuminata-banana-b4dabdbe-394a-11ec-8219-d8c4975e38aa_jpg.rf.iVICBCVbLEvnJNVL9kYO.jpg,0,0,0,1,0,0
musa-acuminata-ripe-6b393ea8-2653-11ec-8509-d8c4975e38aa_jpg.rf.iNnx3uBPaHAYsODA5YTL.jpg,0,0,0,1,0,0
musa-acuminata-overripe-9be00dcf-1d0a-11ec-85b5-d8c4975e38aa_jpg.rf.kvX6bw3o0W9jvqxGKEPW.jpg,0,0,1,0,0,0
musa-acuminata-banana-c3354908-394a-11ec-9f40-d8c4975e38aa_jpg.rf.kyDYzlbXlSA5NhT6l8k7.jpg,0,0,0,1,0,0
musa-acuminata-unripe-8e922487-1d0a-11ec-a662-d8c4975e38aa-1-_jpg.rf.0DOA0m6zEvgYdMqxIbEq.jpg,0,0,0,0,0,1
musa-acuminata-overripe-9bf31dc7-1d0a-11ec-a774-d8c4975e38aa_jpg.rf.0JOauOsJujHRPnudNYiv.jpg,0,0,1,0,0,0
musa-acuminata-banana-dce42483-394a-11ec-a1fb-d8c4975e38aa_jpg.rf.0SZpZsCT2Se6IuyUS7e6.jpg,0,0,0,1,0,0
musa-acuminata-freshunripe-286c3356-2653-11ec-87c6-d8c4975e38aa_jpg.rf.0X4asLFZsG4TsjBTEoGo.jpg,0,1,0,0,0,0
musa-acuminata-rotten-a65bc8b4-1d0a-11ec-8776-d8c4975e38aa_jpg.rf.0Xd0uvBsIMRk0VVu78iA.jpg,0,0,0,0,1,0
musa-acuminata-freshripe-7cb49e3a-1d0a-11ec-8e06-d8c4975e38aa_jpg.rf.0ZT9AIs6TeURfji2BJ4f.jpg,1,0,0,0,0,0
musa-acuminata-banana-a4d6dfb2-394a-11ec-b565-d8c4975e38aa_jpg.rf.10pEiMeBJ5yGXGlbHxR8.jpg,0,0,0,1,0,0
musa-acuminata-banana-abf8099e-4037-11ec-adf2-94b86d66fd1d_jpg.rf.kNqLkRgIrLj7j3Nsx9fB.jpg,1,0,0,0,0,0
musa-acuminata-banana-988a8811-394a-11ec-9ffd-d8c4975e38aa_jpg.rf.kNx7GkB74w6rekjkk5Yp.jpg,0,0,1,0,0,0
musa-acuminata-banana-ab9c54cb-394a-11ec-a9a9-d8c4975e38aa_jpg.rf.kJW3Kup4ICh5d6BbrfGc.jpg,0,0,1,1,0,0
musa-acuminata-unripe-9147b7b3-1d0a-11ec-9986-d8c4975e38aa-1-_jpg.rf.ka2zkmmZSOkHdSaPtEGe.jpg,0,1,0,0,0,1
musa-acuminata-banana-acc399d7-394a-11ec-ba03-d8c4975e38aa_jpg.rf.kVPabXy4oPqWUvPz5iyE.jpg,0,0,1,1,1,0
musa-acuminata-banana-a327587e-394a-11ec-9def-d8c4975e38aa_jpg.rf.yAD4kW5d4Opksz9AMKfT.jpg,0,0,1,0,0,0
musa-acuminata-unripe-89996474-1d0a-11ec-917e-d8c4975e38aa-1-_jpg.rf.yCbxUduJSdlxj5kVyVJW.jpg,0,0,0,0,0,1
musa-acuminata-unripe-8580ae76-1d0a-11ec-8a60-d8c4975e38aa-1-_jpg.rf.yVktbWiI8pguWwx5z8xz.jpg,0,0,0,0,1,1
musa-acuminata-banana-a17430d8-394a-11ec-a583-d8c4975e38aa_jpg.rf.yWZLaQ11TxoEz8RvfuvH.jpg,0,0,1,0,0,0
musa-acuminata-mold-e5bfebf8-1d0a-11ec-9b9c-d8c4975e38aa_jpg.rf.yeWc15pM04ohPIxsuGWy.jpg,0,0,1,0,0,0
musa-acuminata-banana-fde767e8-394a-11ec-b4a4-d8c4975e38aa_jpg.rf.yfXL46OSr8SFcWIQicjO.jpg,0,0,0,1,0,0
musa-acuminata-banana-abf66307-394a-11ec-a9c1-d8c4975e38aa_jpg.rf.ynT81n7zNSZdWUvhxISY.jpg,0,0,1,1,0,0
musa-acuminata-rotten-8f190d92-2653-11ec-aad5-d8c4975e38aa_jpg.rf.zBpgUdRAyCw7YuxU21pY.jpg,0,0,0,0,1,0
musa-acuminata-freshripe-7832f1b4-1d0a-11ec-9972-d8c4975e38aa_jpg.rf.zZBrmiG43Iz1bw7O6A26.jpg,1,0,0,0,0,0
musa-acuminata-rotten-b57a21f9-1d0a-11ec-b668-d8c4975e38aa_jpg.rf.0q8gxy2UAXn3XwVGXHMo.jpg,0,0,0,0,1,0
musa-acuminata-freshripe-7b7cf977-1d0a-11ec-9b19-d8c4975e38aa_jpg.rf.0qMSnb52LgXPHSYgbn7A.jpg,1,0,0,0,0,0
musa-acuminata-rotten-a23bed6c-1d0a-11ec-9c6b-d8c4975e38aa_jpg.rf.0xfC2qghhTVz5ZIjPbFo.jpg,0,0,0,0,1,0
musa-acuminata-rotten-898ef23f-2653-11ec-aa02-d8c4975e38aa_jpg.rf.0jmHprszGlwPETkocXLD.jpg,0,0,0,0,1,0
musa-acuminata-banana-b33cc082-394a-11ec-8baa-d8c4975e38aa_jpg.rf.xaaE49DPhAl5XHTWMUEs.jpg,1,0,0,0,0,0
musa-acuminata-freshunripe-6bf44304-1d0a-11ec-aac3-d8c4975e38aa_jpg.rf.xkTqYDZxGMlLQL4MsD14.jpg,0,1,0,0,0,0
musa-acuminata-overripe-76229cf9-2653-11ec-96b9-d8c4975e38aa_jpg.rf.xdszEnJK4vz53Xb7hiUh.jpg,0,0,1,0,0,0
musa-acuminata-mold-e198e7e4-1d0a-11ec-b226-d8c4975e38aa_jpg.rf.xppwg7fXp7Sw7aosVk7m.jpg,0,0,1,0,1,0
musa-acuminata-freshripe-7b4814a0-1d0a-11ec-9a12-d8c4975e38aa_jpg.rf.xrnSgBFD8YWeuMx15BiN.jpg,1,0,0,0,0,0
musa-acuminata-mold-e42abb0d-1d0a-11ec-9e75-d8c4975e38aa_jpg.rf.xe3ePWz7dptiTzSxcdFW.jpg,0,0,1,0,1,0
musa-acuminata-banana-d9344001-394a-11ec-9991-d8c4975e38aa_jpg.rf.y5OgUQOLnr2nFG2Zcw9a.jpg,0,0,0,1,0,0
musa-acuminata-unripe-8e8173cf-1d0a-11ec-ac6d-d8c4975e38aa-1-_jpg.rf.CoaLDiGST8BJjCMWH0oD.jpg,0,1,0,0,0,1
musa-acuminata-mold-e2cc5f52-1d0a-11ec-a9af-d8c4975e38aa_jpg.rf.CtDLxGWrpbYSsWN31Pei.jpg,0,0,1,0,0,0
musa-acuminata-ripe-93e313af-1d0a-11ec-b1a0-d8c4975e38aa_jpg.rf.Cu5IaujImCqXz5wl3lAl.jpg,0,0,0,1,0,0
musa-acuminata-freshunripe-1f628817-2653-11ec-a74d-d8c4975e38aa_jpg.rf.Cup898SaXZ6tjOhjPbgq.jpg,0,1,0,0,0,0
musa-acuminata-banana-8d262957-394a-11ec-b515-d8c4975e38aa_jpg.rf.D0M7TFESAPrppjYb1ikf.jpg,0,0,0,0,1,0
musa-acuminata-overripe-9c5e5edc-1d0a-11ec-92ab-d8c4975e38aa_jpg.rf.DACHoEimQPSuynfddTO8.jpg,0,0,1,0,0,0
musa-acuminata-ripe-6ee44fb8-2653-11ec-bf54-d8c4975e38aa_jpg.rf.DCnVettCF5XOQ1Xk3Ek3.jpg,0,0,0,1,1,0
musa-acuminata-overripe-9cc2796d-1d0a-11ec-8581-d8c4975e38aa_jpg.rf.DDmmgq9GnxXzFAt0bZJc.jpg,0,0,1,0,0,0
musa-acuminata-freshunripe-76ca2f11-1d0a-11ec-a059-d8c4975e38aa_jpg.rf.DE7r5gsdCKFTnW3OC8ld.jpg,0,0,0,0,0,1
musa-acuminata-ripe-92a6136d-1d0a-11ec-8862-d8c4975e38aa_jpg.rf.zrSQmMYc4UKaaMec6z5D.jpg,0,0,0,1,0,0
musa-acuminata-banana-bf7af174-4037-11ec-8551-94b86d66fd1d_jpg.rf.CYU8N36witiT2N2WubXD.jpg,1,0,0,0,0,0
musa-acuminata-overripe-7f9c68dd-2653-11ec-914c-d8c4975e38aa_jpg.rf.zt5N67anI3C7Ju2AjBug.jpg,0,0,1,0,0,0
musa-acuminata-ripe-6d707f7d-2653-11ec-a4a5-d8c4975e38aa_jpg.rf.Ck3l1vvQe0s6vDjkP0LR.jpg,0,0,0,1,0,0
musa-acuminata-rotten-8d3bcc70-2653-11ec-9065-d8c4975e38aa_jpg.rf.zr9iu492EIMJAELF2ER3.jpg,0,0,0,0,1,0
musa-acuminata-banana-c695fc3e-394a-11ec-b44c-d8c4975e38aa_jpg.rf.FBHI0LOgYZtY6Rb9ngYW.jpg,1,0,0,0,0,0
musa-acuminata-overripe-9e6f7dc3-1d0a-11ec-a4c0-d8c4975e38aa_jpg.rf.FNF8x0Ydk23C6DxlqXdj.jpg,0,0,1,0,1,0
musa-acuminata-overripe-7e465662-2653-11ec-b736-d8c4975e38aa_jpg.rf.FVtvw5klN7h15Lem1kJZ.jpg,0,0,1,0,0,0
musa-acuminata-freshunripe-1fca4f4c-2653-11ec-8999-d8c4975e38aa_jpg.rf.DNYEjdqJJisjPRRV6jUm.jpg,0,1,0,0,0,0
musa-acuminata-freshripe-50abba89-2653-11ec-a5ff-d8c4975e38aa_jpg.rf.DTEKY5wZ8bE7WVIl5DLq.jpg,1,0,0,0,0,0
musa-acuminata-banana-ee2b27c2-394a-11ec-a633-d8c4975e38aa_jpg.rf.EcHtxP74OE5QaNZavHp1.jpg,0,0,0,1,0,0
musa-acuminata-unripe-5c09e3cf-2653-11ec-843c-d8c4975e38aa---Copy_jpg.rf.DZEtugvFn59P9EuiED5p.jpg,0,0,0,0,1,1
musa-acuminata-banana-de722b65-394a-11ec-9910-d8c4975e38aa_jpg.rf.EjtpZNrHp8X5KCzn2JGH.jpg,0,0,0,1,0,0
musa-acuminata-banana-ea885f02-394a-11ec-9420-d8c4975e38aa_jpg.rf.DUMJqy0b6zO48hIY1ry2.jpg,1,0,0,1,0,0
musa-acuminata-unripe-8c588176-1d0a-11ec-b4d1-d8c4975e38aa-1-_jpg.rf.EWvyTqLbDOmY1MPX37pj.jpg,0,0,0,0,0,1
musa-acuminata-banana-b9a744c8-4037-11ec-aff8-94b86d66fd1d_jpg.rf.E4kr7fbEjF2YxCfx6r1d.jpg,0,1,0,0,0,1
musa-acuminata-banana-b4b32e97-394a-11ec-991d-d8c4975e38aa_jpg.rf.EAqXpbHiLFm0D7YqW2BF.jpg,1,0,0,0,0,0
musa-acuminata-unripe-567637fb-2653-11ec-8130-d8c4975e38aa_jpg.rf.Dkry73JLwbCvJiJD7vWs.jpg,0,0,0,0,0,1
musa-acuminata-ripe-93e0b036-1d0a-11ec-bb3f-d8c4975e38aa_jpg.rf.F2wsKjoWpEllRRiJRuf8.jpg,0,0,0,1,0,0
musa-acuminata-banana-b5dabd25-394a-11ec-ba1c-d8c4975e38aa_jpg.rf.lrcEQhS3ymfWUp74VAau.jpg,1,0,0,1,1,0
musa-acuminata-banana-f5b4931d-394a-11ec-ab27-d8c4975e38aa_jpg.rf.mO0V3BpH4LfODeNa8Br0.jpg,0,0,0,1,0,0
musa-acuminata-mold-e377f94e-1d0a-11ec-9861-d8c4975e38aa_jpg.rf.mea4sjTcJisvNLbxCFRQ.jpg,0,0,1,0,1,0
musa-acuminata-ripe-924b819c-1d0a-11ec-a4aa-d8c4975e38aa_jpg.rf.mkLfluB2CKWMWnfUyGg5.jpg,0,0,0,1,0,0
musa-acuminata-unripe-56599d55-2653-11ec-89c5-d8c4975e38aa---Copy_jpg.rf.FxlLSqqgr4xWxNTARpon.jpg,0,0,0,0,1,1
musa-acuminata-rotten-841870da-2653-11ec-9832-d8c4975e38aa_jpg.rf.FtS9sdFWFmQ8T7A7gRxJ.jpg,0,0,0,0,1,0
musa-acuminata-banana-a5e600ac-394a-11ec-8f28-d8c4975e38aa_jpg.rf.FhYlaCEAkcoFX4MrDt6k.jpg,0,0,1,0,1,0
musa-acuminata-banana-a79b1a78-394a-11ec-a045-d8c4975e38aa_jpg.rf.GY0Z9ewd56y34rnoeuUa.jpg,0,0,0,0,1,0
musa-acuminata-banana-b00a63e3-394a-11ec-a78c-d8c4975e38aa_jpg.rf.l4GJEuJdzTdGwV7rFUUr.jpg,0,0,0,1,0,0
musa-acuminata-freshripe-7cff3795-1d0a-11ec-852f-d8c4975e38aa_jpg.rf.GWCISi3HsMbcphcRKSrg.jpg,1,0,0,0,0,0
musa-acuminata-banana-f2d1914e-394a-11ec-8f6c-d8c4975e38aa_jpg.rf.lAzNaZBrzRFtqvxF3F4A.jpg,1,0,0,0,0,0
musa-acuminata-banana-ac33350a-4037-11ec-8fb1-94b86d66fd1d_jpg.rf.lBOyJ6yIiFgdbgss5UaP.jpg,1,0,0,0,0,0
musa-acuminata-unripe-84cdecbc-1d0a-11ec-bffe-d8c4975e38aa-1-_jpg.rf.l53S6LIQh7qJDY18ziLB.jpg,0,0,0,0,1,1
musa-acuminata-mold-e23afa86-1d0a-11ec-bd46-d8c4975e38aa_jpg.rf.lVyNpuXQHLapTJXdHWvK.jpg,0,0,1,0,1,0
musa-acuminata-unripe-887b6212-1d0a-11ec-8290-d8c4975e38aa-1-_jpg.rf.lL7hESfiqGGfVlSt58ks.jpg,0,0,0,0,1,1
musa-acuminata-overripe-9d1aa92f-1d0a-11ec-a02c-d8c4975e38aa_jpg.rf.otSkfnZuv0RmiFsAvUWt.jpg,0,0,1,0,0,0
musa-acuminata-rotten-8222076c-2653-11ec-932d-d8c4975e38aa_jpg.rf.ouI08EmykV2YnX39Ncb0.jpg,0,0,0,0,1,0
musa-acuminata-banana-a91b238c-394a-11ec-a22a-d8c4975e38aa_jpg.rf.p62rNtKib1IiJz697IPV.jpg,0,0,1,0,1,0
musa-acuminata-banana-a682db4e-394a-11ec-b94d-d8c4975e38aa_jpg.rf.p8tcrWmYEVzjbTAHtUzM.jpg,0,0,1,0,1,0
musa-acuminata-banana-9f25d3ac-4037-11ec-aeb2-94b86d66fd1d_jpg.rf.pHWsjetayuIKTmQ5eXOn.jpg,0,0,0,1,0,0
musa-acuminata-banana-c2ec13bb-394a-11ec-8e43-d8c4975e38aa_jpg.rf.pozM1ii8I0K0kGqGMCRf.jpg,0,0,0,1,0,0
musa-acuminata-freshunripe-681bf0c8-1d0a-11ec-a31b-d8c4975e38aa_jpg.rf.2xXexDcw73LCRwwL8EIP.jpg,0,1,0,0,0,0
musa-acuminata-freshunripe-3898360c-2653-11ec-a9e5-d8c4975e38aa_jpg.rf.lyo3qcTNSNUJYi1YLphq.jpg,0,1,0,0,0,0
musa-acuminata-freshunripe-687f09b7-1d0a-11ec-a811-d8c4975e38aa_jpg.rf.n892PnA5VpNPnb3cQBP5.jpg,0,1,0,0,0,0
musa-acuminata-rotten-8b8f08f5-2653-11ec-a2de-d8c4975e38aa_jpg.rf.nqJQym4fXEWHZRTJG1Ur.jpg,0,0,0,0,1,0
musa-acuminata-ripe-6b87e5a6-2653-11ec-9f2b-d8c4975e38aa_jpg.rf.mth1TkZbQYVy4fHKYzOg.jpg,0,0,0,1,0,0
musa-acuminata-unripe-626ce93e-2653-11ec-9b7a-d8c4975e38aa---Copy_jpg.rf.nQJSAt5cHVIFFKSzrJSg.jpg,0,0,0,0,0,1
musa-acuminata-ripe-918a7426-1d0a-11ec-a09b-d8c4975e38aa_jpg.rf.niE7tQzws484yYzZvSyf.jpg,0,0,0,1,0,0
musa-acuminata-rotten-a796656f-1d0a-11ec-87e7-d8c4975e38aa_jpg.rf.nvoedmjvUDHcs3lFTwqP.jpg,0,0,0,0,1,0
musa-acuminata-freshunripe-3bbb6a2b-2653-11ec-b80c-d8c4975e38aa_jpg.rf.oEgxuzm1dc91qjY715nn.jpg,0,1,0,0,0,0
musa-acuminata-freshunripe-2e23a007-2653-11ec-9fc4-d8c4975e38aa_jpg.rf.my5LasMJ3t5Pgg1ornZC.jpg,0,1,0,0,0,0
musa-acuminata-mold-e26844b0-1d0a-11ec-8b54-d8c4975e38aa_jpg.rf.mpj4edVDZiVOmjAAnfIU.jpg,0,0,1,0,1,0
musa-acuminata-freshripe-78f6bcf1-1d0a-11ec-acdc-d8c4975e38aa_jpg.rf.3maoOQcyAz1rHQHXjf7s.jpg,1,0,0,0,0,0
musa-acuminata-banana-fdcf7531-394a-11ec-ab1f-d8c4975e38aa_jpg.rf.3nZRv5J9PC93ORbeslyK.jpg,0,0,0,1,0,0
musa-acuminata-ripe-6aaf018f-2653-11ec-8fdf-d8c4975e38aa_jpg.rf.3s4GVmOcisb6Lbd2fBG7.jpg,0,0,0,1,0,0
musa-acuminata-overripe-7c3a99c9-2653-11ec-a2f2-d8c4975e38aa_jpg.rf.3uMY47zbYJK4AIAujgZv.jpg,0,0,1,0,1,0
musa-acuminata-banana-92b7674b-394a-11ec-bbda-d8c4975e38aa_jpg.rf.40jjZ34ltq61FpOviGWK.jpg,0,0,1,0,0,0
musa-acuminata-banana-88c7083b-394a-11ec-8ded-d8c4975e38aa_jpg.rf.46jBbW3rrUgphXDNQxKx.jpg,0,0,1,0,1,0
musa-acuminata-unripe-593edbbe-2653-11ec-8ead-d8c4975e38aa---Copy_jpg.rf.48Qi7E3lTevwgvIkGve4.jpg,0,0,0,0,1,1
musa-acuminata-unripe-87373d8c-1d0a-11ec-94d4-d8c4975e38aa-1-_jpg.rf.4D4jMzvgUw3BYmYCB1EO.jpg,0,0,0,0,0,1
musa-acuminata-banana-abb7dafb-394a-11ec-b3ec-d8c4975e38aa_jpg.rf.4Rx4dSsaXJnz0F55jwea.jpg,0,0,1,1,0,0
musa-acuminata-banana-a180150d-394a-11ec-8e9e-d8c4975e38aa_jpg.rf.5A2AwVxili5y0wFiBmgY.jpg,0,0,1,0,0,0
musa-acuminata-banana-cd147854-4037-11ec-ae70-94b86d66fd1d_jpg.rf.pcYefnOnAjUwoTyoeJVi.jpg,0,0,0,1,0,0
musa-acuminata-ripe-6fea7e25-2653-11ec-b8aa-d8c4975e38aa_jpg.rf.pVMGq7Sn1QchFONfotrj.jpg,0,0,0,1,1,0
musa-acuminata-ripe-6e2cc9c8-2653-11ec-a64f-d8c4975e38aa_jpg.rf.pBGyOw75tdA7XGgrSlSU.jpg,0,0,0,1,1,0
musa-acuminata-rotten-bbe45b7e-1d0a-11ec-8340-d8c4975e38aa_jpg.rf.3JOeKOgSfcPfRLLt10DM.jpg,0,0,0,0,1,0
musa-acuminata-ripe-6d6bbb1b-2653-11ec-a0a8-d8c4975e38aa_jpg.rf.peBKyFHcKAlEJt3g4Nmv.jpg,0,0,0,1,0,0
musa-acuminata-mold-e516b36c-1d0a-11ec-b95a-d8c4975e38aa_jpg.rf.3RjF4HOEGjPcK6Eq7eiF.jpg,0,0,1,0,0,0
musa-acuminata-banana-9a092f7d-394a-11ec-b3e6-d8c4975e38aa_jpg.rf.3gWwvVNmY7ER1EHuEeWs.jpg,0,0,0,0,1,0
musa-acuminata-rotten-8817fc35-2653-11ec-b3d9-d8c4975e38aa_jpg.rf.3DovIt2Xr32bqCuzTelT.jpg,0,0,0,0,1,0
musa-acuminata-rotten-b8128c7d-1d0a-11ec-a7a6-d8c4975e38aa_jpg.rf.681FHA3UGcCapaFHLDE1.jpg,0,0,0,0,1,0
musa-acuminata-ripe-6c60c9e7-2653-11ec-8b15-d8c4975e38aa_jpg.rf.69FXEqoUpoe3TqwZnUO9.jpg,0,0,0,1,0,0
musa-acuminata-mold-e3484f9d-1d0a-11ec-945b-d8c4975e38aa_jpg.rf.6EiyiSJqE8AxfcoUOZNg.jpg,0,0,1,0,1,0
musa-acuminata-rotten-bbe5964a-1d0a-11ec-a36b-d8c4975e38aa_jpg.rf.6FmzvfG2mqtWgBmYNb7b.jpg,0,0,0,0,1,0
musa-acuminata-ripe-92b1fe43-1d0a-11ec-97a9-d8c4975e38aa_jpg.rf.6QMPReNO8dZh14dQXWDt.jpg,0,0,0,1,0,0
musa-acuminata-freshripe-4b23fa0c-2653-11ec-93eb-d8c4975e38aa_jpg.rf.6ViK6jNMx32XIZVxvuW6.jpg,1,0,0,0,0,0
musa-acuminata-banana-97d8421b-394a-11ec-9558-d8c4975e38aa_jpg.rf.6bzyFAHdyG6O31N5yp0E.jpg,0,0,1,0,0,0
musa-acuminata-freshunripe-3a9d6783-2653-11ec-803f-d8c4975e38aa_jpg.rf.6cwNvFJifK5JE4tMyZTj.jpg,0,1,0,0,0,0
musa-acuminata-rotten-bd0b1cd7-1d0a-11ec-8371-d8c4975e38aa_jpg.rf.JdFpvJN49l699tlBuRII.jpg,0,0,0,0,1,0
musa-acuminata-rotten-ad365c5e-1d0a-11ec-9c2b-d8c4975e38aa_jpg.rf.JoBYzlyCETAtFwl9oZu4.jpg,0,0,0,0,1,0
musa-acuminata-freshunripe-3226e006-2653-11ec-8a34-d8c4975e38aa_jpg.rf.JpWdpBwwnqU0goaLtwIG.jpg,0,1,0,0,0,0
musa-acuminata-banana-9b5b198c-394a-11ec-bf13-d8c4975e38aa_jpg.rf.5p88Qi04kteM5yZDNQB8.jpg,0,0,0,0,1,0
musa-acuminata-freshunripe-3542f000-2653-11ec-9f4f-d8c4975e38aa_jpg.rf.53lMXvQFQ8PAwxkq7qz2.jpg,0,1,0,0,0,0
musa-acuminata-ripe-977b129f-1d0a-11ec-8769-d8c4975e38aa_jpg.rf.5Vsm4b1kJRhwlptFwk5N.jpg,0,0,0,1,1,0
musa-acuminata-ripe-9463c6b4-1d0a-11ec-8622-d8c4975e38aa_jpg.rf.5rJAKrgvokBJe91pseCc.jpg,0,0,0,1,0,0
musa-acuminata-rotten-8ba54516-2653-11ec-8817-d8c4975e38aa_jpg.rf.5xpUbl3D5jIeirTNzfTv.jpg,0,0,0,0,1,0
musa-acuminata-mold-e35b5f8d-1d0a-11ec-ab7b-d8c4975e38aa_jpg.rf.51WacAzFpdWZH22oqWmC.jpg,0,0,1,0,1,0
musa-acuminata-ripe-9995bb49-1d0a-11ec-95e8-d8c4975e38aa_jpg.rf.5lY4bsWCGLGisVSoACBO.jpg,0,0,0,1,1,0
musa-acuminata-rotten-a2fcfc21-1d0a-11ec-9483-d8c4975e38aa_jpg.rf.LPl0IPS2c8USHmtPOtdz.jpg,0,0,0,0,1,0
musa-acuminata-rotten-8388a334-2653-11ec-a390-d8c4975e38aa_jpg.rf.LYVLr15VASFZ0ISsho5T.jpg,0,0,0,0,1,0
musa-acuminata-rotten-a22da08a-1d0a-11ec-90df-d8c4975e38aa_jpg.rf.LZ4tA0HH6zsQO2swoZBQ.jpg,0,0,0,0,1,0
musa-acuminata-rotten-8f68ed3d-2653-11ec-b039-d8c4975e38aa_jpg.rf.LZS9ECG6l84V3xXaBCpR.jpg,0,0,0,0,1,0
musa-acuminata-rotten-8809bccf-2653-11ec-af2b-d8c4975e38aa_jpg.rf.LZSOeiagtlH2V56W1EV2.jpg,0,0,0,0,1,0
musa-acuminata-banana-a727acad-394a-11ec-a7bb-d8c4975e38aa_jpg.rf.LZsYYewjav2CiMBKRB0q.jpg,0,0,0,0,1,0
musa-acuminata-freshunripe-6eddc53d-1d0a-11ec-90ff-d8c4975e38aa_jpg.rf.LaCB2AQBqREJrNGCAmnr.jpg,0,1,0,0,0,0
musa-acuminata-banana-fc7f8d49-394a-11ec-8a84-d8c4975e38aa_jpg.rf.Lh7mOTdJNoapRFJIZeyH.jpg,1,0,0,0,0,0
musa-acuminata-unripe-5d742a19-2653-11ec-ba7f-d8c4975e38aa---Copy_jpg.rf.Lo1znNxxITJgZAtAd3xO.jpg,0,0,0,0,1,1
musa-acuminata-banana-8e43f4eb-394a-11ec-a31e-d8c4975e38aa_jpg.rf.M0hPy8LpdyDd5cgoSYb4.jpg,0,0,0,0,1,0
musa-acuminata-banana-9e8d18b0-4037-11ec-8cad-94b86d66fd1d_jpg.rf.MOil5Cjf9ZqokG6jJq3V.jpg,0,0,0,1,0,0
musa-acuminata-banana-84d328bb-394a-11ec-a5b6-d8c4975e38aa_jpg.rf.KDrJgvTDDSNS9BAFbyZ4.jpg,0,0,1,0,0,0
musa-acuminata-mold-e59502e5-1d0a-11ec-b88c-d8c4975e38aa_jpg.rf.JuCQU1OwJmhQ8fjyfOY0.jpg,0,0,1,0,1,0
musa-acuminata-banana-8a309486-394a-11ec-a2cd-d8c4975e38aa_jpg.rf.K710YBhmnrE8YM5cRyvQ.jpg,0,0,0,0,1,0
musa-acuminata-overripe-7e745df7-2653-11ec-9738-d8c4975e38aa_jpg.rf.K0t2tHjb2J08DOZxDuVq.jpg,0,0,1,0,0,0
musa-acuminata-freshripe-7d8a0d88-1d0a-11ec-bfad-d8c4975e38aa_jpg.rf.KPQxt0MDPs6Qdrwt4kUW.jpg,1,0,0,0,0,0
musa-acuminata-banana-ad676e83-4037-11ec-8276-94b86d66fd1d_jpg.rf.KsPS2m2jNx8nz8OMAcXQ.jpg,1,0,0,0,0,0
musa-acuminata-mold-e4cf3230-1d0a-11ec-8328-d8c4975e38aa_jpg.rf.Kz3jO7tfum123PK6SSVp.jpg,0,0,1,0,0,0
musa-acuminata-banana-a2a5bbc5-4037-11ec-86d9-94b86d66fd1d_jpg.rf.Mtxio3TWxfY534O2hFMe.jpg,1,0,0,1,0,0
musa-acuminata-ripe-95711a8f-1d0a-11ec-b03c-d8c4975e38aa_jpg.rf.MuPKZowvTPAhBcj8C4Tp.jpg,0,0,0,1,1,0
musa-acuminata-banana-ad785e8a-394a-11ec-be22-d8c4975e38aa_jpg.rf.KhtKN9pijCNdggy2Hu5x.jpg,1,0,0,0,0,0
musa-acuminata-banana-e39bdd06-394a-11ec-bcbe-d8c4975e38aa_jpg.rf.KslNbLFdstnjwPVtKUtM.jpg,1,0,0,1,0,0
musa-acuminata-banana-c53ea0bb-4037-11ec-9e94-94b86d66fd1d_jpg.rf.Kxg5UqedSvQdyCbV4vtA.jpg,1,0,0,1,0,0
musa-acuminata-ripe-9773ec2c-1d0a-11ec-81ab-d8c4975e38aa_jpg.rf.L178zgjbrusTXXikbGX1.jpg,0,0,0,1,1,0
musa-acuminata-freshripe-7f018ad7-1d0a-11ec-a0fd-d8c4975e38aa_jpg.rf.L4SuuVkXI2lqHDode1RH.jpg,1,0,0,0,0,0
musa-acuminata-rotten-8700bb63-2653-11ec-bd2d-d8c4975e38aa_jpg.rf.LTXQh3QFAxz6UITQJuZP.jpg,0,0,0,0,1,0
musa-acuminata-banana-a76c5605-394a-11ec-9e87-d8c4975e38aa_jpg.rf.MM1FOXq2b2UMVRdq2c9Y.jpg,0,0,0,0,1,0
musa-acuminata-freshripe-457d3d65-2653-11ec-abaf-d8c4975e38aa_jpg.rf.MNLG9sqqjRoe3z3up5FM.jpg,1,0,0,0,0,0
musa-acuminata-banana-970408a9-394a-11ec-996d-d8c4975e38aa_jpg.rf.MHuhqaUCGhLwpku4TouN.jpg,0,0,0,0,1,0
musa-acuminata-banana-834dda92-394a-11ec-91f8-d8c4975e38aa_jpg.rf.MdLXiPFQ0qCITyuTYm80.jpg,0,0,1,0,0,0
musa-acuminata-rotten-bc05183d-1d0a-11ec-a053-d8c4975e38aa_jpg.rf.MtJUz5Oq4HTgv957GCjk.jpg,0,0,0,0,1,0
musa-acuminata-freshripe-7976366b-1d0a-11ec-a54c-d8c4975e38aa_jpg.rf.MdvJt7OeKRdC0cChmfiH.jpg,1,0,0,0,0,0
musa-acuminata-freshunripe-6f2e1790-1d0a-11ec-b00b-d8c4975e38aa_jpg.rf.MmJhR3uVduVQb08MhLJD.jpg,0,1,0,0,0,0
musa-acuminata-unripe-8bda2fa3-1d0a-11ec-bc65-d8c4975e38aa-1-_jpg.rf.Mi0beIy3tGu12SufdyxU.jpg,0,0,0,0,0,1
musa-acuminata-banana-9f9c8006-394a-11ec-adb1-d8c4975e38aa_jpg.rf.MqQMthwPxrqvgVhkV7j1.jpg,0,0,0,0,1,0
musa-acuminata-rotten-8b55ae0e-2653-11ec-81c6-d8c4975e38aa_jpg.rf.Ms0O1jyTrlCol5UYdrRA.jpg,0,0,0,0,1,0
musa-acuminata-banana-bc0d845a-4037-11ec-9410-94b86d66fd1d_jpg.rf.NDUqLRxMCCjwLX5e4Z5P.jpg,1,0,0,1,0,0
musa-acuminata-freshunripe-6df2c928-1d0a-11ec-8a86-d8c4975e38aa_jpg.rf.NFeRIARUw4yHxQvnsDDH.jpg,0,1,0,0,0,0
musa-acuminata-overripe-9d1382b8-1d0a-11ec-bcef-d8c4975e38aa_jpg.rf.NI8HcrjYfsWtPnzjGXal.jpg,0,0,1,0,0,0
musa-acuminata-ripe-93c67872-1d0a-11ec-b2d3-d8c4975e38aa_jpg.rf.NT843xSh3L2QtOorGgxy.jpg,0,0,0,1,0,0
musa-acuminata-overripe-a0ade544-1d0a-11ec-a4e5-d8c4975e38aa_jpg.rf.NW2kZYtIozraW26Ibzub.jpg,0,0,1,0,0,0
musa-acuminata-mold-e284dfc2-1d0a-11ec-80fe-d8c4975e38aa_jpg.rf.L25sdj3Wp6CPIPKOi5T9.jpg,0,0,1,0,1,0
musa-acuminata-banana-cf9c731e-394a-11ec-8e88-d8c4975e38aa_jpg.rf.LG8xw0DAUicrU8uuzaph.jpg,0,0,0,1,0,0
musa-acuminata-freshunripe-63cd9b76-1d0a-11ec-9b4b-d8c4975e38aa_jpg.rf.La6kNDVd4tHMWxtYtv0z.jpg,0,1,0,0,0,0
musa-acuminata-freshunripe-64b2308f-1d0a-11ec-96c4-d8c4975e38aa_jpg.rf.MITEtyyi99MEkHC1NG5N.jpg,0,1,0,0,0,0
musa-acuminata-banana-c1f99852-4037-11ec-a671-94b86d66fd1d_jpg.rf.MOThNvnSiuhwTvxGYmFp.jpg,1,0,0,1,0,0
musa-acuminata-overripe-7fb1dc2e-2653-11ec-8917-d8c4975e38aa_jpg.rf.M4eyRKxsLIOvOzTcwVbQ.jpg,0,0,1,0,1,0
musa-acuminata-banana-9457fea6-394a-11ec-a9a3-d8c4975e38aa_jpg.rf.MMXUSCUa7eprK5ib2se7.jpg,0,0,0,0,1,0
musa-acuminata-ripe-7122b75f-2653-11ec-8737-d8c4975e38aa_jpg.rf.LqhntWdI6XsLsCdYYRNg.jpg,0,0,0,1,1,0
musa-acuminata-banana-9b890097-4037-11ec-a4f5-94b86d66fd1d_jpg.rf.MPKvmua9YLdJlT3ZQOPr.jpg,0,0,0,1,0,0
musa-acuminata-banana-b521ad0a-394a-11ec-864a-d8c4975e38aa_jpg.rf.MSBy2GJwiKh6bpoy5UG8.jpg,0,0,0,1,0,0
musa-acuminata-ripe-730db352-2653-11ec-9be8-d8c4975e38aa_jpg.rf.5Jhp7809JVg5Ab3ym7zu.jpg,0,0,0,0,1,0
musa-acuminata-rotten-b2f9fcfe-1d0a-11ec-bd07-d8c4975e38aa_jpg.rf.5cLrpf3zYo0zhVF7hcfP.jpg,0,0,0,0,1,0
musa-acuminata-unripe-61d923ac-2653-11ec-8311-d8c4975e38aa_jpg.rf.5il2HKozvVyyseyRxoz8.jpg,0,0,0,0,0,1
musa-acuminata-unripe-89249999-1d0a-11ec-ab47-d8c4975e38aa-1-_jpg.rf.5rQfldccfdAMZhDjMzkA.jpg,0,0,0,0,0,1
musa-acuminata-banana-fb04fbb7-394a-11ec-9981-d8c4975e38aa_jpg.rf.5xgFYWlu2miMwmCIxykf.jpg,1,0,0,1,0,0
musa-acuminata-ripe-92c04b2e-1d0a-11ec-a7c9-d8c4975e38aa_jpg.rf.5zaeDVAXbvb9tFKM9PQM.jpg,0,0,0,1,0,0
musa-acuminata-rotten-a4117641-1d0a-11ec-86a6-d8c4975e38aa_jpg.rf.5zg8e6lKizv8EEwzOevE.jpg,0,0,0,0,1,0
musa-acuminata-rotten-b0bdc348-1d0a-11ec-a245-d8c4975e38aa_jpg.rf.67vfCx12k51pECo3Poh9.jpg,0,0,0,0,1,0
musa-acuminata-freshripe-48d01ef9-2653-11ec-b0ac-d8c4975e38aa_jpg.rf.6inRTXZac9acYb5EquCQ.jpg,1,0,0,0,0,0
musa-acuminata-freshripe-77a2692c-1d0a-11ec-8ffd-d8c4975e38aa_jpg.rf.NY16OrZxUaKUFxRQtPKL.jpg,1,0,0,0,0,0
musa-acuminata-overripe-9d779e95-1d0a-11ec-a62d-d8c4975e38aa_jpg.rf.Nz2xHAmO2XdKwHVV9OCv.jpg,0,0,1,0,0,0
musa-acuminata-banana-9bd01ba0-4037-11ec-a3f2-94b86d66fd1d_jpg.rf.NuN3bfKKqFukqlQwZRlG.jpg,0,0,0,1,0,0
musa-acuminata-unripe-90ef899f-1d0a-11ec-93a8-d8c4975e38aa-1-_jpg.rf.59zrLD2whb20rZFwO7Ne.jpg,0,0,0,0,0,1
musa-acuminata-ripe-94c31cfb-1d0a-11ec-be88-d8c4975e38aa_jpg.rf.OEggDfC2jaSQ0Dj64W90.jpg,0,0,0,1,0,0
musa-acuminata-unripe-8475be1a-1d0a-11ec-b665-d8c4975e38aa-1-_jpg.rf.NhlWWxDpYfDKZ1WwAxQD.jpg,0,0,0,0,0,1
musa-acuminata-banana-a924b029-394a-11ec-a38f-d8c4975e38aa_jpg.rf.O5O7B4zDTGrHYooxNOUg.jpg,0,0,1,0,1,0
musa-acuminata-banana-cd62b60d-4037-11ec-b689-94b86d66fd1d_jpg.rf.7U4fNoVhCcLJvWEQ2hLO.jpg,0,0,0,1,0,0
musa-acuminata-freshunripe-297be908-2653-11ec-a381-d8c4975e38aa_jpg.rf.7ia70Ha5LVlEvXAqOypX.jpg,0,1,0,0,0,0
musa-acuminata-banana-ff164ada-394a-11ec-919d-d8c4975e38aa_jpg.rf.7v6NKcBOWjLnSUu6OZuv.jpg,1,0,0,1,0,0
musa-acuminata-mold-e4ccd005-1d0a-11ec-a24a-d8c4975e38aa_jpg.rf.7wbT3aKuUtTgaDjBdBgt.jpg,0,0,1,0,0,0
musa-acuminata-unripe-60d7badb-2653-11ec-90e5-d8c4975e38aa---Copy_jpg.rf.84E7ulfLMZ1iLdHr0iu4.jpg,0,0,0,0,1,1
musa-acuminata-freshripe-493b600e-2653-11ec-a5e5-d8c4975e38aa_jpg.rf.8SfbHd8bPrMf1HnxyYGA.jpg,1,0,0,0,0,0
musa-acuminata-banana-b53e52a0-394a-11ec-a152-d8c4975e38aa_jpg.rf.8UDPve0gjl2S009ceHjW.jpg,0,0,0,1,0,0
musa-acuminata-ripe-6ef03c22-2653-11ec-bdfa-d8c4975e38aa_jpg.rf.8X2a5DRvotssOPWmYL8B.jpg,0,0,0,1,1,0
musa-acuminata-banana-a2d4419a-4037-11ec-ab56-94b86d66fd1d_jpg.rf.8eDicaKlF1lpe18D0o8i.jpg,1,0,0,0,0,0
musa-acuminata-banana-95967860-394a-11ec-adfe-d8c4975e38aa_jpg.rf.8qOa8tgI94lK4S0DqC4N.jpg,0,0,0,1,1,0
musa-acuminata-banana-a7b1e649-394a-11ec-af96-d8c4975e38aa_jpg.rf.8tJoWTup5Omhua3QAuhw.jpg,0,0,1,0,0,0
musa-acuminata-banana-a165caa0-394a-11ec-89e3-d8c4975e38aa_jpg.rf.lPWJvdTLt4pEEYELylDg.jpg,0,0,1,0,0,0
musa-acuminata-freshripe-455e4183-2653-11ec-92af-d8c4975e38aa_jpg.rf.lbUuwgFiyLqY7nw7a386.jpg,1,0,0,0,0,0
musa-acuminata-banana-a19568bb-4037-11ec-a4f1-94b86d66fd1d_jpg.rf.724p6hQJkBBZm42ct2CB.jpg,0,0,0,1,0,0
musa-acuminata-overripe-a087c2ca-1d0a-11ec-b51b-d8c4975e38aa_jpg.rf.75b946C0FUimCQxfUVtd.jpg,0,0,1,0,1,0
musa-acuminata-freshunripe-2cfc13bd-2653-11ec-b60d-d8c4975e38aa_jpg.rf.7IGbZlTwcCZ7WpmJta8P.jpg,0,1,0,0,0,0
musa-acuminata-banana-b2ab1d5c-394a-11ec-aabd-d8c4975e38aa_jpg.rf.75ctx7qXeF0yGHaS7TLA.jpg,0,0,0,1,0,0
musa-acuminata-unripe-5443ba64-2653-11ec-a2a8-d8c4975e38aa---Copy_jpg.rf.77gwPP3hwy6iLrrH4eOB.jpg,0,0,0,0,0,1
musa-acuminata-ripe-6be4d9cf-2653-11ec-b925-d8c4975e38aa_jpg.rf.7BwBeFkmiFvXtdZmMo66.jpg,0,0,0,1,0,0
musa-acuminata-mold-e3bf7a45-1d0a-11ec-bc01-d8c4975e38aa_jpg.rf.7TUUp8bRYh1j6HAti6w9.jpg,0,0,1,0,1,0
musa-acuminata-unripe-887dc2ca-1d0a-11ec-84b2-d8c4975e38aa-1-_jpg.rf.7MjS7Zwhsyh02rYJ0YJr.jpg,0,0,0,0,0,1
musa-acuminata-freshunripe-67c81791-1d0a-11ec-8c8f-d8c4975e38aa_jpg.rf.7JJwSdqoBw9LfTTK5DUi.jpg,0,1,0,0,0,0
musa-acuminata-banana-8ecac6d5-394a-11ec-b0d0-d8c4975e38aa_jpg.rf.luTtDnxkBFknAGCyyzhp.jpg,0,0,1,0,1,0
musa-acuminata-freshripe-4bbee630-2653-11ec-a534-d8c4975e38aa_jpg.rf.m7HIrUmv95OjLNjoa6dz.jpg,1,0,0,0,0,0
musa-acuminata-overripe-810028b1-2653-11ec-b378-d8c4975e38aa_jpg.rf.mMDTr24yOYVF1lyrga5u.jpg,0,0,1,0,0,0
musa-acuminata-rotten-8dde688e-2653-11ec-9ba2-d8c4975e38aa_jpg.rf.mfi1mpDyTvAZRbUfKR7L.jpg,0,0,0,0,1,0
musa-acuminata-overripe-9fdc2776-1d0a-11ec-ac01-d8c4975e38aa_jpg.rf.n8KDy4ThPItxjzFcfKpw.jpg,0,0,1,0,0,0
musa-acuminata-rotten-a79fee07-1d0a-11ec-95a4-d8c4975e38aa_jpg.rf.nAvT3sTQa2zwn8km6ZUs.jpg,0,0,0,0,1,0
musa-acuminata-banana-ca331268-394a-11ec-8d0e-d8c4975e38aa_jpg.rf.nLYIEfFeHxd0THkvD7gH.jpg,0,0,0,1,0,0
musa-acuminata-banana-970ef26b-394a-11ec-8c11-d8c4975e38aa_jpg.rf.nOmSrx5ULKyQdaaO6F9l.jpg,0,0,1,0,1,0
musa-acuminata-banana-e076fcb9-394a-11ec-84dc-d8c4975e38aa_jpg.rf.nQjA9YGdxSnXGpKI1F8L.jpg,0,0,0,1,0,0
musa-acuminata-banana-8aad01bc-394a-11ec-a889-d8c4975e38aa_jpg.rf.nXgf0I0UddOUbXUNCeqd.jpg,0,0,1,0,1,0
musa-acuminata-unripe-61dde80c-2653-11ec-bfea-d8c4975e38aa_jpg.rf.nZtqV166FymKZz2g5Any.jpg,0,0,0,0,0,1
musa-acuminata-overripe-9fc45211-1d0a-11ec-bad0-d8c4975e38aa_jpg.rf.lfhKshLViYFX6SEGVEuH.jpg,0,0,1,0,0,0
musa-acuminata-banana-b6efdae4-394a-11ec-8669-d8c4975e38aa_jpg.rf.lqu8z0EOIbjxX0jJTtnQ.jpg,0,0,0,1,0,0
musa-acuminata-freshripe-46ec498f-2653-11ec-a88e-d8c4975e38aa_jpg.rf.lpfS9mMMM0vXHGKbutbO.jpg,1,0,0,0,0,0
musa-acuminata-unripe-81badc84-1d0a-11ec-8aba-d8c4975e38aa-1-_jpg.rf.ojrrvBxjdKyQzMFPNl1G.jpg,0,0,0,0,1,1
musa-acuminata-unripe-5dc79593-2653-11ec-ad7c-d8c4975e38aa---Copy_jpg.rf.osN3o3ApYqrZH8tw2p2J.jpg,0,0,0,0,0,1
musa-acuminata-overripe-801f37db-2653-11ec-9b3c-d8c4975e38aa_jpg.rf.ovR2Wnfzmz6FrUooryxj.jpg,0,0,1,0,0,0
musa-acuminata-rotten-ab8e1c8e-1d0a-11ec-8374-d8c4975e38aa_jpg.rf.XhMzQ3WRNJXJATwnVQB3.jpg,0,0,0,0,1,0
musa-acuminata-unripe-865bf4de-1d0a-11ec-964f-d8c4975e38aa-1-_jpg.rf.XhZnqrXIh0L9i2b46QVH.jpg,0,0,0,0,1,1
musa-acuminata-ripe-991e8e2b-1d0a-11ec-ba78-d8c4975e38aa_jpg.rf.XjoPcAxCfIkKnr6GfX1Z.jpg,0,0,0,1,1,0
musa-acuminata-mold-e3fb100f-1d0a-11ec-93cc-d8c4975e38aa_jpg.rf.Xwc7gQ31Uxa6fSZdldkp.jpg,0,0,1,0,1,0
musa-acuminata-banana-8fcd1c1f-394a-11ec-ae01-d8c4975e38aa_jpg.rf.Y4UIfNiSwEYcBqcXDh7s.jpg,0,0,0,0,1,0
musa-acuminata-banana-9fa10c64-394a-11ec-b35d-d8c4975e38aa_jpg.rf.YEDxIHPotfEq43msktTt.jpg,0,0,0,0,1,0
musa-acuminata-rotten-b93ce7b1-1d0a-11ec-aed0-d8c4975e38aa_jpg.rf.YFoKGdtfk3jt3j30z92p.jpg,0,0,0,0,1,0
musa-acuminata-freshunripe-669b855e-1d0a-11ec-a0cb-d8c4975e38aa_jpg.rf.nca3SRU9PzYqlHMR6C6k.jpg,0,1,0,0,0,0
musa-acuminata-freshunripe-6bf71dbf-1d0a-11ec-9c7d-d8c4975e38aa_jpg.rf.nmBqSATTGGn9nycCOlZo.jpg,0,1,0,0,0,0
musa-acuminata-rotten-bf77622d-1d0a-11ec-8688-d8c4975e38aa_jpg.rf.o9hYyINbwZFewoDDYSSt.jpg,0,0,0,0,1,0
musa-acuminata-rotten-b5fd1f62-1d0a-11ec-bc20-d8c4975e38aa_jpg.rf.nwuRe7yFLfN355sl1Suo.jpg,0,0,0,0,1,0
musa-acuminata-banana-90a3b315-394a-11ec-a351-d8c4975e38aa_jpg.rf.npgMZLiqS9985cZ2zzlF.jpg,0,0,1,0,1,0
musa-acuminata-freshunripe-6bef6112-1d0a-11ec-b773-d8c4975e38aa_jpg.rf.oCAeoxjibNyA0PJ6KRzO.jpg,0,1,0,0,0,0
musa-acuminata-rotten-88f29918-2653-11ec-a7d5-d8c4975e38aa_jpg.rf.oStxRXa102ICArawr7fG.jpg,0,0,0,0,1,0
musa-acuminata-freshripe-7c53d864-1d0a-11ec-82e5-d8c4975e38aa_jpg.rf.oZ9nHemCywtGOP0yKq83.jpg,1,0,0,0,0,0
musa-acuminata-freshripe-7f381fd7-1d0a-11ec-9423-d8c4975e38aa_jpg.rf.npi5SoeSzvAaWLqrlUYl.jpg,1,0,0,0,0,0
musa-acuminata-mold-e3c6a078-1d0a-11ec-b14e-d8c4975e38aa_jpg.rf.ns4PjXdFclOMJlbyVttb.jpg,0,0,1,0,1,0
musa-acuminata-freshripe-7e630bf7-1d0a-11ec-ae5c-d8c4975e38aa_jpg.rf.oNPZwybXWPBYLZol8Ryy.jpg,1,0,0,0,0,0
musa-acuminata-banana-ae49bf0f-394a-11ec-9c68-d8c4975e38aa_jpg.rf.Z0GD1eTrjat0bksMDgBL.jpg,0,0,0,1,0,0
musa-acuminata-mold-e18cfd23-1d0a-11ec-87d5-d8c4975e38aa_jpg.rf.Z5qgrhswZTBR4lPBaZV0.jpg,0,0,0,1,1,0
musa-acuminata-rotten-8d997104-2653-11ec-8770-d8c4975e38aa_jpg.rf.ZBKuT24ndJuZMfyOwC7H.jpg,0,0,0,0,1,0
musa-acuminata-mold-e61a7bae-1d0a-11ec-acbb-d8c4975e38aa_jpg.rf.ZEuh7u9nuW7ZlNXlKZai.jpg,0,0,1,0,0,0
musa-acuminata-rotten-ab9542f1-1d0a-11ec-bf8e-d8c4975e38aa_jpg.rf.ZMD40A3mjAE57Jix3Vod.jpg,0,0,0,0,1,0
musa-acuminata-rotten-ae0a7c4f-1d0a-11ec-98d7-d8c4975e38aa_jpg.rf.YKd75tAh5iV3okPaHCkl.jpg,0,0,0,0,1,0
musa-acuminata-rotten-88b0794f-2653-11ec-8cd8-d8c4975e38aa_jpg.rf.YNkbUwEhAT9Vdzwcq9k7.jpg,0,0,0,0,1,0
musa-acuminata-freshunripe-2ee24b53-2653-11ec-88f9-d8c4975e38aa_jpg.rf.YVT3qdCmf9eUnlmoUakr.jpg,0,1,0,0,0,0
musa-acuminata-banana-a51aa043-394a-11ec-b56d-d8c4975e38aa_jpg.rf.YU6Bl2kmU59XHBuGkz4f.jpg,0,0,0,1,0,0
musa-acuminata-freshunripe-228c4313-2653-11ec-b4b4-d8c4975e38aa_jpg.rf.WP8V1CxA8StTsFcHHvnq.jpg,0,1,0,0,0,0
musa-acuminata-overripe-80e60d82-2653-11ec-8a74-d8c4975e38aa_jpg.rf.WCYZbLMtKKrfUAZOIx7i.jpg,0,0,1,0,0,0
musa-acuminata-overripe-9e5ece82-1d0a-11ec-ac82-d8c4975e38aa_jpg.rf.WbtEoZ4VVI9T2bJ7SGos.jpg,0,0,1,0,1,0
musa-acuminata-ripe-9a487bb2-1d0a-11ec-9ad6-d8c4975e38aa_jpg.rf.VrTrbwodtnNojpn010VF.jpg,0,0,0,1,1,0
musa-acuminata-freshunripe-2efa2115-2653-11ec-ac8b-d8c4975e38aa_jpg.rf.Vf3Gm2aVy9viqLhIIScn.jpg,0,1,0,0,0,0
musa-acuminata-rotten-b8c7f52b-1d0a-11ec-9076-d8c4975e38aa_jpg.rf.W2gcFLh56Jdxn31WpRKP.jpg,0,0,0,0,1,0
musa-acuminata-overripe-a0e97b24-1d0a-11ec-9cb0-d8c4975e38aa_jpg.rf.WtMDEIj4Fa7c3YSaiudl.jpg,0,0,1,0,0,0
musa-acuminata-rotten-a2588759-1d0a-11ec-a2a4-d8c4975e38aa_jpg.rf.LUXjBjYuP0FVeJF2yVoS.jpg,0,0,0,0,1,0
musa-acuminata-banana-b5d0f56c-394a-11ec-afbd-d8c4975e38aa_jpg.rf.Ww1xFRmdgWwGCTx02Q0c.jpg,1,0,0,1,1,0
musa-acuminata-banana-a63a2008-394a-11ec-81c5-d8c4975e38aa_jpg.rf.WlcWj4vTCc1cj2sS6EjV.jpg,0,0,1,0,1,0
musa-acuminata-rotten-8ecf2241-2653-11ec-839a-d8c4975e38aa_jpg.rf.XJGBBYVr0pYICSSaxUQU.jpg,0,0,0,0,1,0
musa-acuminata-rotten-85508219-2653-11ec-bf54-d8c4975e38aa_jpg.rf.X0iLZnTtMlFzvQTG7kWR.jpg,0,0,0,0,1,0
musa-acuminata-freshunripe-38878621-2653-11ec-a74a-d8c4975e38aa_jpg.rf.LwdXGHmzqJt3dDwvp1Ob.jpg,0,1,0,0,0,0
musa-acuminata-rotten-b6797d6d-1d0a-11ec-9f3a-d8c4975e38aa_jpg.rf.XRHsseUNOy8030mSfSv3.jpg,0,0,0,0,1,0
musa-acuminata-banana-c11dfad5-4037-11ec-9a75-94b86d66fd1d_jpg.rf.VM6GqLBza6KliYgnEPrr.jpg,1,0,0,1,0,0
musa-acuminata-rotten-8a2a8206-2653-11ec-8998-d8c4975e38aa_jpg.rf.XYlYHz0j1a16pN7YLbbZ.jpg,0,0,0,0,1,0
musa-acuminata-banana-ebbff3dc-394a-11ec-92a1-d8c4975e38aa_jpg.rf.XZDCXABa2vz3lJbiGMoO.jpg,1,0,0,0,0,0
musa-acuminata-overripe-7f01444c-2653-11ec-8e6e-d8c4975e38aa_jpg.rf.Y0jWrDIgBRfMKste77v7.jpg,0,0,1,0,0,0
musa-acuminata-freshunripe-6fd9bdbf-1d0a-11ec-ae4d-d8c4975e38aa_jpg.rf.XW7mZB4Vu9S8K5o4mC5m.jpg,0,1,0,0,0,0
musa-acuminata-overripe-9c86e37b-1d0a-11ec-a949-d8c4975e38aa_jpg.rf.YPeaCJobNlGzIK2OvEF7.jpg,0,0,1,0,0,0
musa-acuminata-unripe-86e16dac-1d0a-11ec-b729-d8c4975e38aa-1-_jpg.rf.YYykjAegoFtVsyd41yRk.jpg,0,0,0,0,1,1
musa-acuminata-freshripe-47aaf821-2653-11ec-9a7c-d8c4975e38aa_jpg.rf.YIlODpRZBbVvdBwNgYSN.jpg,1,0,0,0,0,0
musa-acuminata-ripe-9463c6b3-1d0a-11ec-a79a-d8c4975e38aa_jpg.rf.YbNddtM4Oz8D4sLQaKJC.jpg,0,0,0,1,0,0
musa-acuminata-overripe-7e75badf-2653-11ec-8347-d8c4975e38aa_jpg.rf.MD5vdq6juo5KHn8kRwbQ.jpg,0,0,1,0,0,0
musa-acuminata-ripe-92e66da6-1d0a-11ec-b17a-d8c4975e38aa_jpg.rf.VIaJg10lqQro3JDejcpD.jpg,0,0,0,1,0,0
musa-acuminata-rotten-b0b8fdd8-1d0a-11ec-a884-d8c4975e38aa_jpg.rf.03lu7kbkp9JtjQf8WObA.jpg,0,0,0,0,1,0
musa-acuminata-banana-9eaf8b9f-394a-11ec-8f32-d8c4975e38aa_jpg.rf.04uUZBYIRajuX3opaRZu.jpg,0,0,0,0,1,0
musa-acuminata-freshripe-470da791-2653-11ec-9b46-d8c4975e38aa_jpg.rf.0iDPtC0x5391eBLSBpv7.jpg,1,0,0,0,0,0
musa-acuminata-ripe-6fea7e24-2653-11ec-9dba-d8c4975e38aa_jpg.rf.0OJVGo77CuBQJsIIT7Vw.jpg,0,0,0,1,1,0
musa-acuminata-mold-e3c1dc2b-1d0a-11ec-b850-d8c4975e38aa_jpg.rf.0uCZjic8snCVRXl6ApRr.jpg,0,0,1,0,1,0
musa-acuminata-mold-e634b365-1d0a-11ec-9405-d8c4975e38aa_jpg.rf.0pXED52gLd44qsL7gJnf.jpg,0,0,1,0,0,0
musa-acuminata-banana-85ba6b73-394a-11ec-af75-d8c4975e38aa_jpg.rf.0DLtRwJJ8L39HG1Vk8T9.jpg,0,0,1,0,1,0
musa-acuminata-unripe-84c6c64b-1d0a-11ec-8e61-d8c4975e38aa-1-_jpg.rf.0odssxunZYHiTlThBTB4.jpg,0,0,0,0,0,1
musa-acuminata-freshunripe-6d201aea-1d0a-11ec-8951-d8c4975e38aa_jpg.rf.1ZA5WygLJmy8E2mMWVeL.jpg,0,1,0,0,0,0
musa-acuminata-banana-e936f118-394a-11ec-891f-d8c4975e38aa_jpg.rf.LXcyAfylM1soU2hBqnLc.jpg,1,0,0,1,0,0
musa-acuminata-banana-abf4b846-394a-11ec-87d8-d8c4975e38aa_jpg.rf.VBRY9ruhR7A767jCMlkw.jpg,0,0,1,1,0,0
musa-acuminata-overripe-7da157a9-2653-11ec-8d0b-d8c4975e38aa_jpg.rf.0K7w3LBlT44qm7qStNgc.jpg,0,0,1,0,1,0
musa-acuminata-rotten-856a40f0-2653-11ec-a781-d8c4975e38aa_jpg.rf.1irZtnJphw3WgSQLpmjk.jpg,0,0,0,0,1,0
musa-acuminata-mold-e3923287-1d0a-11ec-862c-d8c4975e38aa_jpg.rf.2b9ZbbrZ9LhB4L7uuomS.jpg,0,0,1,0,1,0
musa-acuminata-overripe-9fd29ed5-1d0a-11ec-81da-d8c4975e38aa_jpg.rf.2Dehece3iV3NS3guUZOe.jpg,0,0,1,0,0,0
musa-acuminata-banana-a3d385b2-394a-11ec-a843-d8c4975e38aa_jpg.rf.36rS75x2sbu3mcvKmZT1.jpg,0,0,0,1,0,0
musa-acuminata-overripe-7fbdc719-2653-11ec-a908-d8c4975e38aa_jpg.rf.35kqsFdP98higNDCLqTp.jpg,0,0,1,0,1,0
musa-acuminata-banana-aa08773a-394a-11ec-b002-d8c4975e38aa_jpg.rf.2AuJSEsE29Z33VRAJeht.jpg,0,0,1,0,1,0
musa-acuminata-banana-aed34edb-394a-11ec-ba4b-d8c4975e38aa_jpg.rf.3CXQxvbH6GCupeMsiWx2.jpg,0,0,0,1,0,0
musa-acuminata-banana-f5c75e82-394a-11ec-94fc-d8c4975e38aa_jpg.rf.3EXWbkFW1WKv9bHqzCuU.jpg,0,0,0,1,0,0
musa-acuminata-overripe-a199dab8-1d0a-11ec-b37f-d8c4975e38aa_jpg.rf.370xXb1gB3cPiqRsX7vj.jpg,0,0,1,0,0,0
musa-acuminata-banana-c9e3be85-394a-11ec-baeb-d8c4975e38aa_jpg.rf.MAgnhdoqo6PvYUUeFbHs.jpg,0,0,0,1,0,0
musa-acuminata-banana-e6e6c14c-394a-11ec-af07-d8c4975e38aa_jpg.rf.3UxPqKfLLTqrRYxSJSQP.jpg,0,0,0,1,0,0
musa-acuminata-overripe-7eb0ee97-2653-11ec-b666-d8c4975e38aa_jpg.rf.3szo0ryLSsRpi5ARvkQI.jpg,0,0,1,0,0,0
musa-acuminata-banana-cce3e7cd-4037-11ec-ab5e-94b86d66fd1d_jpg.rf.3wmnLHXu6HZYcbU81EY2.jpg,0,0,0,1,0,0
musa-acuminata-freshunripe-7744237a-1d0a-11ec-b660-d8c4975e38aa_jpg.rf.38T9xFfPXqwXIFNgnIDS.jpg,0,0,0,0,0,1
musa-acuminata-ripe-6d5b0c06-2653-11ec-8177-d8c4975e38aa_jpg.rf.41aZQFKbT7TH3NI1mr0c.jpg,0,0,0,1,0,0
musa-acuminata-overripe-9d02d3af-1d0a-11ec-a150-d8c4975e38aa_jpg.rf.y4lv8va5pYaMhpxh3Ny1.jpg,0,0,1,0,0,0
musa-acuminata-banana-ed5f86d5-394a-11ec-9fa8-d8c4975e38aa_jpg.rf.yMEPf38xjoZGPbiYd2b8.jpg,0,0,0,1,0,0
musa-acuminata-banana-e8de14db-394a-11ec-be29-d8c4975e38aa_jpg.rf.z7yRxw6lDeb7bnkv3GHa.jpg,1,0,0,1,0,0
musa-acuminata-ripe-6abaec3b-2653-11ec-be75-d8c4975e38aa_jpg.rf.zlVfgsRSeBwIowm2HOov.jpg,0,0,0,1,0,0
musa-acuminata-rotten-b5e3625f-1d0a-11ec-a5e6-d8c4975e38aa_jpg.rf.zAPz7lnDBarz08fXhiCL.jpg,0,0,0,0,1,0
musa-acuminata-freshunripe-2cf28aff-2653-11ec-bfb6-d8c4975e38aa_jpg.rf.o4YP2h3656wBLKsTJDxe.jpg,0,1,0,0,0,0
musa-acuminata-freshripe-7c66da57-1d0a-11ec-adae-d8c4975e38aa_jpg.rf.zalwDFMocghLw0hrCJ7l.jpg,1,0,0,0,0,0
musa-acuminata-freshunripe-6f38557b-1d0a-11ec-a98d-d8c4975e38aa_jpg.rf.MHdqvb6qNfJFl8dfeyJn.jpg,0,1,0,0,0,0
musa-acuminata-freshunripe-75be6fec-1d0a-11ec-84d2-d8c4975e38aa_jpg.rf.o9plM3Pmabq5H9FwOq1g.jpg,0,0,0,0,0,1
musa-acuminata-ripe-9161ee20-1d0a-11ec-ae4c-d8c4975e38aa_jpg.rf.oLCmWybZwCmsN7V2Narh.jpg,0,0,0,1,0,0
musa-acuminata-freshunripe-6a4a923b-1d0a-11ec-88b2-d8c4975e38aa_jpg.rf.oWd3N2DKtrG8g0vAIfGg.jpg,0,1,0,0,0,0
musa-acuminata-ripe-91e04064-1d0a-11ec-b2d4-d8c4975e38aa_jpg.rf.oPSaQGU9ooWmsFXfZunq.jpg,0,0,0,1,0,0
musa-acuminata-ripe-6caf70e4-2653-11ec-941c-d8c4975e38aa_jpg.rf.o5r84ltYjbolZWmYeeSI.jpg,0,0,0,1,0,0
musa-acuminata-banana-e8016650-394a-11ec-a5e9-d8c4975e38aa_jpg.rf.q6K0adq76AXaXYxFABCG.jpg,0,0,0,1,0,0
musa-acuminata-rotten-b9260b2a-1d0a-11ec-bc08-d8c4975e38aa_jpg.rf.oGxBTNwVIQBnSgZ40v4G.jpg,0,0,0,0,1,0
musa-acuminata-freshunripe-26d4a2b5-2653-11ec-a397-d8c4975e38aa_jpg.rf.pkwLKwyGCwsEqhLa9YSP.jpg,0,1,0,0,0,0
musa-acuminata-unripe-8fd3e609-1d0a-11ec-b886-d8c4975e38aa-1-_jpg.rf.peFs0VtAEM5oUOeQ8Jh1.jpg,0,0,0,0,0,1
musa-acuminata-banana-b36e79d8-394a-11ec-b9d2-d8c4975e38aa_jpg.rf.p5bYsACoPiu3vnQlpOyG.jpg,1,0,0,0,0,0
musa-acuminata-overripe-9d6229da-1d0a-11ec-8781-d8c4975e38aa_jpg.rf.ov2ANCggN4dKLlqk8hU8.jpg,0,0,1,0,0,0
musa-acuminata-ripe-6cc28215-2653-11ec-8682-d8c4975e38aa_jpg.rf.pdI6RcpQJAgAsRGZWdQG.jpg,0,0,0,1,0,0
musa-acuminata-rotten-899ae7c4-2653-11ec-ad34-d8c4975e38aa_jpg.rf.pzb812oRcjUKlS5mSRlg.jpg,0,0,0,0,1,0
musa-acuminata-rotten-82a7c793-2653-11ec-b5d7-d8c4975e38aa_jpg.rf.psuuvK74GTHWKsQA7Ig9.jpg,0,0,0,0,1,0
musa-acuminata-rotten-beabbf81-1d0a-11ec-aa23-d8c4975e38aa_jpg.rf.puuXXW5sGhbZF6aFt77g.jpg,0,0,0,0,1,0
musa-acuminata-banana-a7fc1098-394a-11ec-865b-d8c4975e38aa_jpg.rf.q4iBWrYF5dLf6Aib2pmU.jpg,0,0,1,0,0,0
musa-acuminata-banana-c94bfd8f-4037-11ec-9bb7-94b86d66fd1d_jpg.rf.WYgnwMWYFRGwO98qLT7l.jpg,1,0,0,1,0,0
musa-acuminata-overripe-751084e8-2653-11ec-811f-d8c4975e38aa_jpg.rf.MGSu1EfbLbMuWAVm9u64.jpg,0,0,1,0,0,0
musa-acuminata-unripe-8b7f9b2b-1d0a-11ec-a3b8-d8c4975e38aa-1-_jpg.rf.qRkH62JgIDeQkypG1KD2.jpg,0,0,0,0,0,1
musa-acuminata-freshunripe-285923e7-2653-11ec-9f44-d8c4975e38aa_jpg.rf.qXkO9BbuaYSK3uukKcqf.jpg,0,1,0,0,0,0
musa-acuminata-freshunripe-72441c37-1d0a-11ec-a845-d8c4975e38aa_jpg.rf.quOeXb9DWlMSSl5fExo8.jpg,0,1,0,0,0,0
musa-acuminata-freshripe-4c256300-2653-11ec-87be-d8c4975e38aa_jpg.rf.ouOVfkP29zwuKCyYAPoH.jpg,1,0,0,0,0,0
musa-acuminata-overripe-7c9f6b13-2653-11ec-bfb5-d8c4975e38aa_jpg.rf.qCxEKv4EQCaBoBQRABAX.jpg,0,0,1,0,0,0
musa-acuminata-banana-84f2fd1a-394a-11ec-9c2a-d8c4975e38aa_jpg.rf.qBCwOUVizyuD5m4thdQC.jpg,0,0,1,0,0,0
musa-acuminata-mold-e5976801-1d0a-11ec-a679-d8c4975e38aa_jpg.rf.Pl35RYaJpridsmcUvGqp.jpg,0,0,1,0,0,0
musa-acuminata-ripe-97b90c25-1d0a-11ec-bbc2-d8c4975e38aa_jpg.rf.PrLpuNywElThi8qUW0n7.jpg,0,0,0,1,1,0
musa-acuminata-banana-e3ae6f2e-394a-11ec-b643-d8c4975e38aa_jpg.rf.Pt2UNmEqztjZ4EcxcoTd.jpg,1,0,0,1,0,0
musa-acuminata-ripe-91c60a4c-1d0a-11ec-ae79-d8c4975e38aa_jpg.rf.PzRD2bznWok5KuIu3O2z.jpg,0,0,0,1,0,0
musa-acuminata-rotten-bc5f7da7-1d0a-11ec-aca1-d8c4975e38aa_jpg.rf.Q0C82X43EMwkdnA5HgAi.jpg,0,0,0,0,1,0
musa-acuminata-banana-b4f543ed-394a-11ec-a841-d8c4975e38aa_jpg.rf.Q25HfG4IRzXtUcPRYJbQ.jpg,0,0,0,1,0,0
musa-acuminata-ripe-6be4d9d0-2653-11ec-9627-d8c4975e38aa_jpg.rf.qMgaL21AN0F6CiXy2n3s.jpg,0,0,0,1,0,0
musa-acuminata-banana-9ff3cdfa-394a-11ec-a835-d8c4975e38aa_jpg.rf.r2UtkxEeTxUUD3I3sCIt.jpg,0,0,0,0,1,0
musa-acuminata-mold-e59502e4-1d0a-11ec-b20c-d8c4975e38aa_jpg.rf.ren3pFkTvhOY3YGFNHcg.jpg,0,0,1,0,1,0
musa-acuminata-banana-ca353007-394a-11ec-9f15-d8c4975e38aa_jpg.rf.r1FrWYNnsob5zaJRDA91.jpg,0,0,0,1,0,0
musa-acuminata-rotten-8a7c6841-2653-11ec-b002-d8c4975e38aa_jpg.rf.rLHXQrkoWxrSZp0rgP5O.jpg,0,0,0,0,1,0
musa-acuminata-overripe-767accc5-2653-11ec-abd1-d8c4975e38aa_jpg.rf.rs9qcHXPmBY0E9DHXalG.jpg,0,0,1,0,0,0
musa-acuminata-rotten-ba26a5bf-1d0a-11ec-896e-d8c4975e38aa_jpg.rf.qcEAwIvPLaB0gecPoJw2.jpg,0,0,0,0,1,0
musa-acuminata-banana-8dec3b83-394a-11ec-8f35-d8c4975e38aa_jpg.rf.PURZXaVXTh5GC2UTmzPh.jpg,0,0,0,0,1,0
musa-acuminata-banana-c71f35af-4037-11ec-b12a-94b86d66fd1d_jpg.rf.QA3t5fu22aB5JI4pBkqL.jpg,0,0,0,1,0,0
musa-acuminata-freshunripe-3911c2d4-2653-11ec-b9ff-d8c4975e38aa_jpg.rf.QIXmgoCTvafewQEwLK32.jpg,0,1,0,0,0,0
musa-acuminata-banana-ef2bd801-394a-11ec-a6f3-d8c4975e38aa_jpg.rf.QJETbKceL4Et8rU51UGa.jpg,0,0,0,1,0,0
musa-acuminata-banana-c2797c08-394a-11ec-b83c-d8c4975e38aa_jpg.rf.QLY9SQaPKnexJeiQHAQB.jpg,0,0,0,1,0,0
musa-acuminata-banana-9ce720c6-394a-11ec-b735-d8c4975e38aa_jpg.rf.QM09jws3XCnfQNlqaQv9.jpg,0,0,1,0,1,0
musa-acuminata-rotten-886f8f7c-2653-11ec-8f57-d8c4975e38aa_jpg.rf.QWt28FFrhsNenVwvmV9h.jpg,0,0,0,0,1,0
musa-acuminata-banana-a774997d-394a-11ec-b45c-d8c4975e38aa_jpg.rf.QWtS8aUxlIeF5OhBXJ0z.jpg,0,0,0,0,1,0
musa-acuminata-mold-e679d431-1d0a-11ec-bdfd-d8c4975e38aa_jpg.rf.QfYIz99C3iGhmSHcp7Y9.jpg,0,0,1,0,0,0
musa-acuminata-rotten-8dea532b-2653-11ec-8874-d8c4975e38aa_jpg.rf.QizeYwCiasFukyo6F86y.jpg,0,0,0,0,1,0
musa-acuminata-banana-cf9aa1a9-394a-11ec-8fdb-d8c4975e38aa_jpg.rf.Qpp11vcH4pi02NbPNjIr.jpg,0,0,0,1,0,0
musa-acuminata-freshunripe-6be8cb2d-1d0a-11ec-ab67-d8c4975e38aa_jpg.rf.RIhNd6hNK0GUfbqDovJa.jpg,0,1,0,0,0,0
musa-acuminata-freshripe-4cbdecbc-2653-11ec-86cd-d8c4975e38aa_jpg.rf.RNpdtutx5eUzUP5WFebz.jpg,1,0,0,0,0,0
musa-acuminata-freshunripe-624cbd62-1d0a-11ec-b0e9-d8c4975e38aa_jpg.rf.RW5PTCbStaUhDy8LHaNC.jpg,0,1,0,0,0,0
musa-acuminata-banana-ea1dc2b6-394a-11ec-800e-d8c4975e38aa_jpg.rf.Q4jN9nAMAW8sKlsFhQH7.jpg,1,0,0,1,0,0
musa-acuminata-banana-b21fd224-394a-11ec-844e-d8c4975e38aa_jpg.rf.LozDi4Wwi3pfzekDKFTw.jpg,0,0,0,1,0,0
musa-acuminata-banana-e4da5502-394a-11ec-b3ab-d8c4975e38aa_jpg.rf.Q9NaHYpBS7nKpNlBspWd.jpg,0,0,0,1,0,0
musa-acuminata-banana-c369bcba-394a-11ec-9780-d8c4975e38aa_jpg.rf.RhDr73zvPEhZWWPNDGWu.jpg,0,0,0,1,0,0
musa-acuminata-banana-8bb6a57d-394a-11ec-a35b-d8c4975e38aa_jpg.rf.RiRXbV8Se76PXwGdVdrd.jpg,0,0,0,0,1,0
musa-acuminata-banana-d9aeb88a-394a-11ec-aa67-d8c4975e38aa_jpg.rf.RvzFO2HyfylWCdPxgUO6.jpg,0,0,0,1,0,0
musa-acuminata-rotten-8ba8c15c-2653-11ec-94b4-d8c4975e38aa_jpg.rf.SSxlfWXvmTtNfWQBVx5X.jpg,0,0,0,0,1,0
musa-acuminata-freshunripe-6887fe12-1d0a-11ec-ba94-d8c4975e38aa_jpg.rf.fgSUr8uf7kjEwc3VkjQQ.jpg,0,1,0,0,0,0
musa-acuminata-banana-8f7de794-394a-11ec-a8cc-d8c4975e38aa_jpg.rf.RWQVimTtYbRt32W7cnUR.jpg,0,0,0,0,1,0
musa-acuminata-mold-e69409c0-1d0a-11ec-a7c0-d8c4975e38aa_jpg.rf.gsMXw1lcvOITUvEpNjze.jpg,0,0,1,0,0,0
musa-acuminata-banana-c6189e8e-394a-11ec-9b80-d8c4975e38aa_jpg.rf.guCxLZU8isyuxCWAL46T.jpg,1,0,0,1,0,0
musa-acuminata-freshripe-498a0725-2653-11ec-ba74-d8c4975e38aa_jpg.rf.gzgHa22nf9DAIrQsLkH1.jpg,1,0,0,0,0,0
musa-acuminata-freshunripe-2d629057-2653-11ec-b726-d8c4975e38aa_jpg.rf.h6kfUP1DdfpNUORu1fFv.jpg,0,1,0,0,0,0
musa-acuminata-rotten-b1d961c6-1d0a-11ec-8b9c-d8c4975e38aa_jpg.rf.fnmb22fmbA22eZzJf5AR.jpg,0,0,0,0,1,0
musa-acuminata-banana-8bf244e7-394a-11ec-bf4c-d8c4975e38aa_jpg.rf.SI8PtNERl84fTAUbSeBx.jpg,0,0,0,0,1,0
musa-acuminata-banana-996a33dc-4037-11ec-9b16-94b86d66fd1d_jpg.rf.SfToDBBrfYP5VDwfzJK5.jpg,1,0,0,0,0,0
musa-acuminata-banana-96aac930-394a-11ec-aaf3-d8c4975e38aa_jpg.rf.WaAGI5zcXfi7T1DpmSwI.jpg,0,0,1,0,1,0
musa-acuminata-ripe-6f9711ae-2653-11ec-80b9-d8c4975e38aa_jpg.rf.fsQ4x3FfswZ6P8OO62X6.jpg,0,0,0,1,1,0
musa-acuminata-freshunripe-3959453e-2653-11ec-b78c-d8c4975e38aa_jpg.rf.g2wgdSQQKh62Vi4aoMET.jpg,0,1,0,0,0,0
musa-acuminata-banana-caabd121-394a-11ec-89e2-d8c4975e38aa_jpg.rf.g3HKRlcgdKX2QlnckLXs.jpg,1,0,0,0,0,0
musa-acuminata-freshunripe-704e38fc-1d0a-11ec-aada-d8c4975e38aa_jpg.rf.gmkO32QD9B6lxZKxTOlJ.jpg,0,1,0,0,0,0
musa-acuminata-ripe-942f5747-1d0a-11ec-89b7-d8c4975e38aa_jpg.rf.gkmT9KC3Fb3by55ORfhG.jpg,0,0,0,1,0,0
musa-acuminata-unripe-5d7b50bc-2653-11ec-846a-d8c4975e38aa---Copy_jpg.rf.gcrcSmcasiLhjlGD4eF8.jpg,0,0,0,0,1,1
musa-acuminata-banana-a046f43e-394a-11ec-a4ab-d8c4975e38aa_jpg.rf.Scv0J6xhNTFKk7RNjLLN.jpg,0,0,0,0,1,0
musa-acuminata-unripe-89dc1fbd-1d0a-11ec-bf40-d8c4975e38aa-1-_jpg.rf.hU3bCu7IkgSWYHzLt6E4.jpg,0,0,0,0,0,1
musa-acuminata-banana-a0347687-394a-11ec-880b-d8c4975e38aa_jpg.rf.hbUMkTFy6BMISeNb2AuM.jpg,0,0,0,0,1,0
musa-acuminata-banana-b371bd36-394a-11ec-8889-d8c4975e38aa_jpg.rf.heHbIPfMW5FNoMkb7nXV.jpg,1,0,0,0,0,0
musa-acuminata-banana-ac1b3813-394a-11ec-ab0c-d8c4975e38aa_jpg.rf.hh5ks5pQXs1331JRVCYl.jpg,0,0,1,1,0,0
musa-acuminata-unripe-6180f3d9-2653-11ec-a18a-d8c4975e38aa---Copy_jpg.rf.hjrgVtv1u1Iksu6z3oLL.jpg,0,0,0,0,0,1
musa-acuminata-ripe-7202c1fa-2653-11ec-833d-d8c4975e38aa_jpg.rf.hlpfpHk00BXVrImRXRRO.jpg,0,0,0,1,1,0
musa-acuminata-banana-f1267959-394a-11ec-8b4b-d8c4975e38aa_jpg.rf.hxmxuzz3VjIRZuvS0JKe.jpg,1,0,0,1,0,0
musa-acuminata-freshripe-4961829e-2653-11ec-a812-d8c4975e38aa_jpg.rf.i1pQLR8DUb3zCFi26be0.jpg,1,0,0,0,0,0
musa-acuminata-banana-a3393c40-394a-11ec-9013-d8c4975e38aa_jpg.rf.i5pAvqs9cNslZIsE5pMA.jpg,0,0,1,0,0,0
musa-acuminata-banana-f0eb35c9-394a-11ec-99d2-d8c4975e38aa_jpg.rf.i7wLH3rFOMPGt8YjZUMy.jpg,1,0,0,1,0,0
musa-acuminata-unripe-538c346f-2653-11ec-93c0-d8c4975e38aa---Copy_jpg.rf.i8721PFWwofyAshWCUPA.jpg,0,0,0,0,0,1
musa-acuminata-freshripe-7a78af54-1d0a-11ec-9337-d8c4975e38aa_jpg.rf.i8lP1OrG40TNVvLP195i.jpg,1,0,0,0,0,0
musa-acuminata-unripe-6128c420-2653-11ec-bacd-d8c4975e38aa---Copy_jpg.rf.iBlyjn3HWPzJP0lCipfj.jpg,0,0,0,0,0,1
musa-acuminata-ripe-6c92d707-2653-11ec-9123-d8c4975e38aa_jpg.rf.iIwQJAmztzoxYfdZILj8.jpg,0,0,0,1,0,0
musa-acuminata-banana-a2259e74-4037-11ec-b164-94b86d66fd1d_jpg.rf.gjM1w7jOT980UCfZb1dh.jpg,0,0,0,1,0,0
musa-acuminata-banana-d33a1904-4037-11ec-9187-94b86d66fd1d_jpg.rf.hEjwqJEg1PXf5sH88htR.jpg,0,0,0,1,0,0
musa-acuminata-mold-e67c3673-1d0a-11ec-9964-d8c4975e38aa_jpg.rf.hTKbsVPKuzBV3n8OExC3.jpg,0,0,1,0,0,0
musa-acuminata-overripe-75e70707-2653-11ec-bd18-d8c4975e38aa_jpg.rf.cSmxgi3HVZ4cCaap4aLI.jpg,0,0,1,0,1,0
musa-acuminata-freshunripe-66fcf4df-1d0a-11ec-95dc-d8c4975e38aa_jpg.rf.cajtuXYD8sBkLbVB0QPg.jpg,0,1,0,0,0,0
musa-acuminata-banana-da62c522-394a-11ec-85f0-d8c4975e38aa_jpg.rf.cfqwvhbOWkowkgr636p6.jpg,0,0,0,1,0,0
musa-acuminata-mold-e4b75b35-1d0a-11ec-854a-d8c4975e38aa_jpg.rf.cupNNXLcu5vvuhhEzPrP.jpg,0,0,1,0,0,0
musa-acuminata-banana-8beffea0-394a-11ec-b5ec-d8c4975e38aa_jpg.rf.d1K4py5uDVYJxN0VjUOn.jpg,0,0,0,0,1,0
musa-acuminata-rotten-83cab0c4-2653-11ec-b5bf-d8c4975e38aa_jpg.rf.d5IBtR624QmkqpLQsyxz.jpg,0,0,0,0,1,0
musa-acuminata-banana-dd770577-394a-11ec-91be-d8c4975e38aa_jpg.rf.VoMCRniJRGnn3SoS2LYf.jpg,0,0,0,1,0,0
musa-acuminata-ripe-6abaec3c-2653-11ec-a130-d8c4975e38aa_jpg.rf.iIxIQuVSJ3BzlUf32Krw.jpg,0,0,0,1,0,0
musa-acuminata-freshripe-78846c45-1d0a-11ec-9d4e-d8c4975e38aa_jpg.rf.e5h23k6cLY5hEksdtYz4.jpg,1,0,0,0,0,0
musa-acuminata-freshunripe-35f350f0-2653-11ec-ad05-d8c4975e38aa_jpg.rf.e8fcUhL2m5nC9yJS66KU.jpg,0,1,0,0,0,0
musa-acuminata-freshunripe-39b898b1-2653-11ec-bcde-d8c4975e38aa_jpg.rf.dO4GXp8KZZQex8m5mgWS.jpg,0,1,0,0,0,0
musa-acuminata-banana-8c647c2a-394a-11ec-b822-d8c4975e38aa_jpg.rf.dW4HvPj6sb059X84bxYJ.jpg,0,0,0,0,1,0
musa-acuminata-rotten-bacd1dbf-1d0a-11ec-80e5-d8c4975e38aa_jpg.rf.dflmUDXZzNaMNX1KqBBp.jpg,0,0,0,0,1,0
musa-acuminata-freshripe-78f522d7-1d0a-11ec-94b0-d8c4975e38aa_jpg.rf.cfYwEPIbH0kpZ1tffRR9.jpg,1,0,0,0,0,0
musa-acuminata-ripe-6ff4058b-2653-11ec-878f-d8c4975e38aa_jpg.rf.dxLosa4K4VYaueDkiVM8.jpg,0,0,0,1,1,0
musa-acuminata-rotten-a4fd6bb7-1d0a-11ec-a048-d8c4975e38aa_jpg.rf.dg5ouWYvDwjFFNVwT8os.jpg,0,0,0,0,1,0
musa-acuminata-banana-a55aa9b2-394a-11ec-a626-d8c4975e38aa_jpg.rf.dm7mhOrnHMTbWrOgtHVo.jpg,0,0,1,0,1,0
musa-acuminata-mold-e265e310-1d0a-11ec-9bbc-d8c4975e38aa_jpg.rf.dxOFRW4RxZJ4zG0mnqp5.jpg,0,0,1,0,1,0
musa-acuminata-freshripe-7bf222ee-1d0a-11ec-b120-d8c4975e38aa_jpg.rf.dvkn5sPQrRbyAUsRM9L8.jpg,1,0,0,0,0,0
musa-acuminata-ripe-93fd49f4-1d0a-11ec-86fe-d8c4975e38aa_jpg.rf.e30zGehA8g0ddLFCcBRu.jpg,0,0,0,1,0,0
musa-acuminata-unripe-872db420-1d0a-11ec-9a4d-d8c4975e38aa-1-_jpg.rf.e09cOCaUUVWpp4YkNwuB.jpg,0,0,0,0,1,1
musa-acuminata-unripe-8a809488-1d0a-11ec-a72d-d8c4975e38aa-1-_jpg.rf.eiURxADLN8TZbn0uHTJ3.jpg,0,1,0,0,0,1
musa-acuminata-freshunripe-66e6058d-1d0a-11ec-9851-d8c4975e38aa_jpg.rf.fB9CnO1QtXyh6EfDnVgf.jpg,0,1,0,0,0,0
musa-acuminata-freshunripe-717c7784-1d0a-11ec-b90b-d8c4975e38aa_jpg.rf.fFErA5ERrtcOI1CygLzX.jpg,0,1,0,0,0,0
musa-acuminata-ripe-6ba47fa7-2653-11ec-b9a4-d8c4975e38aa_jpg.rf.fM7Db6v5miX1HsAVqtRS.jpg,0,0,0,1,0,0
musa-acuminata-freshunripe-2522da6b-2653-11ec-be5c-d8c4975e38aa_jpg.rf.fOG7JWzjZqTTWauN9RFj.jpg,0,1,0,0,0,0
musa-acuminata-unripe-88cecd36-1d0a-11ec-8c97-d8c4975e38aa-1-_jpg.rf.Si35XW96yfWEDHkPKTMF.jpg,0,0,0,0,0,1
musa-acuminata-overripe-7d46b0f1-2653-11ec-b437-d8c4975e38aa_jpg.rf.SjcVKGPI3GeBXophItQD.jpg,0,0,1,0,1,0
musa-acuminata-freshripe-45b8d342-2653-11ec-81c5-d8c4975e38aa_jpg.rf.SnYmvUScnm2JJk4nwiks.jpg,1,0,0,0,0,0
musa-acuminata-banana-b0624d3a-394a-11ec-9ad1-d8c4975e38aa_jpg.rf.SngfIhsq0oo3cwSg6lJZ.jpg,0,0,0,1,0,0
musa-acuminata-overripe-7568b600-2653-11ec-b660-d8c4975e38aa_jpg.rf.SyO0FXPKVpuBSppfW1O0.jpg,0,0,1,0,1,0
musa-acuminata-rotten-8e853f56-2653-11ec-aff9-d8c4975e38aa_jpg.rf.T9QWgnGhUUcgko8rhta9.jpg,0,0,0,0,1,0
musa-acuminata-mold-e2d38495-1d0a-11ec-8d26-d8c4975e38aa_jpg.rf.eUHQNh2Qsnym2fPwG5lr.jpg,0,0,1,0,0,0
musa-acuminata-mold-e5ed32a1-1d0a-11ec-95d0-d8c4975e38aa_jpg.rf.eEGwAhJYkfUzPnr6Jq8r.jpg,0,0,1,0,0,0
musa-acuminata-freshripe-49dd7297-2653-11ec-be8d-d8c4975e38aa_jpg.rf.eGxajZ1lxVgtJiyUq6q2.jpg,1,0,0,0,0,0
musa-acuminata-freshunripe-65bf99fc-1d0a-11ec-87b5-d8c4975e38aa_jpg.rf.eD0PffDbhiXOlrcVOxt5.jpg,0,1,0,0,0,0
musa-acuminata-rotten-b7805c43-1d0a-11ec-bb14-d8c4975e38aa_jpg.rf.egwse3hMbPvUYueE70JS.jpg,0,0,0,0,1,0
musa-acuminata-mold-e4b033d5-1d0a-11ec-800d-d8c4975e38aa_jpg.rf.eXCTbZfkyrby5b1Po4jl.jpg,0,0,1,0,0,0
musa-acuminata-freshunripe-7753a513-1d0a-11ec-ae04-d8c4975e38aa_jpg.rf.Tc9qCpxLIqjo0egzBtgw.jpg,0,0,0,0,0,1
musa-acuminata-unripe-5c28e0cf-2653-11ec-9516-d8c4975e38aa---Copy_jpg.rf.TeiTtxykLxN11IlgbDAd.jpg,0,0,0,0,1,1
musa-acuminata-unripe-567fbfe5-2653-11ec-8387-d8c4975e38aa---Copy_jpg.rf.TiulSmmUoqRR1g3eU3b9.jpg,0,0,0,0,1,1
musa-acuminata-ripe-6e8c2012-2653-11ec-82e8-d8c4975e38aa_jpg.rf.ToOw5krj2zhyQ6p8w5lI.jpg,0,0,0,1,1,0
musa-acuminata-banana-af28ecbf-394a-11ec-bf75-d8c4975e38aa_jpg.rf.TrlnAnQ3dpXlabIN9zFb.jpg,0,0,0,1,0,0
musa-acuminata-banana-b174fdb4-394a-11ec-a6e8-d8c4975e38aa_jpg.rf.Tv7BzNj2FUkUyyY7OUdy.jpg,1,0,0,0,0,0
musa-acuminata-banana-9e5cc946-4037-11ec-b439-94b86d66fd1d_jpg.rf.U2OPOXUmsmJx6QiLCtXp.jpg,1,0,0,1,0,0
musa-acuminata-banana-a10b0dba-394a-11ec-b234-d8c4975e38aa_jpg.rf.U7x11s5AmBW3upSSaybO.jpg,0,0,0,0,1,0
musa-acuminata-overripe-a10f9e1e-1d0a-11ec-aaaf-d8c4975e38aa_jpg.rf.UMPSBlrLfjqqdnNtygfT.jpg,0,0,1,0,0,0
musa-acuminata-overripe-7e91f471-2653-11ec-8873-d8c4975e38aa_jpg.rf.Uzro3kvfgAQh93z4X5f7.jpg,0,0,1,0,0,0
musa-acuminata-rotten-83ce072d-2653-11ec-ad0f-d8c4975e38aa_jpg.rf.VBHJrnKlE94UEoIraJ98.jpg,0,0,0,0,1,0
musa-acuminata-banana-b5d71ba2-394a-11ec-b78c-d8c4975e38aa_jpg.rf.VJJCOnwSFivoYUBp6wUO.jpg,1,0,0,1,1,0
musa-acuminata-banana-b0b55e34-394a-11ec-b6ee-d8c4975e38aa_jpg.rf.VLFDJhdNK0BjT1Qz18sS.jpg,1,0,0,0,0,0
musa-acuminata-banana-958c508c-394a-11ec-902d-d8c4975e38aa_jpg.rf.VV2BnIOoBhRNEJZbbvzX.jpg,0,0,1,0,1,0
musa-acuminata-rotten-a2693663-1d0a-11ec-894e-d8c4975e38aa_jpg.rf.TBDvAfS1uIFWIn0eMmP9.jpg,0,0,0,0,1,0
musa-acuminata-freshunripe-36b45e1e-2653-11ec-b340-d8c4975e38aa_jpg.rf.TJHGdW3BKMSS1b72CFSo.jpg,0,1,0,0,0,0
musa-acuminata-banana-c80f36f3-4037-11ec-b078-94b86d66fd1d_jpg.rf.VjNTdsZCBMwdNG6jWUCw.jpg,0,0,0,1,0,0
musa-acuminata-ripe-6c8e12b0-2653-11ec-88f3-d8c4975e38aa_jpg.rf.Vw2FzzTXymQiJDKdmHEr.jpg,0,0,0,1,0,0
musa-acuminata-banana-8f097851-394a-11ec-8d15-d8c4975e38aa_jpg.rf.W1EE4bn9wAQVzBu9R3Ko.jpg,0,0,1,0,1,0
musa-acuminata-banana-afa62add-394a-11ec-92a5-d8c4975e38aa_jpg.rf.DA0MnLQ7YasoJqvwGBw4.jpg,1,0,0,0,0,0
musa-acuminata-rotten-bac319e2-1d0a-11ec-a8e0-d8c4975e38aa_jpg.rf.VWGuAvFgaReUUfSOYOeM.jpg,0,0,0,0,1,0
musa-acuminata-unripe-8ccae703-1d0a-11ec-8b11-d8c4975e38aa-1-_jpg.rf.VWl1wjz5inEiHHSDyu7t.jpg,0,0,0,0,0,1
musa-acuminata-overripe-7512e746-2653-11ec-955e-d8c4975e38aa_jpg.rf.VaLpvZfoc5ZkE3vbb93D.jpg,0,0,1,0,0,0
musa-acuminata-overripe-9d564089-1d0a-11ec-a524-d8c4975e38aa_jpg.rf.ELFQNag3cB6AXJCoxln5.jpg,0,0,1,0,0,0
musa-acuminata-ripe-92504730-1d0a-11ec-aafd-d8c4975e38aa_jpg.rf.EPcaQ7YT3OuSCMe6LwXX.jpg,0,0,0,1,0,0
musa-acuminata-banana-b4ecc767-394a-11ec-a6ff-d8c4975e38aa_jpg.rf.DHjjzkvV9jlMmXozT6Ta.jpg,0,0,0,1,0,0
musa-acuminata-overripe-9c147c05-1d0a-11ec-96f3-d8c4975e38aa_jpg.rf.VcZOBxwExBBn3kztcFjZ.jpg,0,0,1,0,0,0
musa-acuminata-rotten-b9d0376e-1d0a-11ec-882e-d8c4975e38aa_jpg.rf.DW9P1BLBlDfoEooU41rz.jpg,0,0,0,0,1,0
musa-acuminata-overripe-804df67b-2653-11ec-9f3f-d8c4975e38aa_jpg.rf.D1MYt1iDAobnzmekaZ2E.jpg,0,0,1,0,0,0
musa-acuminata-banana-d91a7cec-394a-11ec-a294-d8c4975e38aa_jpg.rf.ECvSAMYqz4mbVsu3ssDR.jpg,0,0,0,1,0,0
musa-acuminata-unripe-80b4af39-1d0a-11ec-98aa-d8c4975e38aa-1-_jpg.rf.DXNbBtdEjAyswvJH1kku.jpg,0,0,0,0,0,1
musa-acuminata-banana-8a2c2f0f-394a-11ec-a93f-d8c4975e38aa_jpg.rf.DSCQ7aIkyfv6646clCz7.jpg,0,0,0,0,1,0
musa-acuminata-ripe-70d67260-2653-11ec-a83f-d8c4975e38aa_jpg.rf.E6PY4dDMh3CmbEW1tPHw.jpg,0,0,0,0,1,0
musa-acuminata-banana-c5390b72-394a-11ec-9fc9-d8c4975e38aa_jpg.rf.Dc0OcY8qlU6cHojFpnsh.jpg,1,0,0,1,0,0
musa-acuminata-unripe-8fb9ae5e-1d0a-11ec-961a-d8c4975e38aa-1-_jpg.rf.E8mLvAMp9T4DaQrFtqPO.jpg,0,0,0,0,0,1
musa-acuminata-unripe-60cbd006-2653-11ec-b835-d8c4975e38aa---Copy_jpg.rf.DtPqoa1dmse7Ga1rl05B.jpg,0,0,0,0,1,1
musa-acuminata-banana-c79faf35-4037-11ec-9df3-94b86d66fd1d_jpg.rf.W2goPKlgY3Eyz3V3nxbU.jpg,0,0,0,1,0,0
musa-acuminata-rotten-897b64a0-2653-11ec-89f7-d8c4975e38aa_jpg.rf.F0HaAt9h0ZMDM3pXXGPG.jpg,0,0,0,0,1,0
musa-acuminata-overripe-a1787dd3-1d0a-11ec-a03e-d8c4975e38aa_jpg.rf.FZhBZh5INCLE0YpqSBIP.jpg,0,0,1,0,1,0
musa-acuminata-ripe-94e93f76-1d0a-11ec-a1a0-d8c4975e38aa_jpg.rf.FcEo6IOkgOI0yQ6tgtzC.jpg,0,0,0,1,0,0
musa-acuminata-freshripe-4b10e8a6-2653-11ec-819d-d8c4975e38aa_jpg.rf.Ff2K1WGtMAizBlNhxkra.jpg,1,0,0,0,0,0
musa-acuminata-unripe-82b05cd5-1d0a-11ec-88f5-d8c4975e38aa-1-_jpg.rf.FgguHJpguJ1DJmsCiDD0.jpg,0,0,0,0,0,1
musa-acuminata-freshripe-7ee0a891-1d0a-11ec-8680-d8c4975e38aa_jpg.rf.Fp647slQy7vkU6WUBLOx.jpg,1,0,0,0,0,0
musa-acuminata-freshunripe-69e05d02-1d0a-11ec-91ad-d8c4975e38aa_jpg.rf.Fs9SOP0no5nVfo9PVfww.jpg,0,1,0,0,0,0
musa-acuminata-unripe-607ac6f3-2653-11ec-9b9c-d8c4975e38aa---Copy_jpg.rf.G2vyfXMsvzJfp3Tk1QuN.jpg,0,0,0,0,1,0
musa-acuminata-banana-9a032197-394a-11ec-8b58-d8c4975e38aa_jpg.rf.GGM0LFfvC3yZw86oU43B.jpg,0,0,0,0,1,0
musa-acuminata-banana-f32500a4-394a-11ec-9446-d8c4975e38aa_jpg.rf.EWIg4GPuYorU1hZBEnEo.jpg,0,0,0,1,0,0
musa-acuminata-overripe-9eb239f5-1d0a-11ec-968f-d8c4975e38aa_jpg.rf.EqpSas8gfUJoervmtGSx.jpg,0,0,1,0,0,0
musa-acuminata-banana-897975df-394a-11ec-9eb4-d8c4975e38aa_jpg.rf.ExYERdivGufzgYB8AGfr.jpg,0,0,0,0,1,0
musa-acuminata-freshripe-4a75fcc3-2653-11ec-a7e1-d8c4975e38aa_jpg.rf.Ek4OS1ypfKG8h8HJpQys.jpg,1,0,0,0,0,0
musa-acuminata-ripe-94d62e20-1d0a-11ec-8d22-d8c4975e38aa_jpg.rf.Ey4j583Iruwc4QVHRsTL.jpg,0,0,0,1,0,0
musa-acuminata-rotten-84169f53-2653-11ec-8478-d8c4975e38aa_jpg.rf.SmuOmnyBdLvcr76YK52s.jpg,0,0,0,0,1,0
musa-acuminata-banana-e8d77c54-394a-11ec-86e4-d8c4975e38aa_jpg.rf.SsrFuUCfnALWt1d8mbt3.jpg,0,0,0,1,0,0
musa-acuminata-banana-f4654f3d-394a-11ec-a98f-d8c4975e38aa_jpg.rf.GUZR2lLQIwd5uBzzQuQg.jpg,0,0,0,1,0,0
musa-acuminata-freshunripe-74e51089-1d0a-11ec-83e1-d8c4975e38aa_jpg.rf.Fo2lSfJfsJHH5kzGerTP.jpg,0,0,0,0,0,1
musa-acuminata-mold-e2958c9e-1d0a-11ec-a1c9-d8c4975e38aa_jpg.rf.SjDfGr0ugCQzgUckAE7R.jpg,0,0,1,0,1,0
musa-acuminata-rotten-814bbdd2-2653-11ec-8830-d8c4975e38aa_jpg.rf.SkVBAzEJ1gJwaCvD59jh.jpg,0,0,0,0,1,0
musa-acuminata-banana-ce2ad5fc-394a-11ec-80be-d8c4975e38aa_jpg.rf.GSYldY0zSB6C2xJVsMLh.jpg,1,0,0,1,0,0
musa-acuminata-freshripe-7d10f230-1d0a-11ec-84a2-d8c4975e38aa_jpg.rf.TwFNitvnvWqLNum2XCR6.jpg,1,0,0,0,0,0
musa-acuminata-freshripe-457153c8-2653-11ec-b733-d8c4975e38aa_jpg.rf.U007X31mKRsjYopVuMP3.jpg,1,0,0,0,0,0
musa-acuminata-overripe-7e2799ba-2653-11ec-b1a4-d8c4975e38aa_jpg.rf.U0XnXVPpKR0NyZ0T0S5D.jpg,0,0,1,0,0,0
musa-acuminata-banana-df4329ac-394a-11ec-9039-d8c4975e38aa_jpg.rf.ULE2P8BaQUBhe33HmRd0.jpg,0,0,0,1,0,0
musa-acuminata-banana-9ef340f7-394a-11ec-8e93-d8c4975e38aa_jpg.rf.Sm33x05rPYFkqymDA9LU.jpg,0,0,0,0,1,0
musa-acuminata-mold-e2068b13-1d0a-11ec-856a-d8c4975e38aa_jpg.rf.T1Ez3HCKsQhiTMNVioQQ.jpg,0,0,1,0,1,0
musa-acuminata-banana-000fc4df-394b-11ec-b475-d8c4975e38aa_jpg.rf.T1rub53st4YaDJrtTaEC.jpg,0,0,0,1,0,0
musa-acuminata-banana-98dd8835-394a-11ec-b490-d8c4975e38aa_jpg.rf.SoqryOd7lTQcB3TMkErE.jpg,0,0,0,0,1,0
musa-acuminata-ripe-94e6dd46-1d0a-11ec-b8ee-d8c4975e38aa_jpg.rf.T7QXcm1ALkDCsd8gSifw.jpg,0,0,0,1,0,0
musa-acuminata-banana-8f79a91a-394a-11ec-b23d-d8c4975e38aa_jpg.rf.T6F5WtGvT6AXFQBKXAtB.jpg,0,0,0,0,1,0
musa-acuminata-banana-8d7ef8d6-394a-11ec-a39f-d8c4975e38aa_jpg.rf.TXXwWFH9XIe9CsZoL9u9.jpg,0,0,1,0,0,0
musa-acuminata-unripe-60cbd007-2653-11ec-94aa-d8c4975e38aa---Copy_jpg.rf.TkYB75ZrLeIgyGf4egFr.jpg,0,0,0,0,1,1
musa-acuminata-banana-d01fd6c6-4037-11ec-ac5e-94b86d66fd1d_jpg.rf.TWgp20GRLtXwACxiLPbL.jpg,1,0,0,0,0,0
musa-acuminata-rotten-8afef64e-2653-11ec-abf8-d8c4975e38aa_jpg.rf.TdzSh0VmfNmZYIJt8fBA.jpg,0,0,0,0,1,0
musa-acuminata-banana-aac4f46e-394a-11ec-a520-d8c4975e38aa_jpg.rf.TiNJGZXGf7XPAmEqMQo1.jpg,0,0,1,1,0,0
musa-acuminata-banana-aa8b8156-394a-11ec-80b1-d8c4975e38aa_jpg.rf.Tf2S8GXRoE5rcz6GUSku.jpg,0,0,1,0,1,0
musa-acuminata-unripe-857e4c4d-1d0a-11ec-a6c2-d8c4975e38aa-1-_jpg.rf.UQAf8qTHo0OyXStbb4hb.jpg,0,0,0,0,1,1
musa-acuminata-banana-c69c80d4-394a-11ec-8f16-d8c4975e38aa_jpg.rf.UbYIwpwiBXhRKY59FmEN.jpg,1,0,0,0,0,0
musa-acuminata-freshunripe-6d30e1fb-1d0a-11ec-8e9f-d8c4975e38aa_jpg.rf.UcCPUuweNnr5ut9PjFpw.jpg,0,1,0,0,0,0
musa-acuminata-freshripe-4cbb8ac1-2653-11ec-a13e-d8c4975e38aa_jpg.rf.Uj6w4GLhZeNyEn5bfVYV.jpg,1,0,0,0,0,0
musa-acuminata-ripe-94ee03c0-1d0a-11ec-9c01-d8c4975e38aa_jpg.rf.Uuf6vKt0iyBm4KRcS1uL.jpg,0,0,0,1,0,0
musa-acuminata-banana-8de2d5a8-394a-11ec-9d7a-d8c4975e38aa_jpg.rf.Uw1lP01TeIGWwY1lwnRr.jpg,0,0,0,0,1,0
musa-acuminata-freshunripe-663fedc6-1d0a-11ec-9f80-d8c4975e38aa_jpg.rf.V3kMSRngF1JKFMe3wB9H.jpg,0,1,0,0,0,0
musa-acuminata-unripe-8f76f1e4-1d0a-11ec-9828-d8c4975e38aa-1-_jpg.rf.imKe0xsSN2xgilZcsUFN.jpg,0,0,0,0,0,1
musa-acuminata-freshripe-7ce30a86-1d0a-11ec-affd-d8c4975e38aa_jpg.rf.UCBlx1mW2cUz8OctTZjX.jpg,1,0,0,0,0,0
musa-acuminata-ripe-9295644f-1d0a-11ec-8d36-d8c4975e38aa_jpg.rf.UM00SSyeRyK9FjQr9e3y.jpg,0,0,0,1,0,0
musa-acuminata-unripe-8462abad-1d0a-11ec-a1cb-d8c4975e38aa-1-_jpg.rf.UNNhgyBDOQXUuTESksyP.jpg,0,0,0,0,1,1
musa-acuminata-freshunripe-255749af-2653-11ec-81fa-d8c4975e38aa_jpg.rf.jicvgESO2DmdEV1MhgQI.jpg,0,1,0,0,0,0
musa-acuminata-rotten-88222408-2653-11ec-a27e-d8c4975e38aa_jpg.rf.jl9946fPHq9DfP3sNBua.jpg,0,0,0,0,1,0
musa-acuminata-freshunripe-7304e61b-1d0a-11ec-8a42-d8c4975e38aa_jpg.rf.jqWaOEmc7OysDPdlKpSw.jpg,0,1,0,0,0,0
musa-acuminata-ripe-6b8a47d0-2653-11ec-a496-d8c4975e38aa_jpg.rf.juPyACMovuXJtTProMyR.jpg,0,0,0,1,0,0
musa-acuminata-ripe-94a1bed5-1d0a-11ec-b5c5-d8c4975e38aa_jpg.rf.jzIBHTuCAR6ZjjnTJ7uT.jpg,0,0,0,1,0,0
musa-acuminata-banana-a5fa9dd0-394a-11ec-8f7e-d8c4975e38aa_jpg.rf.k78swcickh9W2XGufCN3.jpg,0,0,1,0,1,0
musa-acuminata-overripe-9d2b5847-1d0a-11ec-a102-d8c4975e38aa_jpg.rf.kAqt7KsFpjr3VPFS4UPQ.jpg,0,0,1,0,0,0
musa-acuminata-ripe-993663dd-1d0a-11ec-9901-d8c4975e38aa_jpg.rf.iytqNmnpRhbdD9YAM9Jj.jpg,0,0,0,1,1,0
musa-acuminata-banana-9b5701d4-394a-11ec-80bd-d8c4975e38aa_jpg.rf.jBWjK3E9jfS0Kyn4WN9D.jpg,0,0,0,0,1,0
musa-acuminata-banana-9673eae2-394a-11ec-a3cd-d8c4975e38aa_jpg.rf.jDkOf4v5LadRA6hMBuHe.jpg,0,0,1,0,1,0
musa-acuminata-ripe-711df2fe-2653-11ec-83f7-d8c4975e38aa_jpg.rf.jKU1h3qtN6Krqbq8c0op.jpg,0,0,0,1,1,0
musa-acuminata-overripe-9f64fbac-1d0a-11ec-8a23-d8c4975e38aa_jpg.rf.jcB7ZUzgpw3AU2ZSIevb.jpg,0,0,1,0,0,0
musa-acuminata-ripe-93ea38c9-1d0a-11ec-bf58-d8c4975e38aa_jpg.rf.jGrPgEwZA37NX1CpjxMN.jpg,0,0,0,1,0,0
musa-acuminata-banana-98e43370-394a-11ec-acc9-d8c4975e38aa_jpg.rf.kSoI3bSZbdkLBVhmyx9t.jpg,0,0,0,0,1,0
musa-acuminata-freshripe-7b79134a-1d0a-11ec-af23-d8c4975e38aa_jpg.rf.kWnhWeIOSRaiRFiLDSG1.jpg,1,0,0,0,0,0
musa-acuminata-overripe-7d1f50e6-2653-11ec-921c-d8c4975e38aa_jpg.rf.kWsXlR8U54bVPCTciIBO.jpg,0,0,1,0,0,0
musa-acuminata-unripe-80347d41-1d0a-11ec-a83c-d8c4975e38aa_jpg.rf.kmf5Um2a7OYZOFh6uQos.jpg,0,0,0,0,1,1
musa-acuminata-unripe-55ae0215-2653-11ec-b0d4-d8c4975e38aa---Copy_jpg.rf.lB6PJNynuNnrWnDORpKA.jpg,0,0,0,0,0,1
musa-acuminata-freshunripe-69256aaa-1d0a-11ec-8e68-d8c4975e38aa_jpg.rf.lDPLR4KNaQrWY652rfVL.jpg,0,1,0,0,0,0
musa-acuminata-ripe-993401a2-1d0a-11ec-b5b4-d8c4975e38aa_jpg.rf.lQINaeQjpS10Q8VdCW2p.jpg,0,0,0,1,1,0
musa-acuminata-ripe-94688b2d-1d0a-11ec-bd61-d8c4975e38aa_jpg.rf.ldO3clVsRO5eaKvREih1.jpg,0,0,0,1,0,0
musa-acuminata-banana-a9f99ca3-394a-11ec-acc7-d8c4975e38aa_jpg.rf.m08uV3hKS4lsNdp3iCdg.jpg,0,0,1,0,1,0
musa-acuminata-banana-c8de8bab-394a-11ec-b1d1-d8c4975e38aa_jpg.rf.mK9GScE81GKuy0IGIyTj.jpg,0,0,0,1,0,0
musa-acuminata-ripe-977d74cd-1d0a-11ec-b016-d8c4975e38aa_jpg.rf.jlqynrEhiXpDeApzsiZQ.jpg,0,0,0,1,1,0
musa-acuminata-unripe-88d39043-1d0a-11ec-beb6-d8c4975e38aa-1-_jpg.rf.jUFESYtcDtliUFzmGtcW.jpg,0,0,0,0,0,1
musa-acuminata-rotten-8d92060f-2653-11ec-a70d-d8c4975e38aa_jpg.rf.kImTekLccDUnzInEiqmj.jpg,0,0,0,0,1,0
musa-acuminata-ripe-91bee3c9-1d0a-11ec-a87a-d8c4975e38aa_jpg.rf.kRBV0GYofCsbGyMkCXPw.jpg,0,0,0,1,0,0
musa-acuminata-unripe-86e3cfc5-1d0a-11ec-ba74-d8c4975e38aa-1-_jpg.rf.j8uo68m0dEGmSOFx0tn2.jpg,0,0,0,0,1,1
musa-acuminata-banana-9e9bc2e2-394a-11ec-bc5f-d8c4975e38aa_jpg.rf.kGLEUzY1GxqBIZtAGfth.jpg,0,0,0,0,1,0
musa-acuminata-banana-a6020b1d-394a-11ec-9569-d8c4975e38aa_jpg.rf.2vayYn8OjZuv1WPygFME.jpg,0,0,1,0,1,0
musa-acuminata-freshripe-793940e4-1d0a-11ec-80cb-d8c4975e38aa_jpg.rf.30b0YzAOF76N3XBdyTp3.jpg,1,0,0,0,0,0
musa-acuminata-freshunripe-6a50bf92-1d0a-11ec-bb7f-d8c4975e38aa_jpg.rf.34cwGDDzexayBdJ1bbwd.jpg,0,1,0,0,0,0
musa-acuminata-overripe-7cdb343c-2653-11ec-a245-d8c4975e38aa_jpg.rf.3Y4TmmJDNSdeSoky02lw.jpg,0,0,1,0,0,0
musa-acuminata-banana-d218255d-4037-11ec-8606-94b86d66fd1d_jpg.rf.3u3mbS5sx9VVQ98dVVWy.jpg,0,0,0,1,0,0
musa-acuminata-overripe-9c906c2b-1d0a-11ec-9cb6-d8c4975e38aa_jpg.rf.3uMWbtW9qogEyZO7MT9c.jpg,0,0,1,0,0,0
musa-acuminata-rotten-ae840a3f-1d0a-11ec-a4fc-d8c4975e38aa_jpg.rf.43q3HLscr23hLTHQEYiH.jpg,0,0,0,0,1,0
musa-acuminata-unripe-8151fd8a-1d0a-11ec-a2b4-d8c4975e38aa-1-_jpg.rf.2XGRuzVMeFS7JbMw0FEo.jpg,0,0,0,0,1,1
musa-acuminata-banana-ab2b416c-4037-11ec-b85f-94b86d66fd1d_jpg.rf.2n9Nim169Taphp2HekTe.jpg,1,0,0,0,0,0
musa-acuminata-freshunripe-76138b12-1d0a-11ec-b78c-d8c4975e38aa_jpg.rf.2pPjVJY3GZmWGVDEallq.jpg,0,0,0,0,0,1
musa-acuminata-banana-85bf1ea2-394a-11ec-8882-d8c4975e38aa_jpg.rf.5GwU8TRCLLfblMOeXy9W.jpg,0,0,1,0,1,0
musa-acuminata-rotten-bdefb6b3-1d0a-11ec-9cfc-d8c4975e38aa_jpg.rf.5LQ8Vw9fB0X3ukTXugpj.jpg,0,0,0,0,1,0
musa-acuminata-banana-d7ab37db-394a-11ec-975d-d8c4975e38aa_jpg.rf.5WLrCmIsjBXZXdCWegtQ.jpg,1,0,0,1,0,0
musa-acuminata-banana-ea15cb89-394a-11ec-b45c-d8c4975e38aa_jpg.rf.5Xwzi8oPL5EHjRWDD6cv.jpg,1,0,0,1,0,0
musa-acuminata-freshunripe-33fecc21-2653-11ec-bdab-d8c4975e38aa_jpg.rf.5zQRYNOPdohI702QcCUd.jpg,0,1,0,0,0,0
musa-acuminata-rotten-8a829f55-2653-11ec-b1ad-d8c4975e38aa_jpg.rf.675RNOEHkhfflqFWSn8Q.jpg,0,0,0,0,1,0
musa-acuminata-banana-c4b432aa-394a-11ec-901f-d8c4975e38aa_jpg.rf.6H66odOXGYpamyjuKbvj.jpg,0,0,0,1,0,0
musa-acuminata-banana-9ac55a23-394a-11ec-97f2-d8c4975e38aa_jpg.rf.4DtvcqeijlzMAAZnSC9r.jpg,0,0,0,0,1,0
musa-acuminata-banana-b3331ffc-394a-11ec-b654-d8c4975e38aa_jpg.rf.4U6eGUk5cuR1Cr1FXVl1.jpg,1,0,0,0,0,0
musa-acuminata-banana-b18e31eb-4037-11ec-b38d-94b86d66fd1d_jpg.rf.4nve8lnYYsniekF7kKyx.jpg,0,1,0,0,0,1
musa-acuminata-mold-e2c9fbdd-1d0a-11ec-872a-d8c4975e38aa_jpg.rf.4qM63FBB2Fq6H8XYjH6i.jpg,0,0,1,0,0,0
musa-acuminata-unripe-567afb7e-2653-11ec-a3b1-d8c4975e38aa---Copy_jpg.rf.52XKA2Qqe1NdHY30QVNC.jpg,0,0,0,0,1,1
musa-acuminata-freshunripe-390a9b46-2653-11ec-986b-d8c4975e38aa_jpg.rf.4dvFSBcWQSdQIPM0gP6A.jpg,0,1,0,0,0,0
musa-acuminata-unripe-80478df8-1d0a-11ec-8085-d8c4975e38aa_jpg.rf.58HX7G78TyzhDvrK45pF.jpg,0,0,0,0,1,1
musa-acuminata-banana-fb4165f3-394a-11ec-99e4-d8c4975e38aa_jpg.rf.4yokSvdDmPvvBOvuWO0i.jpg,1,0,0,1,0,0
musa-acuminata-banana-e924d1fb-394a-11ec-99ce-d8c4975e38aa_jpg.rf.4t63NbpnibR05c9IIoHT.jpg,1,0,0,1,0,0
musa-acuminata-ripe-6c8bb07d-2653-11ec-a4ba-d8c4975e38aa_jpg.rf.6Ztq3QdpQUdgA09iRTg4.jpg,0,0,0,1,0,0
musa-acuminata-ripe-72b0bf57-2653-11ec-92d6-d8c4975e38aa_jpg.rf.Ghkv2YMpXsrWSfxjeOJP.jpg,0,0,0,0,1,0
musa-acuminata-banana-cab5237f-394a-11ec-a3a2-d8c4975e38aa_jpg.rf.GlP5k47AuYdKtpNOXUa7.jpg,1,0,0,0,0,0
musa-acuminata-overripe-8034c295-2653-11ec-a867-d8c4975e38aa_jpg.rf.GwrfoTgRCau3sVCUSJMY.jpg,0,0,1,0,0,0
musa-acuminata-overripe-9e259abb-1d0a-11ec-aad7-d8c4975e38aa_jpg.rf.Gx3yex8Dv6Gxw2non55H.jpg,0,0,1,0,0,0
musa-acuminata-freshunripe-622aef30-1d0a-11ec-9ce5-d8c4975e38aa_jpg.rf.GyPojnF4H5Q31ECr597w.jpg,0,1,0,0,0,0
musa-acuminata-rotten-ab3ab102-1d0a-11ec-9035-d8c4975e38aa_jpg.rf.H0Y4QSCNOV5ma0FjWYsj.jpg,0,0,0,0,1,0
musa-acuminata-banana-8933864b-394a-11ec-b0da-d8c4975e38aa_jpg.rf.W2i3yQcTDLvfLAvl6W6Q.jpg,0,0,0,0,1,0
musa-acuminata-ripe-6c73daf9-2653-11ec-855d-d8c4975e38aa_jpg.rf.W1GcvcHWT033yEQhc6LT.jpg,0,0,0,1,0,0
musa-acuminata-rotten-aeecfc8e-1d0a-11ec-a0ef-d8c4975e38aa_jpg.rf.Ls16jC0G7g65DTpTDCrq.jpg,0,0,0,0,1,0
musa-acuminata-banana-aae9c7fa-394a-11ec-ba51-d8c4975e38aa_jpg.rf.HGtSlmQiUz38YxH7UPJy.jpg,0,0,1,0,1,0
musa-acuminata-banana-b777d8bf-394a-11ec-b699-d8c4975e38aa_jpg.rf.HJEH0AKhEFbX0jDjLV5P.jpg,0,0,0,1,0,0
musa-acuminata-freshripe-7e5c7eef-1d0a-11ec-b8bc-d8c4975e38aa_jpg.rf.HKepOdTKhTwOcKe0Trxt.jpg,1,0,0,0,0,0
musa-acuminata-mold-e3117dbf-1d0a-11ec-9acc-d8c4975e38aa_jpg.rf.HRb4Px3eJqEI4W1rwQUc.jpg,0,0,1,0,1,0
musa-acuminata-freshripe-44096e77-2653-11ec-9594-d8c4975e38aa_jpg.rf.HVZAjGUVmhPuI0fwfT4r.jpg,1,0,0,0,0,0
musa-acuminata-freshunripe-390f5fba-2653-11ec-9122-d8c4975e38aa_jpg.rf.HY6NtNV2M3Na2jpjEuNc.jpg,0,1,0,0,0,0
musa-acuminata-banana-b02e9f2e-4037-11ec-9987-94b86d66fd1d_jpg.rf.HuCYM8NGzBkqY6RhPBqY.jpg,0,1,0,0,0,1
musa-acuminata-mold-e1e2cab9-1d0a-11ec-b015-d8c4975e38aa_jpg.rf.ILWVNomRninXhoo5rMRy.jpg,0,0,1,0,1,0
musa-acuminata-ripe-9369844a-1d0a-11ec-b140-d8c4975e38aa_jpg.rf.6S5nAzhbmecu1BA4Hk7Q.jpg,0,0,0,1,0,0
musa-acuminata-freshunripe-66487969-1d0a-11ec-9e55-d8c4975e38aa_jpg.rf.6SMGEXdaiNnumYYo9IrJ.jpg,0,1,0,0,0,0
musa-acuminata-banana-c666640b-394a-11ec-bc3a-d8c4975e38aa_jpg.rf.6YRAcSHVJzFIxfK3KwDF.jpg,0,0,0,1,0,0
musa-acuminata-overripe-7e6acfea-2653-11ec-a7fb-d8c4975e38aa_jpg.rf.IV1vTrDKLtGTFw0s1xqx.jpg,0,0,1,0,0,0
musa-acuminata-unripe-5ca730f0-2653-11ec-91cb-d8c4975e38aa---Copy_jpg.rf.IkjDmhSqQyCQ000WvUjK.jpg,0,0,0,0,1,1
musa-acuminata-banana-d0db05bd-394a-11ec-b911-d8c4975e38aa_jpg.rf.IqOs5wTDIfLUGipeeaOV.jpg,0,0,0,1,0,0
musa-acuminata-overripe-9e933de6-1d0a-11ec-ae57-d8c4975e38aa_jpg.rf.J3B5oZkLgXvRLEzKrkep.jpg,0,0,1,0,0,0
musa-acuminata-banana-e6f8c8e1-394a-11ec-a82d-d8c4975e38aa_jpg.rf.JA22x51gPvFaMA0cbHVW.jpg,0,0,0,1,0,0
musa-acuminata-banana-e9c9b60b-394a-11ec-b465-d8c4975e38aa_jpg.rf.JHBbQm83KC6ESFYZmQFq.jpg,0,0,0,1,0,0
musa-acuminata-mold-e21e6204-1d0a-11ec-a747-d8c4975e38aa_jpg.rf.JbKuORUF9wB2UYHyv44i.jpg,0,0,1,0,0,0
musa-acuminata-overripe-80ea6e64-2653-11ec-bb75-d8c4975e38aa_jpg.rf.JhEF4XHkHHm8ATWKAOnT.jpg,0,0,1,0,0,0
musa-acuminata-rotten-84a54909-2653-11ec-bfb2-d8c4975e38aa_jpg.rf.JigUYO4nJks4usfWlqex.jpg,0,0,0,0,1,0
musa-acuminata-banana-e44c12ec-394a-11ec-b47a-d8c4975e38aa_jpg.rf.JwOsrlv8fm6tHGHSi9Jq.jpg,1,0,0,0,0,0
musa-acuminata-banana-d4577c43-4037-11ec-b8f9-94b86d66fd1d_jpg.rf.K3sjWE3EoDyObOjF5zo2.jpg,1,0,0,1,0,0
musa-acuminata-freshripe-4facb3eb-2653-11ec-a069-d8c4975e38aa_jpg.rf.KDT6sWalrZ3SIZpM0nUd.jpg,1,0,0,0,0,0
musa-acuminata-freshunripe-2bc178d5-2653-11ec-97cf-d8c4975e38aa_jpg.rf.KHqhJyxNTl1Aek9JjUTK.jpg,0,1,0,0,0,0
musa-acuminata-banana-a7d3ec0f-4037-11ec-bbff-94b86d66fd1d_jpg.rf.KPk4sINd7ZArF6C3PeDN.jpg,1,0,0,0,0,0
musa-acuminata-rotten-a630e222-1d0a-11ec-ba37-d8c4975e38aa_jpg.rf.Kg4gFFjJ0DEfFyG9zXZv.jpg,0,0,0,0,1,0
musa-acuminata-rotten-841a901a-2653-11ec-9123-d8c4975e38aa_jpg.rf.ZBsktJRRgiQx82EYxJbH.jpg,0,0,0,0,1,0
musa-acuminata-overripe-7e63b07d-2653-11ec-90e5-d8c4975e38aa_jpg.rf.IQSQypOXgYT46uCk7SkO.jpg,0,0,1,0,0,0
musa-acuminata-freshunripe-6cc8c73e-1d0a-11ec-9ca7-d8c4975e38aa_jpg.rf.a92WDFn1fQjw5EEHk8vX.jpg,0,1,0,0,0,0
musa-acuminata-banana-c9961b4d-4037-11ec-be9c-94b86d66fd1d_jpg.rf.a9iIKKnnEUMb9XNG85ML.jpg,0,0,0,1,0,0
musa-acuminata-rotten-a3f27a4e-1d0a-11ec-8095-d8c4975e38aa_jpg.rf.aAzaE8TTLpA8E4nmpPNG.jpg,0,0,0,0,1,0
musa-acuminata-banana-844dc448-394a-11ec-bffc-d8c4975e38aa_jpg.rf.aGC78ecok6hlAZqAhH2W.jpg,0,0,1,0,1,0
musa-acuminata-rotten-87cde9db-2653-11ec-b21f-d8c4975e38aa_jpg.rf.aI1uCIo98mH4WUSyECxM.jpg,0,0,0,0,1,0
musa-acuminata-unripe-84165570-1d0a-11ec-bfc7-d8c4975e38aa-1-_jpg.rf.aPbJVwFfvTAFipsNdato.jpg,0,0,0,0,0,1
musa-acuminata-rotten-8d972b02-2653-11ec-a3e5-d8c4975e38aa_jpg.rf.aRjuMV6X30KGhVk3BiHR.jpg,0,0,0,0,1,0
musa-acuminata-banana-d897e271-4037-11ec-8fe3-94b86d66fd1d_jpg.rf.aV7grRyZucwXyTtotXBd.jpg,1,0,0,0,0,0
musa-acuminata-unripe-5d6f65dd-2653-11ec-8883-d8c4975e38aa---Copy_jpg.rf.axQw7pZpfuCk3cPcqIQM.jpg,0,0,0,0,1,1
musa-acuminata-banana-b4f98292-394a-11ec-a147-d8c4975e38aa_jpg.rf.b09zZhxFox1ph88c4ex8.jpg,0,0,0,1,0,0
musa-acuminata-ripe-6b5a9c90-2653-11ec-966c-d8c4975e38aa_jpg.rf.b56VOFVgKLvGq3J6WSHJ.jpg,0,0,0,1,0,0
musa-acuminata-freshunripe-6762d626-1d0a-11ec-bf3e-d8c4975e38aa_jpg.rf.b74SKOEdO9Jt3lvSUQbm.jpg,0,1,0,0,0,0
musa-acuminata-rotten-a209e016-1d0a-11ec-82fd-d8c4975e38aa_jpg.rf.bC3Ndn2EXNQJrys2VXS6.jpg,0,0,0,0,1,0
musa-acuminata-banana-af276898-394a-11ec-b7b3-d8c4975e38aa_jpg.rf.ZQgNCrbfRvExVNs4ysYX.jpg,0,0,0,1,0,0
musa-acuminata-ripe-7298eb0a-2653-11ec-9046-d8c4975e38aa_jpg.rf.ZJBtLWiZZTxecgDBmoBp.jpg,0,0,0,0,1,0
musa-acuminata-ripe-6bfcaf23-2653-11ec-910c-d8c4975e38aa_jpg.rf.a87M91hgyMRbbqPDCi9v.jpg,0,0,0,1,0,0
musa-acuminata-unripe-881c0a5b-1d0a-11ec-8174-d8c4975e38aa-1-_jpg.rf.a4vP95DEyrplfGOk3A7P.jpg,0,0,0,0,1,1
musa-acuminata-banana-b431a9b4-394a-11ec-a55a-d8c4975e38aa_jpg.rf.ZYahAM9L7lLFh7rvlVcd.jpg,1,0,0,0,0,0
musa-acuminata-ripe-744ab251-2653-11ec-af7d-d8c4975e38aa_jpg.rf.bNjCQfkeEsYHFhmPYdsM.jpg,0,0,0,0,1,0
musa-acuminata-ripe-99ede9d3-1d0a-11ec-8980-d8c4975e38aa_jpg.rf.bNxKdShpqjY4vbY6HWNI.jpg,0,0,0,1,1,0
musa-acuminata-ripe-6d3c0ff8-2653-11ec-a501-d8c4975e38aa_jpg.rf.bSyzFrhYfTDbrNqNhNTX.jpg,0,0,0,1,0,0
musa-acuminata-unripe-8b2e92b0-1d0a-11ec-ba16-d8c4975e38aa-1-_jpg.rf.bW454TuMB5aABDnA6M2o.jpg,0,1,0,0,0,1
musa-acuminata-freshunripe-39bd5cf5-2653-11ec-a760-d8c4975e38aa_jpg.rf.bcKsENKCvZHkMHx2BSH8.jpg,0,1,0,0,0,0
musa-acuminata-ripe-71bda36f-2653-11ec-90aa-d8c4975e38aa_jpg.rf.bj1PA9esBCQ6TAM7JAFc.jpg,0,0,0,1,1,0
musa-acuminata-banana-aa16b72b-394a-11ec-88e2-d8c4975e38aa_jpg.rf.W9e8XIv0ZZqusw6gM7vj.jpg,0,0,1,0,1,0
musa-acuminata-banana-d99bffd6-394a-11ec-bb8f-d8c4975e38aa_jpg.rf.WNMnU1muqO4a16FJwyRK.jpg,0,0,0,1,0,0
musa-acuminata-overripe-9fa2f3c7-1d0a-11ec-889b-d8c4975e38aa_jpg.rf.bEdTX2lu44GhSp20u23J.jpg,0,0,1,0,0,0
musa-acuminata-rotten-8d7bc104-2653-11ec-b1a0-d8c4975e38aa_jpg.rf.bDeH5svzMztRnLwuMl6y.jpg,0,0,0,0,1,0
musa-acuminata-freshunripe-1f5e973a-2653-11ec-b018-d8c4975e38aa_jpg.rf.LhcjUJkMUfDu1YuspaGM.jpg,0,1,0,0,0,0
musa-acuminata-banana-c1d7570f-4037-11ec-b3ec-94b86d66fd1d_jpg.rf.bKnBxTf6cDnLz74ffDp8.jpg,1,0,0,1,0,0
musa-acuminata-ripe-9a7826dd-1d0a-11ec-bb0b-d8c4975e38aa_jpg.rf.Waj4KHuGxJJqbhc3i3cu.jpg,0,0,0,1,1,0
musa-acuminata-unripe-8c21b0c2-1d0a-11ec-9606-d8c4975e38aa-1-_jpg.rf.bHJbZa6siNto8XCgMN3u.jpg,0,1,0,0,0,1
musa-acuminata-banana-f8c383b9-394a-11ec-baf2-d8c4975e38aa_jpg.rf.WamushAyrlZP2xSsbgEe.jpg,0,0,0,1,0,0
musa-acuminata-freshripe-43d9c200-2653-11ec-8466-d8c4975e38aa_jpg.rf.X65LVzfrLVBUQZUeZgsg.jpg,1,0,0,0,0,0
musa-acuminata-banana-e9caeca5-394a-11ec-a595-d8c4975e38aa_jpg.rf.XCRJLmBvjQoXhAhpd2H8.jpg,0,0,0,1,0,0
musa-acuminata-banana-d92b9c8b-394a-11ec-88c1-d8c4975e38aa_jpg.rf.Xck8FeZCGI10SgUrGeLi.jpg,0,0,0,1,0,0
musa-acuminata-rotten-8ba099e6-2653-11ec-9644-d8c4975e38aa_jpg.rf.Xg4qApYloV4R732Me02T.jpg,0,0,0,0,1,0
musa-acuminata-banana-a58a7c55-394a-11ec-9a64-d8c4975e38aa_jpg.rf.XiCnlBDQdMUWminQkpX1.jpg,0,0,1,1,1,0
musa-acuminata-overripe-9e76a429-1d0a-11ec-bb9f-d8c4975e38aa_jpg.rf.Xu67wtZlkuimKbegZsHi.jpg,0,0,1,0,0,0
musa-acuminata-banana-cbc5904f-4037-11ec-bcf8-94b86d66fd1d_jpg.rf.Y6RsWmfKviJ1ngLZMLiK.jpg,1,0,0,0,0,0
musa-acuminata-banana-b692934d-394a-11ec-a0e8-d8c4975e38aa_jpg.rf.YEJUenO069UEzPhzJ0PC.jpg,1,0,0,1,1,0
musa-acuminata-freshunripe-285923e6-2653-11ec-b144-d8c4975e38aa_jpg.rf.YLcoi8yTRCfysF0NCezq.jpg,0,1,0,0,0,0
musa-acuminata-banana-b34a59fc-4037-11ec-b743-94b86d66fd1d_jpg.rf.Wab7Q0AeXXqHFtZZg9cq.jpg,0,1,0,0,0,1
musa-acuminata-freshripe-7d2990a2-1d0a-11ec-96bb-d8c4975e38aa_jpg.rf.WVoYpeArjqa0vePCZZeG.jpg,1,0,0,0,0,0
musa-acuminata-rotten-b8cbddc9-1d0a-11ec-abd8-d8c4975e38aa_jpg.rf.bZSkoCXEaDKsdkhBPUMp.jpg,0,0,0,0,1,0
musa-acuminata-mold-e51dd958-1d0a-11ec-b9d5-d8c4975e38aa_jpg.rf.WhQn3vxCZbBReJTM0Vk4.jpg,0,0,1,0,1,0
musa-acuminata-ripe-951b4cbd-1d0a-11ec-afc2-d8c4975e38aa_jpg.rf.WwNDhnsGVzvuZaYfAE9j.jpg,0,0,0,1,0,0
musa-acuminata-unripe-5e1d6327-2653-11ec-9b07-d8c4975e38aa---Copy_jpg.rf.WtsfGXFfIhmNHVbadcm9.jpg,0,0,0,0,0,1
musa-acuminata-banana-9a2a4db9-4037-11ec-b100-94b86d66fd1d_jpg.rf.Ws1NmfggsJ5C92mFfnSC.jpg,1,0,0,0,0,0
musa-acuminata-banana-ebcd37e4-394a-11ec-8dcc-d8c4975e38aa_jpg.rf.X55wITK3CPu0KyYcnsSc.jpg,1,0,0,0,0,0
musa-acuminata-banana-fb3ae16d-394a-11ec-9a81-d8c4975e38aa_jpg.rf.WpkLrrbK3sAZqEkYLS5y.jpg,1,0,0,1,0,0
musa-acuminata-overripe-9c7af8d1-1d0a-11ec-9322-d8c4975e38aa_jpg.rf.WhEwq95rbgSfWUm8RM0w.jpg,0,0,1,0,0,0
musa-acuminata-banana-b60bcc23-394a-11ec-a8c7-d8c4975e38aa_jpg.rf.YZEHrQdtRRpe93O007z6.jpg,1,0,0,1,1,0
musa-acuminata-overripe-a1c4c199-1d0a-11ec-a5c8-d8c4975e38aa_jpg.rf.YhgXTPRrbHKxQOFnpiBg.jpg,0,0,1,0,0,0
musa-acuminata-ripe-94400651-1d0a-11ec-9209-d8c4975e38aa_jpg.rf.ZAvfrSDXcAktb1NC6AYC.jpg,0,0,0,1,0,0
musa-acuminata-banana-c625479d-394a-11ec-9373-d8c4975e38aa_jpg.rf.ZB3I7FAZ3ulXsH2MyXG8.jpg,1,0,0,1,0,0
musa-acuminata-banana-aac215f5-4037-11ec-b861-94b86d66fd1d_jpg.rf.jLP2kCpSPQBP8q8TUIEJ.jpg,1,0,0,0,0,0
musa-acuminata-freshripe-458463df-2653-11ec-9e72-d8c4975e38aa_jpg.rf.jNutR0TsJKtCSM6nj6lP.jpg,1,0,0,0,0,0
musa-acuminata-banana-ac7323b8-394a-11ec-861e-d8c4975e38aa_jpg.rf.jY4wqXY7yvU6kW5nDZco.jpg,0,0,1,1,1,0
musa-acuminata-banana-88c92776-394a-11ec-8a6a-d8c4975e38aa_jpg.rf.jb3IuTIEGsWOsdypdfEN.jpg,0,0,1,0,1,0
musa-acuminata-freshripe-4a7f8522-2653-11ec-9b34-d8c4975e38aa_jpg.rf.jeYl0Bu8oT3qAOMs2uVa.jpg,1,0,0,0,0,0
musa-acuminata-unripe-914ede29-1d0a-11ec-9b3a-d8c4975e38aa-1-_jpg.rf.jpeZKlhCHWgb6UnUoJ5M.jpg,0,1,0,0,0,1
musa-acuminata-rotten-8b136ca1-2653-11ec-97d6-d8c4975e38aa_jpg.rf.jqTNCYM5w9VC31FiCWsA.jpg,0,0,0,0,1,0
musa-acuminata-overripe-9bfca671-1d0a-11ec-b57f-d8c4975e38aa_jpg.rf.k4QkLN1haAwWPVwvuu0k.jpg,0,0,1,0,0,0
musa-acuminata-freshunripe-6f8c2922-1d0a-11ec-b69f-d8c4975e38aa_jpg.rf.k9LF7vGsYb1JcM9vC6zB.jpg,0,1,0,0,0,0
musa-acuminata-ripe-9241f8d0-1d0a-11ec-ba65-d8c4975e38aa_jpg.rf.YNDKVIFTfM2j9ekaxn4O.jpg,0,0,0,1,0,0
musa-acuminata-ripe-944e5350-1d0a-11ec-a261-d8c4975e38aa_jpg.rf.YXj1ND7VL4EUVHkUw94t.jpg,0,0,0,1,0,0
musa-acuminata-banana-af236839-4037-11ec-bb0b-94b86d66fd1d_jpg.rf.YS78LRR21awgKMMXvvGr.jpg,0,1,0,0,0,1
musa-acuminata-banana-a91d1c00-394a-11ec-938f-d8c4975e38aa_jpg.rf.YYXfq6cIQlbQJxp3ffiQ.jpg,0,0,1,0,1,0
musa-acuminata-freshripe-4d626187-2653-11ec-abe7-d8c4975e38aa_jpg.rf.YYLxOsv8X57IOb9Afnmo.jpg,1,0,0,0,0,0
musa-acuminata-unripe-84d04ee2-1d0a-11ec-8d41-d8c4975e38aa-1-_jpg.rf.YBtucXzehzfGs2P296m7.jpg,0,0,0,0,1,1
musa-acuminata-overripe-7fefa999-2653-11ec-b909-d8c4975e38aa_jpg.rf.l6tCuGt7LsL0TPOpvYOj.jpg,0,0,1,0,0,0
musa-acuminata-banana-a8ac7e2f-394a-11ec-b9f7-d8c4975e38aa_jpg.rf.l7Gdij3l1pjQ1FH2NADp.jpg,0,0,1,0,0,0
musa-acuminata-freshripe-468cf345-2653-11ec-8f17-d8c4975e38aa_jpg.rf.lDPl3DeITRfWGvyeBoP4.jpg,1,0,0,0,0,0
musa-acuminata-mold-e2edbc4f-1d0a-11ec-928c-d8c4975e38aa_jpg.rf.mAVzIsQZ7pflHnV7ZyDA.jpg,0,0,1,0,0,0
musa-acuminata-rotten-893ac06d-2653-11ec-8813-d8c4975e38aa_jpg.rf.mGi07A4CGj0tmDEjxR71.jpg,0,0,0,0,1,0
musa-acuminata-banana-a5f44025-394a-11ec-a2c2-d8c4975e38aa_jpg.rf.mXmA3sowCx2ZgJbpQao5.jpg,0,0,1,0,1,0
musa-acuminata-banana-aacc606a-394a-11ec-8036-d8c4975e38aa_jpg.rf.mxG39vrXLnza7oHMWoPs.jpg,0,0,1,1,0,0
musa-acuminata-rotten-8380b23f-2653-11ec-ba8f-d8c4975e38aa_jpg.rf.mzHANnXHio3ZZafPOtiQ.jpg,0,0,0,0,1,0
musa-acuminata-banana-e740168d-394a-11ec-b5ba-d8c4975e38aa_jpg.rf.n2YVXWAzAfxgCjK2AJ4C.jpg,0,0,0,1,0,0
musa-acuminata-freshunripe-64a426ff-1d0a-11ec-aea5-d8c4975e38aa_jpg.rf.n5ETKemuizMRTTEkLfXl.jpg,0,1,0,0,0,0
musa-acuminata-ripe-6df133e6-2653-11ec-9095-d8c4975e38aa_jpg.rf.nRini0ThISwyHpcyF7YX.jpg,0,0,0,1,1,0
musa-acuminata-freshunripe-359b1fbf-2653-11ec-bf45-d8c4975e38aa_jpg.rf.ns75xWtASleesfXwO6rW.jpg,0,1,0,0,0,0
musa-acuminata-banana-c4010a9e-394a-11ec-956f-d8c4975e38aa_jpg.rf.k9qXJ47geb0Rp7gVkXhw.jpg,0,0,0,1,0,0
musa-acuminata-freshunripe-20878b85-2653-11ec-af38-d8c4975e38aa_jpg.rf.l14EndgcKfM7qBQPcEih.jpg,0,1,0,0,0,0
musa-acuminata-banana-c4f61668-394a-11ec-9b5e-d8c4975e38aa_jpg.rf.l44Gmz3K2EPU3YTYuWso.jpg,0,0,0,1,0,0
musa-acuminata-freshunripe-335a580d-2653-11ec-a7f6-d8c4975e38aa_jpg.rf.kZALSVtRRJLatqpGV3dI.jpg,0,1,0,0,0,0
musa-acuminata-banana-aa0ae3f3-394a-11ec-b64e-d8c4975e38aa_jpg.rf.kROGaZ2juEmJt5uEiEcB.jpg,0,0,1,0,1,0
musa-acuminata-freshunripe-67606529-1d0a-11ec-b0f0-d8c4975e38aa_jpg.rf.l6U9yVOuIIMqNx1tDB6o.jpg,0,1,0,0,0,0
musa-acuminata-banana-f214d9d1-394a-11ec-87c1-d8c4975e38aa_jpg.rf.ty6D2jIHNNULsAgrmyvN.jpg,1,0,0,1,0,0
musa-acuminata-freshunripe-66a84d00-1d0a-11ec-a5a9-d8c4975e38aa_jpg.rf.u07qyLba5K8Ukzds1Z6u.jpg,0,1,0,0,0,0
musa-acuminata-banana-a17e6a2e-394a-11ec-a654-d8c4975e38aa_jpg.rf.u9CYkPqyKaRl3bMXVlQM.jpg,0,0,0,1,0,0
musa-acuminata-ripe-72abfb00-2653-11ec-bca7-d8c4975e38aa_jpg.rf.uBBUTg1Hoj8OUTmjBQHT.jpg,0,0,0,0,1,0
musa-acuminata-unripe-5d0dad6d-2653-11ec-a58b-d8c4975e38aa---Copy_jpg.rf.uDfnflJYq2XW8Jj0Kolq.jpg,0,0,0,0,1,1
musa-acuminata-banana-a72930de-394a-11ec-a498-d8c4975e38aa_jpg.rf.uItTKmUwTkfLTJxuCKNH.jpg,0,0,0,0,1,0
musa-acuminata-freshunripe-36bde6ef-2653-11ec-aac2-d8c4975e38aa_jpg.rf.uP1F9DbaaKhAsfG2mSRt.jpg,0,1,0,0,0,0
musa-acuminata-overripe-9f9bcd47-1d0a-11ec-9fdd-d8c4975e38aa_jpg.rf.n7asmbw7jnNGFy5B9Eul.jpg,0,0,1,0,0,0
musa-acuminata-rotten-ab92e0c7-1d0a-11ec-8bc5-d8c4975e38aa_jpg.rf.trssYqDcZGtF9B5gER9X.jpg,0,0,0,0,1,0
musa-acuminata-overripe-a0260a6c-1d0a-11ec-a6e7-d8c4975e38aa_jpg.rf.tto1pJeazMUNDUyDkVKr.jpg,0,0,1,0,1,0
musa-acuminata-freshunripe-2c3640ac-2653-11ec-9d59-d8c4975e38aa_jpg.rf.ttUx6Oo2AosdrGaCh0RX.jpg,0,1,0,0,0,0
musa-acuminata-freshunripe-3b7fd45d-2653-11ec-b238-d8c4975e38aa_jpg.rf.o0MALIzgrgpUvrHYJ7FG.jpg,0,1,0,0,0,0
musa-acuminata-freshunripe-6b544695-1d0a-11ec-88f5-d8c4975e38aa_jpg.rf.tr2EG1nJ2qaFRLSZLvVC.jpg,0,1,0,0,0,0
musa-acuminata-freshripe-7cda7efb-1d0a-11ec-b75b-d8c4975e38aa_jpg.rf.nxnR49FyaAji1HsUlPpB.jpg,1,0,0,0,0,0
musa-acuminata-mold-e51912ac-1d0a-11ec-ad18-d8c4975e38aa_jpg.rf.uDLvASYDGJLS50h4QAak.jpg,0,0,1,0,1,0
musa-acuminata-banana-b624f550-394a-11ec-a22d-d8c4975e38aa_jpg.rf.tm6Ipv2z2sgCwQJ3Q0pX.jpg,1,0,0,1,1,0
musa-acuminata-ripe-7352d1da-2653-11ec-9d61-d8c4975e38aa_jpg.rf.CWjR6S309WbRMzy14T8c.jpg,0,0,0,0,1,0
musa-acuminata-unripe-898d787e-1d0a-11ec-82c0-d8c4975e38aa-1-_jpg.rf.CWtul6rVD8uVR34kDwfX.jpg,0,0,0,0,0,1
musa-acuminata-unripe-7fe53a9d-1d0a-11ec-b755-d8c4975e38aa_jpg.rf.Cg6kHpIP5FVirRU3hGNb.jpg,0,0,0,0,0,1
musa-acuminata-ripe-9b8f035c-1d0a-11ec-976d-d8c4975e38aa_jpg.rf.CtsgOApP67HBc5cSHq2H.jpg,0,0,0,1,1,0
musa-acuminata-freshunripe-1fd8dd9a-2653-11ec-a0e1-d8c4975e38aa_jpg.rf.D6ujRvgRRsEDQyYZIejI.jpg,0,1,0,0,0,0
musa-acuminata-banana-e69dd3e5-394a-11ec-8609-d8c4975e38aa_jpg.rf.D7CBM1fH6cjR9iuiQQSo.jpg,0,0,0,1,0,0
musa-acuminata-freshripe-451b8533-2653-11ec-9283-d8c4975e38aa_jpg.rf.D9JhU8LXMJ83KGFFW8Uw.jpg,1,0,0,0,0,0
musa-acuminata-freshunripe-2607ab8c-2653-11ec-89bb-d8c4975e38aa_jpg.rf.DKe4UgyeTCuW0zHN0zBa.jpg,0,1,0,0,0,0
musa-acuminata-banana-fe521b60-394a-11ec-9acc-d8c4975e38aa_jpg.rf.sVQAIwSxogPGCAXrP6Jd.jpg,1,0,0,1,0,0
musa-acuminata-unripe-5946026b-2653-11ec-a1a0-d8c4975e38aa---Copy_jpg.rf.tdr3QvZxgBwHgIgf564n.jpg,0,0,0,0,1,1
musa-acuminata-overripe-9c1ba285-1d0a-11ec-ab55-d8c4975e38aa_jpg.rf.DPUQ22TdcjTMeE2FZkwi.jpg,0,0,1,0,0,0
musa-acuminata-overripe-801ddf5b-2653-11ec-99f0-d8c4975e38aa_jpg.rf.Bm3G7gzpzFNl9uau1mx7.jpg,0,0,1,0,0,0
musa-acuminata-unripe-5e8b0682-2653-11ec-bd21-d8c4975e38aa---Copy_jpg.rf.DgHsAddEAn7oSXbbaNMG.jpg,0,0,0,0,0,1
musa-acuminata-banana-b3dff02b-394a-11ec-9b45-d8c4975e38aa_jpg.rf.Dzggea6JslGv3GoygCVE.jpg,0,0,0,1,0,0
musa-acuminata-overripe-a11b888b-1d0a-11ec-b56a-d8c4975e38aa_jpg.rf.Djqal2g3rLaoxJ5piaOj.jpg,0,0,1,0,1,0
musa-acuminata-banana-ca70dfa3-394a-11ec-aaba-d8c4975e38aa_jpg.rf.tprSnOQPAywUequaZNP2.jpg,0,0,0,1,0,0
musa-acuminata-freshripe-43ffe71b-2653-11ec-a507-d8c4975e38aa_jpg.rf.E016vZwtt7CqVPMjvLW0.jpg,1,0,0,0,0,0
musa-acuminata-overripe-9c92ce4c-1d0a-11ec-96d8-d8c4975e38aa_jpg.rf.sKLZCARR1MeYaY6HkPtX.jpg,0,0,1,0,0,0
musa-acuminata-freshunripe-6db24f68-1d0a-11ec-a597-d8c4975e38aa_jpg.rf.DjBDED4JfsXnJsmWg8Bi.jpg,0,1,0,0,0,0
musa-acuminata-mold-e47e28de-1d0a-11ec-a658-d8c4975e38aa_jpg.rf.E5YhVFJGf4FJcgJhbGZR.jpg,0,0,1,0,0,0
musa-acuminata-rotten-8a7a6fd0-2653-11ec-a708-d8c4975e38aa_jpg.rf.EBLlVNDf8qZypEgwZ9E8.jpg,0,0,0,0,1,0
musa-acuminata-freshunripe-65df679c-1d0a-11ec-8807-d8c4975e38aa_jpg.rf.ELT9yfY0vj1d0zmn1wB9.jpg,0,1,0,0,0,0
musa-acuminata-banana-a91ea02e-394a-11ec-840f-d8c4975e38aa_jpg.rf.EFqijyGj2daGch84LH4r.jpg,0,0,1,0,1,0
musa-acuminata-rotten-8c9b0464-2653-11ec-8ec5-d8c4975e38aa_jpg.rf.sZgNJIlFhABHFz124IKe.jpg,0,0,0,0,1,0
musa-acuminata-banana-8ecfa04c-394a-11ec-a7d9-d8c4975e38aa_jpg.rf.ERF9LP1YKOg8kH5ZEUoR.jpg,0,0,1,0,1,0
musa-acuminata-freshunripe-6abd21ac-1d0a-11ec-895a-d8c4975e38aa_jpg.rf.CJvcGIZ2ZDTL5hJlH8eL.jpg,0,1,0,0,0,0
musa-acuminata-banana-d345ed3c-394a-11ec-8635-d8c4975e38aa_jpg.rf.tDliKtawD4lqidrzECn5.jpg,1,0,0,1,0,0
musa-acuminata-freshripe-4701bcda-2653-11ec-873b-d8c4975e38aa_jpg.rf.EUnyItQhllIOSV9Ty5HE.jpg,1,0,0,0,0,0
musa-acuminata-unripe-90144048-1d0a-11ec-b480-d8c4975e38aa-1-_jpg.rf.EToSAjxTQR0YeUhioPBf.jpg,0,0,0,0,0,1
musa-acuminata-banana-a8320624-394a-11ec-abb1-d8c4975e38aa_jpg.rf.EUQoUrT2weNXUIeq98sf.jpg,0,0,0,0,1,0
musa-acuminata-banana-b020851d-394a-11ec-9cea-d8c4975e38aa_jpg.rf.EWAdfQ7aY7ATM1YRoSCC.jpg,0,0,0,1,0,0
musa-acuminata-banana-f1653b56-394a-11ec-858f-d8c4975e38aa_jpg.rf.iIYR0D4BKgrynTwMx6LP.jpg,0,0,0,1,0,0
musa-acuminata-banana-c4768240-394a-11ec-861c-d8c4975e38aa_jpg.rf.iHdLm9vsYPLZkRKn13fK.jpg,0,0,0,1,0,0
musa-acuminata-freshripe-442acb3c-2653-11ec-a09b-d8c4975e38aa_jpg.rf.tJn9hRVjkpSU3dv8SdDs.jpg,1,0,0,0,0,0
musa-acuminata-banana-f049dc56-394a-11ec-a4f1-d8c4975e38aa_jpg.rf.iKFcDIqRJ8fZwKyZt8mI.jpg,0,0,0,1,0,0
musa-acuminata-freshunripe-7746f2bc-1d0a-11ec-b206-d8c4975e38aa_jpg.rf.EfeunqxV5DxRcCEY28ao.jpg,0,0,0,0,0,1
musa-acuminata-banana-df452212-394a-11ec-9428-d8c4975e38aa_jpg.rf.iMbtXGfWmfYKNGXcvbGi.jpg,0,0,0,1,0,0
musa-acuminata-freshunripe-361bd459-2653-11ec-8e0d-d8c4975e38aa_jpg.rf.iONkiQgFXNG5UGKfhWIv.jpg,0,1,0,0,0,0
musa-acuminata-banana-e6994581-394a-11ec-8306-d8c4975e38aa_jpg.rf.iNCjGaTANq8H97CaCYoA.jpg,0,0,0,1,0,0
musa-acuminata-overripe-74d4f048-2653-11ec-9bbe-d8c4975e38aa_jpg.rf.EcXdzDQ3JzkLVSjp4hRJ.jpg,0,0,1,0,0,0
musa-acuminata-ripe-918f3755-1d0a-11ec-846f-d8c4975e38aa_jpg.rf.iNAwK9I2r9qZjhFXmuVq.jpg,0,0,0,1,0,0
musa-acuminata-mold-e61a7baf-1d0a-11ec-9178-d8c4975e38aa_jpg.rf.iYdCNmkBG18PvOpST7eK.jpg,0,0,1,0,0,0
musa-acuminata-freshunripe-66f7caee-1d0a-11ec-ac03-d8c4975e38aa_jpg.rf.iWUTxYfHlrtcEXiGSdBn.jpg,0,1,0,0,0,0
musa-acuminata-rotten-aed064db-1d0a-11ec-bd62-d8c4975e38aa_jpg.rf.ia0XHzNJi8qJe1uwovJm.jpg,0,0,0,0,1,0
musa-acuminata-unripe-5e817dbe-2653-11ec-8655-d8c4975e38aa---Copy_jpg.rf.CAnntA61ha4KGWbHDHAw.jpg,0,0,0,0,0,1
musa-acuminata-unripe-8ccfab50-1d0a-11ec-87d8-d8c4975e38aa-1-_jpg.rf.iYnuAoClngLKN7kRiAHf.jpg,0,0,0,0,0,1
musa-acuminata-banana-f19c596a-394a-11ec-8205-d8c4975e38aa_jpg.rf.iPhRPjCFV6Kmqr9bBcDM.jpg,1,0,0,1,0,0
musa-acuminata-rotten-bfd4db5c-1d0a-11ec-8a1b-d8c4975e38aa_jpg.rf.ibbO8II07hLrtUs4mND0.jpg,0,0,0,0,1,0
musa-acuminata-unripe-571849d1-2653-11ec-917b-d8c4975e38aa---Copy_jpg.rf.ieVqxQ9BGnZwm3JErOCf.jpg,0,0,0,0,1,1
musa-acuminata-banana-c281d093-394a-11ec-ba80-d8c4975e38aa_jpg.rf.ikd8aLt0RJGZg51qQ9Ir.jpg,0,0,0,1,0,0
musa-acuminata-unripe-8cd46fa9-1d0a-11ec-b2a0-d8c4975e38aa-1-_jpg.rf.icAqSJ7KgxCbYp1wxHW8.jpg,0,1,0,0,0,0
musa-acuminata-freshunripe-76719a54-1d0a-11ec-a7b6-d8c4975e38aa_jpg.rf.j0sAWdPIZa0s8mgRN2qd.jpg,0,0,0,0,0,1
musa-acuminata-rotten-81518005-2653-11ec-8fb8-d8c4975e38aa_jpg.rf.izELHey0AwsuhX1dHZxn.jpg,0,0,0,0,1,0
musa-acuminata-rotten-8c034c3a-2653-11ec-a727-d8c4975e38aa_jpg.rf.iyDB4pShbR7tUkhJytj1.jpg,0,0,0,0,1,0
musa-acuminata-rotten-b9cc8dd6-1d0a-11ec-a76e-d8c4975e38aa_jpg.rf.itEvoHzW5U6YUgG1OMsi.jpg,0,0,0,0,1,0
musa-acuminata-banana-a99f5135-394a-11ec-bd09-d8c4975e38aa_jpg.rf.iiUk8AHo0QHiU7vZGYwb.jpg,0,0,0,0,1,0
musa-acuminata-banana-9782740f-394a-11ec-b493-d8c4975e38aa_jpg.rf.ikm7nQqvUeX6hLWyYIOo.jpg,0,0,0,1,1,0
musa-acuminata-banana-b173053c-394a-11ec-8d8c-d8c4975e38aa_jpg.rf.j4E4cc1fXZjnTThiQfVV.jpg,1,0,0,0,0,0
musa-acuminata-rotten-8b184657-2653-11ec-8af8-d8c4975e38aa_jpg.rf.j1jbPKaKUQkStscIJ41z.jpg,0,0,0,0,1,0
musa-acuminata-banana-9cb008f7-4037-11ec-8c3d-94b86d66fd1d_jpg.rf.j51aga5rqqGdDkWizDwp.jpg,0,0,0,1,0,0
musa-acuminata-ripe-71b8df1a-2653-11ec-bc36-d8c4975e38aa_jpg.rf.j9YQ8pr5BcOJFVM9gkE4.jpg,0,0,0,1,1,0
musa-acuminata-banana-be098def-4037-11ec-9034-94b86d66fd1d_jpg.rf.j3aLvyeAxLjjuhKmoszT.jpg,1,0,0,1,0,0
musa-acuminata-unripe-8967561a-1d0a-11ec-8c45-d8c4975e38aa-1-_jpg.rf.jAaSqHQrzPf2Fe6VlzNo.jpg,0,0,0,0,0,1
musa-acuminata-rotten-8c57d60d-2653-11ec-87bf-d8c4975e38aa_jpg.rf.eDsxzHtrfO7rcbDpTo3c.jpg,0,0,0,0,1,0
musa-acuminata-ripe-6b36dc68-2653-11ec-9fa3-d8c4975e38aa_jpg.rf.eK6u5oWn2wjIAnljPnup.jpg,0,0,0,1,0,0
musa-acuminata-banana-b1b9ae46-394a-11ec-b9d5-d8c4975e38aa_jpg.rf.ehZCqCxz3WaZkmevB64d.jpg,1,0,0,0,0,0
musa-acuminata-ripe-7205242a-2653-11ec-a72f-d8c4975e38aa_jpg.rf.tjBvzBjOLFeQ3foYLrDm.jpg,0,0,0,1,1,0
musa-acuminata-rotten-82503555-2653-11ec-b696-d8c4975e38aa_jpg.rf.tTOQRwl4CwUPq56nFkOL.jpg,0,0,0,0,1,0
musa-acuminata-ripe-9687f6aa-1d0a-11ec-92d8-d8c4975e38aa_jpg.rf.jLB9l3znCQxLsJvb7Nir.jpg,0,0,0,1,1,0
musa-acuminata-unripe-898fdc20-1d0a-11ec-ad47-d8c4975e38aa-1-_jpg.rf.ebyejuWuvh8OuMWIKQg3.jpg,0,0,0,0,0,1
musa-acuminata-freshunripe-71844555-1d0a-11ec-81a4-d8c4975e38aa_jpg.rf.eoWCkBCaaO1v3zhMJSqp.jpg,0,1,0,0,0,0
musa-acuminata-freshunripe-6e40a725-1d0a-11ec-986a-d8c4975e38aa_jpg.rf.el6Pr9LIO9nDAzwV4xax.jpg,0,1,0,0,0,0
musa-acuminata-overripe-806b7abc-2653-11ec-b507-d8c4975e38aa_jpg.rf.fBeSFciNwD0dqO3XwDSl.jpg,0,0,1,0,1,0
musa-acuminata-freshripe-468a9102-2653-11ec-ae73-d8c4975e38aa_jpg.rf.eusAap0k29vkb0NEZlfj.jpg,1,0,0,0,0,0
musa-acuminata-unripe-57079c20-2653-11ec-b5b5-d8c4975e38aa---Copy_jpg.rf.jKP4qa97704J1pdNVghJ.jpg,0,0,0,0,1,1
musa-acuminata-banana-d5c33c4e-4037-11ec-8955-94b86d66fd1d_jpg.rf.fayVEIHe65BiSwVK6Gzw.jpg,0,0,0,1,0,0
musa-acuminata-banana-c32f12aa-394a-11ec-803b-d8c4975e38aa_jpg.rf.fyLw06kQFDOWps5C8ri2.jpg,0,0,0,1,0,0
musa-acuminata-rotten-8c85f633-2653-11ec-b5f6-d8c4975e38aa_jpg.rf.gShRJPQFWamTwkMkZmaD.jpg,0,0,0,0,1,0
musa-acuminata-overripe-9f13f263-1d0a-11ec-be35-d8c4975e38aa_jpg.rf.gN39gll1D47wXBo1uOXr.jpg,0,0,1,0,1,0
musa-acuminata-banana-e5bc59ce-394a-11ec-8919-d8c4975e38aa_jpg.rf.g4TvkLXJQNiFJNiI1XkB.jpg,1,0,0,1,0,0
musa-acuminata-rotten-bc4a11a4-1d0a-11ec-8028-d8c4975e38aa_jpg.rf.fjmS1H2aoSVUvHkaAzdV.jpg,0,0,0,0,1,0
musa-acuminata-banana-b09c47f9-394a-11ec-bf43-d8c4975e38aa_jpg.rf.gmwf3hHqI6xoaMGd39PN.jpg,1,0,0,0,0,0
musa-acuminata-ripe-99f77277-1d0a-11ec-a610-d8c4975e38aa_jpg.rf.gcbICrVhY7mhlSM1RjEi.jpg,0,0,0,1,1,0
musa-acuminata-freshripe-49fed0d8-2653-11ec-8acd-d8c4975e38aa_jpg.rf.sY7Co61SifcIVmgoE00R.jpg,1,0,0,0,0,0
musa-acuminata-overripe-75fc7bcc-2653-11ec-8d45-d8c4975e38aa_jpg.rf.h9j6MtwMSGHSXXIF2X41.jpg,0,0,1,0,1,0
musa-acuminata-unripe-593a17a8-2653-11ec-8fc8-d8c4975e38aa---Copy_jpg.rf.hK9YknTKRcpGdPgiLVKc.jpg,0,0,0,0,1,1
musa-acuminata-overripe-a1146205-1d0a-11ec-96e4-d8c4975e38aa_jpg.rf.gUoeYYq0y3jTjUyr07dC.jpg,0,0,1,0,1,0
musa-acuminata-ripe-6c01738b-2653-11ec-8bd7-d8c4975e38aa_jpg.rf.h4tANF2YYCdFpBuMqoBi.jpg,0,0,0,1,0,0
musa-acuminata-banana-e7447bc5-394a-11ec-805e-d8c4975e38aa_jpg.rf.fMFDTQ57ELnf2V4ftnAW.jpg,0,0,0,1,0,0
musa-acuminata-banana-f04502c5-394a-11ec-a280-d8c4975e38aa_jpg.rf.tjVLINAcYvcqXxzBhBMy.jpg,0,0,0,1,0,0
musa-acuminata-rotten-bc624035-1d0a-11ec-942d-d8c4975e38aa_jpg.rf.u6JVKVOPHMxi4itbJYXj.jpg,0,0,0,0,1,0
musa-acuminata-unripe-8fe49521-1d0a-11ec-b063-d8c4975e38aa-1-_jpg.rf.uAEgvah283uYybINRTxw.jpg,0,0,0,0,0,1
musa-acuminata-unripe-54b15dbb-2653-11ec-9820-d8c4975e38aa---Copy_jpg.rf.hJX2kGtYIATXWv7m9hhE.jpg,0,0,0,0,0,1
musa-acuminata-unripe-81545fc7-1d0a-11ec-9d46-d8c4975e38aa-1-_jpg.rf.hEqRLwvCaLkQQ6fiyN3n.jpg,0,0,0,0,1,1
musa-acuminata-unripe-552d4db9-2653-11ec-8404-d8c4975e38aa---Copy_jpg.rf.hevJSZGBBE7MTQbc3N3W.jpg,0,0,0,0,1,1
musa-acuminata-rotten-a2f374e1-1d0a-11ec-b06f-d8c4975e38aa_jpg.rf.hL0i2Ol7iQDteMiF4KYu.jpg,0,0,0,0,1,0
musa-acuminata-banana-f0e26b87-394a-11ec-892e-d8c4975e38aa_jpg.rf.hoiCy0vpexpRyXTa4RC3.jpg,1,0,0,1,0,0
musa-acuminata-overripe-75665408-2653-11ec-ab45-d8c4975e38aa_jpg.rf.hdtRHpZpJixf1SppjuQ6.jpg,0,0,1,0,1,0
musa-acuminata-mold-e57606c0-1d0a-11ec-80f1-d8c4975e38aa_jpg.rf.hlFJtfmn8AgwukWHWpwH.jpg,0,0,1,0,1,0
musa-acuminata-banana-e7434565-394a-11ec-864e-d8c4975e38aa_jpg.rf.haJTCWHPsTwcMGWhVyqG.jpg,0,0,0,1,0,0
musa-acuminata-banana-dc68db96-394a-11ec-9b87-d8c4975e38aa_jpg.rf.usdbyICPDEfZCARrexwR.jpg,0,0,0,1,0,0
musa-acuminata-banana-ee417cd6-394a-11ec-9e4c-d8c4975e38aa_jpg.rf.hpQSdEz1GwLPwf3Zh9dF.jpg,0,0,0,1,0,0
musa-acuminata-banana-e6f6d075-394a-11ec-b82a-d8c4975e38aa_jpg.rf.vbawG4uebmK7Ml0ZK4uv.jpg,0,0,0,1,0,0
musa-acuminata-rotten-bea7bfb5-1d0a-11ec-9b3c-d8c4975e38aa_jpg.rf.tRl40QXHxrB53zTzkNEa.jpg,0,0,0,0,1,0
musa-acuminata-freshunripe-229a8ffe-2653-11ec-af80-d8c4975e38aa_jpg.rf.urog0t0EqAgngQm9fA7j.jpg,0,1,0,0,0,0
musa-acuminata-banana-d84b3300-4037-11ec-8086-94b86d66fd1d_jpg.rf.uPQvtxMlir2kq3eqlK8I.jpg,1,0,0,0,0,0
musa-acuminata-banana-8a2f5e14-394a-11ec-b0eb-d8c4975e38aa_jpg.rf.uG1dlkq1FZSNru6lzQvY.jpg,0,0,0,0,1,0
musa-acuminata-freshripe-7ac7a675-1d0a-11ec-acf4-d8c4975e38aa_jpg.rf.wdbp2z4XbncfwOViSaGA.jpg,1,0,0,0,0,0
musa-acuminata-ripe-6d51837c-2653-11ec-8e5a-d8c4975e38aa_jpg.rf.wetfaOs6xfy2RdAycHaT.jpg,0,0,0,1,0,0
musa-acuminata-banana-af60c21e-394a-11ec-b7cb-d8c4975e38aa_jpg.rf.wgqZgd4ooEvKiqqLnNTH.jpg,1,0,0,1,0,0
musa-acuminata-banana-9f36b5ea-394a-11ec-b5ef-d8c4975e38aa_jpg.rf.vfOBtAATQz3qcNDCe3Fd.jpg,0,0,0,0,1,0
musa-acuminata-rotten-b0bb611f-1d0a-11ec-b860-d8c4975e38aa_jpg.rf.uylXQUWNkzfwcizDcjdg.jpg,0,0,0,0,1,0
musa-acuminata-ripe-92360f8d-1d0a-11ec-a026-d8c4975e38aa_jpg.rf.vopMe71Lc8ONBRqaFNAc.jpg,0,0,0,1,0,0
musa-acuminata-overripe-7c3e63bd-2653-11ec-9dae-d8c4975e38aa_jpg.rf.vmbtXQH0vL3FTdwNJ8MO.jpg,0,0,1,0,1,0
musa-acuminata-unripe-80ab2698-1d0a-11ec-8457-d8c4975e38aa_jpg.rf.w9WP1hrI1QRebVONJZnh.jpg,0,0,0,0,1,1
musa-acuminata-unripe-80b71159-1d0a-11ec-9abf-d8c4975e38aa-1-_jpg.rf.wboPfcTg2tQ28GAgLaBI.jpg,0,0,0,0,0,1
musa-acuminata-mold-e2801b5c-1d0a-11ec-9569-d8c4975e38aa_jpg.rf.w2mxi8BYcQAOHRKndEky.jpg,0,0,1,0,1,0
musa-acuminata-ripe-93cb3cce-1d0a-11ec-b4e1-d8c4975e38aa_jpg.rf.w4N97Vr1vkcAnnoTHuA9.jpg,0,0,0,1,0,0
musa-acuminata-mold-e65f9a27-1d0a-11ec-912a-d8c4975e38aa_jpg.rf.w0evLUYQVWIF1wLqQ2V2.jpg,0,0,1,0,0,0
musa-acuminata-rotten-89925d98-2653-11ec-a807-d8c4975e38aa_jpg.rf.xRlRyT0WL6Yv8wfBHNxl.jpg,0,0,0,0,1,0
musa-acuminata-rotten-81172725-2653-11ec-bcb9-d8c4975e38aa_jpg.rf.xfTuKgYawAlPxzgckFK7.jpg,0,0,0,0,1,0
musa-acuminata-overripe-a1c723c3-1d0a-11ec-9425-d8c4975e38aa_jpg.rf.xh0cKutUx4qou7wRSW9A.jpg,0,0,1,0,0,0
musa-acuminata-banana-e8d645a6-394a-11ec-9c36-d8c4975e38aa_jpg.rf.tCDlduScGDnypP9OgGHx.jpg,0,0,0,1,0,0
musa-acuminata-ripe-94f2c81b-1d0a-11ec-a57f-d8c4975e38aa_jpg.rf.trdSMsPNtwEPZmo8OtwE.jpg,0,0,0,1,0,0
musa-acuminata-overripe-7e5c031f-2653-11ec-835d-d8c4975e38aa_jpg.rf.wyUuA0RC9yFmHIpAb00I.jpg,0,0,1,0,0,0
musa-acuminata-overripe-9bfca672-1d0a-11ec-92d4-d8c4975e38aa_jpg.rf.xF1QTGWJ0XSLQLZWTi1p.jpg,0,0,1,0,0,0
musa-acuminata-banana-fb7ecac6-394a-11ec-ace3-d8c4975e38aa_jpg.rf.wy1F2Wx0TfDoXrJNDkcS.jpg,0,0,0,1,0,0
musa-acuminata-unripe-86ed5aba-1d0a-11ec-a031-d8c4975e38aa-1-_jpg.rf.b5kYpacRsWVrxppguIR0.jpg,0,0,0,0,1,1
musa-acuminata-banana-84ce4f0b-394a-11ec-be06-d8c4975e38aa_jpg.rf.bEI693mZ9ruzPBjYQUdH.jpg,0,0,1,0,0,0
musa-acuminata-freshripe-498a0724-2653-11ec-8e68-d8c4975e38aa_jpg.rf.bRJxjKGimXxZ7AOW7uPn.jpg,1,0,0,0,0,0
musa-acuminata-overripe-a1571fb4-1d0a-11ec-a3b7-d8c4975e38aa_jpg.rf.t6Us5uypVWFGBz5NlyNe.jpg,0,0,1,0,1,0
musa-acuminata-banana-b60fa9f9-4037-11ec-8737-94b86d66fd1d_jpg.rf.xNDWqDZz79SCK1QI2qVu.jpg,0,1,0,0,0,0
musa-acuminata-rotten-a83f9e9c-1d0a-11ec-a690-d8c4975e38aa_jpg.rf.xq9eVF6bnPJvwPEIE3bs.jpg,0,0,0,0,1,0
musa-acuminata-banana-ea0375cc-394a-11ec-a0aa-d8c4975e38aa_jpg.rf.y8foRKi5OLhMSbqjs12i.jpg,1,0,0,1,0,0
musa-acuminata-overripe-7e3fd1f4-2653-11ec-a42a-d8c4975e38aa_jpg.rf.sZIj32BP264I2QM6dxYs.jpg,0,0,1,0,0,0
musa-acuminata-rotten-8938a344-2653-11ec-a2fc-d8c4975e38aa_jpg.rf.b2Rremomn3RHuAkXmJa5.jpg,0,0,0,0,1,0
musa-acuminata-freshunripe-6f2f501d-1d0a-11ec-84a3-d8c4975e38aa_jpg.rf.aKKMm2PdXfUBJa5FrtAE.jpg,0,1,0,0,0,0
musa-acuminata-ripe-70d6725f-2653-11ec-bab3-d8c4975e38aa_jpg.rf.aWCGBIRmOv4QkQ7Z8KDy.jpg,0,0,0,0,1,0
musa-acuminata-banana-87d96d4a-394a-11ec-91dd-d8c4975e38aa_jpg.rf.y48Q800Z6Wk867wc8Aoq.jpg,0,0,1,0,1,0
musa-acuminata-banana-e07dbc41-394a-11ec-81bc-d8c4975e38aa_jpg.rf.afqUQjQsO38GGiTyFXwd.jpg,0,0,0,1,0,0
musa-acuminata-banana-d82a9233-4037-11ec-bc6a-94b86d66fd1d_jpg.rf.alfI8aUbrSMpNR7DWnoH.jpg,1,0,0,0,0,0
musa-acuminata-banana-e77b0753-394a-11ec-a9ed-d8c4975e38aa_jpg.rf.y6JV3cT91EvnY9E6VvGv.jpg,0,0,0,1,0,0
musa-acuminata-unripe-8413f10c-1d0a-11ec-b9e0-d8c4975e38aa-1-_jpg.rf.cDgP1jVgm4gNM9AxMcgk.jpg,0,0,0,0,1,1
musa-acuminata-freshunripe-359fe444-2653-11ec-832c-d8c4975e38aa_jpg.rf.cKhZ4Yxn6JJuIyEuqkXW.jpg,0,1,0,0,0,0
musa-acuminata-rotten-a2457610-1d0a-11ec-88d7-d8c4975e38aa_jpg.rf.cMpIPXNYK2tempgmyc1c.jpg,0,0,0,0,1,0
musa-acuminata-freshunripe-2548fcdf-2653-11ec-bf11-d8c4975e38aa_jpg.rf.cO84naePt7Cd73MDLJPm.jpg,0,1,0,0,0,0
musa-acuminata-rotten-b2fe2bf1-1d0a-11ec-9487-d8c4975e38aa_jpg.rf.t9A1uWNXc339cRmzPi0g.jpg,0,0,0,0,1,0
musa-acuminata-unripe-8c75196d-1d0a-11ec-bb8c-d8c4975e38aa-1-_jpg.rf.cPmzJR0RZPPFbEyBBh8n.jpg,0,0,0,0,0,1
musa-acuminata-banana-00170b49-394b-11ec-a3cf-d8c4975e38aa_jpg.rf.CKvMdfgfCt9S8lunm49I.jpg,0,0,0,1,0,0
musa-acuminata-ripe-6cdcb9f3-2653-11ec-aab5-d8c4975e38aa_jpg.rf.ce7UCagrAaOEGegerD9x.jpg,0,0,0,1,0,0
musa-acuminata-freshunripe-68091cc7-1d0a-11ec-9fb7-d8c4975e38aa_jpg.rf.dfNDrIj0iEFNRjl2JOk8.jpg,0,1,0,0,0,0
musa-acuminata-freshunripe-63e1ea35-1d0a-11ec-9adc-d8c4975e38aa_jpg.rf.dlBxnyUeejjzOQhiFlys.jpg,0,1,0,0,0,0
musa-acuminata-banana-9b5337fe-394a-11ec-92f2-d8c4975e38aa_jpg.rf.dwQJJGN3fMikpE886xtl.jpg,0,0,0,0,1,0
musa-acuminata-banana-c3e71fa1-394a-11ec-bcb3-d8c4975e38aa_jpg.rf.bMBRDXhQevCcIQKfOFVw.jpg,0,0,0,1,0,0
musa-acuminata-unripe-5f9d1e45-2653-11ec-b964-d8c4975e38aa---Copy_jpg.rf.c2sY7Xsp3daqCRYD6CyS.jpg,0,0,0,0,0,1
musa-acuminata-banana-ccc2a3f6-4037-11ec-aa94-94b86d66fd1d_jpg.rf.bm4K6tozcp4PBvst1t5g.jpg,0,0,0,1,0,0
musa-acuminata-unripe-5c21b827-2653-11ec-91b2-d8c4975e38aa---Copy_jpg.rf.bbj9wGuOXaXrKAyJgXff.jpg,0,0,0,0,1,1
musa-acuminata-freshripe-77c6fb90-1d0a-11ec-967c-d8c4975e38aa_jpg.rf.eARK7gGpsy4RKTEsHynH.jpg,1,0,0,0,0,0
musa-acuminata-unripe-5fb02f80-2653-11ec-bcaa-d8c4975e38aa---Copy_jpg.rf.eB6ezqR0PuyGAQpPpz2n.jpg,0,0,0,0,0,1
musa-acuminata-banana-b17ec5a6-394a-11ec-a63e-d8c4975e38aa_jpg.rf.DZASrcKnO9DOaS5DRyCS.jpg,1,0,0,0,0,0
musa-acuminata-ripe-940934cb-1d0a-11ec-abbb-d8c4975e38aa_jpg.rf.DmbinHJpcymC4QSvdeb7.jpg,0,0,0,1,0,0
musa-acuminata-freshripe-46a266a5-2653-11ec-88cb-d8c4975e38aa_jpg.rf.E3Cv3NFCx4xD73Ag9eux.jpg,1,0,0,0,0,0
musa-acuminata-banana-b0b0abaa-394a-11ec-ab0a-d8c4975e38aa_jpg.rf.EDDVz9pAYdz79q5Awyfk.jpg,1,0,0,0,0,0
musa-acuminata-freshunripe-6d94ca21-1d0a-11ec-be1b-d8c4975e38aa_jpg.rf.bbPF5TaPtp12GsYCq8oT.jpg,0,1,0,0,0,0
musa-acuminata-freshripe-79da0614-1d0a-11ec-af9a-d8c4975e38aa_jpg.rf.dqEWFAKKs4KsmW7dT0a9.jpg,1,0,0,0,0,0
musa-acuminata-banana-c649e2db-394a-11ec-b214-d8c4975e38aa_jpg.rf.dpLeABoJzuPb5Q1RjKpG.jpg,0,0,0,1,0,0
musa-acuminata-freshunripe-295ced10-2653-11ec-ad10-d8c4975e38aa_jpg.rf.cqtMdyTKDQ1sMTUBCGmv.jpg,0,1,0,0,0,0
musa-acuminata-banana-ae4f33f5-394a-11ec-acf0-d8c4975e38aa_jpg.rf.e0tYcQuVp4GUcYIK4B0L.jpg,0,0,0,1,0,0
musa-acuminata-mold-e65d3a4b-1d0a-11ec-bd3e-d8c4975e38aa_jpg.rf.e23hKWdjOhnIhewdV2mE.jpg,0,0,1,0,0,0
musa-acuminata-freshunripe-2edfeb7e-2653-11ec-b6fb-d8c4975e38aa_jpg.rf.e1KtU5x0vNrlZkDl0NmK.jpg,0,1,0,0,0,0
musa-acuminata-unripe-8d5c4a84-1d0a-11ec-bd8a-d8c4975e38aa-1-_jpg.rf.Fd7baMfc5TEapc6fNMRw.jpg,0,0,0,0,0,1
musa-acuminata-ripe-93861e2b-1d0a-11ec-a9ad-d8c4975e38aa_jpg.rf.FewZH8q0HMPMAumzOEAU.jpg,0,0,0,1,0,0
musa-acuminata-unripe-5b0d3e23-2653-11ec-864c-d8c4975e38aa---Copy_jpg.rf.FoOdcx2Jl9JuDZDCySfZ.jpg,0,0,0,0,1,1
musa-acuminata-banana-cc43d2ae-394a-11ec-9140-d8c4975e38aa_jpg.rf.G2a92YNmayfgs0hd490w.jpg,1,0,0,0,0,0
musa-acuminata-freshunripe-389f5a2c-2653-11ec-8c1f-d8c4975e38aa_jpg.rf.GDw1hwB1Mgt8tAt0WUN8.jpg,0,1,0,0,0,0
musa-acuminata-banana-ffce4f34-394a-11ec-a0e8-d8c4975e38aa_jpg.rf.GWQi1QGzQjl2sCWhUZAN.jpg,1,0,0,1,0,0
musa-acuminata-freshunripe-709f88e6-1d0a-11ec-bfdf-d8c4975e38aa_jpg.rf.EDNLFXoR60vVW0RC5DXl.jpg,0,1,0,0,0,0
musa-acuminata-banana-c7205ea6-394a-11ec-8b99-d8c4975e38aa_jpg.rf.DWXxkt1ks0XY21idUsN7.jpg,1,0,0,0,0,0
musa-acuminata-rotten-bfc85b5b-1d0a-11ec-8215-d8c4975e38aa_jpg.rf.EbEdtxNQUe88UVUjkNKO.jpg,0,0,0,0,1,0
musa-acuminata-freshunripe-2bcb0126-2653-11ec-bed3-d8c4975e38aa_jpg.rf.Ee3vSVjBOlFk3XcYZf4i.jpg,0,1,0,0,0,0
musa-acuminata-banana-837b8d55-394a-11ec-bcf0-d8c4975e38aa_jpg.rf.EeuqlFdTVz7t0O2uPbdn.jpg,0,0,1,0,0,0
musa-acuminata-ripe-72a998da-2653-11ec-ac50-d8c4975e38aa_jpg.rf.EbLAMdNigEf4NPUuNOKf.jpg,0,0,0,0,1,0
musa-acuminata-unripe-841b19b9-1d0a-11ec-8f03-d8c4975e38aa-1-_jpg.rf.F9c8sJuZwxHeVSuL1zux.jpg,0,0,0,0,1,1
musa-acuminata-unripe-8b845fb8-1d0a-11ec-8421-d8c4975e38aa-1-_jpg.rf.F58gwZnrQFnRO0mKvuLz.jpg,0,0,0,0,0,1
musa-acuminata-rotten-ac85fcb4-1d0a-11ec-91a9-d8c4975e38aa_jpg.rf.HQpWNnugOiqtouJasM1N.jpg,0,0,0,0,1,0
musa-acuminata-banana-9be9f584-394a-11ec-bb23-d8c4975e38aa_jpg.rf.HZ71m8ABb8Cj7h86XlsY.jpg,0,0,0,0,1,0
musa-acuminata-ripe-6b3ba095-2653-11ec-8840-d8c4975e38aa_jpg.rf.HZcCiS3z9H1W6SndTtao.jpg,0,0,0,1,0,0
musa-acuminata-ripe-9412bd5f-1d0a-11ec-9f9d-d8c4975e38aa_jpg.rf.HdlHMTAklX3flMb3ppWO.jpg,0,0,0,1,0,0
musa-acuminata-overripe-9fbac956-1d0a-11ec-a490-d8c4975e38aa_jpg.rf.PZvA4FR4cPHO24E8jvPm.jpg,0,0,1,0,0,0
musa-acuminata-banana-9af5002c-394a-11ec-a72c-d8c4975e38aa_jpg.rf.Q2Y2CknTaXI0jOyv4vPB.jpg,0,0,0,0,1,0
musa-acuminata-banana-9e08c85f-4037-11ec-b84d-94b86d66fd1d_jpg.rf.Q3kSqhDjmSCiBKyLLAzV.jpg,0,0,0,1,0,0
musa-acuminata-freshunripe-68817869-1d0a-11ec-a794-d8c4975e38aa_jpg.rf.QAW1i4DkETvk2jushmD3.jpg,0,1,0,0,0,0
musa-acuminata-rotten-a8446409-1d0a-11ec-823e-d8c4975e38aa_jpg.rf.QCkPk3Ff70HJzStGVJEF.jpg,0,0,0,0,1,0
musa-acuminata-banana-eb3bb0f2-394a-11ec-ac23-d8c4975e38aa_jpg.rf.QDUkVLEJbXXARQLeHJo4.jpg,1,0,0,1,0,0
musa-acuminata-mold-e41547ad-1d0a-11ec-8ca3-d8c4975e38aa_jpg.rf.FLMOheIhF2YEL7d1yEIn.jpg,0,0,1,0,0,0
musa-acuminata-banana-88f5fcba-394a-11ec-b854-d8c4975e38aa_jpg.rf.tMnJ6aXM8k7wQCpw7dv7.jpg,0,0,1,0,1,0
musa-acuminata-unripe-622ef13e-2653-11ec-8c93-d8c4975e38aa---Copy_jpg.rf.GoI4y5i79mODtNyuIGWA.jpg,0,0,0,0,0,1
musa-acuminata-rotten-84a7dd48-2653-11ec-a81b-d8c4975e38aa_jpg.rf.GXd0nuEJyrJAajYq5e10.jpg,0,0,0,0,1,0
musa-acuminata-ripe-6e89bdc9-2653-11ec-8f97-d8c4975e38aa_jpg.rf.HBcrtMCOZmVjZ1KtXxBW.jpg,0,0,0,1,1,0
musa-acuminata-freshripe-7b665acc-1d0a-11ec-b4b9-d8c4975e38aa_jpg.rf.GZ6PDPrgzqOLLpgurLME.jpg,1,0,0,0,0,0
musa-acuminata-banana-c3bb2ada-394a-11ec-84f4-d8c4975e38aa_jpg.rf.tv8UP8TgUgBgV3F1Gmoj.jpg,0,0,0,1,0,0
musa-acuminata-freshunripe-260083fb-2653-11ec-b741-d8c4975e38aa_jpg.rf.GmWoWQLU8TZZaIdyBwnJ.jpg,0,1,0,0,0,0
musa-acuminata-rotten-833ec2be-2653-11ec-b2ed-d8c4975e38aa_jpg.rf.GoW4bNHfmLEFfO2AnHYE.jpg,0,0,0,0,1,0
musa-acuminata-banana-a1f418dc-394a-11ec-ae14-d8c4975e38aa_jpg.rf.HFPPYHDO7jMxumAtKG26.jpg,0,0,0,1,0,0
musa-acuminata-overripe-805125c3-2653-11ec-af90-d8c4975e38aa_jpg.rf.Qj481Mt2BcXzIZUXJaiB.jpg,0,0,1,0,0,0
musa-acuminata-ripe-6c3f6b87-2653-11ec-b34b-d8c4975e38aa_jpg.rf.QzsPXR0dBoRvL7dwV6Fj.jpg,0,0,0,1,0,0
musa-acuminata-freshunripe-26d4a2b6-2653-11ec-a394-d8c4975e38aa_jpg.rf.R1JEnCtGGQDJqxj0pKYk.jpg,0,1,0,0,0,0
musa-acuminata-banana-8571855b-394a-11ec-a644-d8c4975e38aa_jpg.rf.R9xkvBScXL9fbJHIk0ek.jpg,0,0,0,1,1,0
musa-acuminata-rotten-87d65d48-2653-11ec-839b-d8c4975e38aa_jpg.rf.RI714WSFSITxdv5cdlmv.jpg,0,0,0,0,1,0
musa-acuminata-overripe-7f276a0c-2653-11ec-86d1-d8c4975e38aa_jpg.rf.RJuR9L3CdAdbT33AlEqf.jpg,0,0,1,0,0,0
musa-acuminata-overripe-7f3f3c53-2653-11ec-802f-d8c4975e38aa_jpg.rf.RWLvQFotTOXDaUXrrN9E.jpg,0,0,1,0,0,0
musa-acuminata-banana-b19fe9ea-394a-11ec-abf4-d8c4975e38aa_jpg.rf.RWfvKH9CA8nuoCNUkzh1.jpg,1,0,0,0,0,0
musa-acuminata-banana-f333edcb-394a-11ec-b345-d8c4975e38aa_jpg.rf.Ruq7IBkWyWzxFWu98dpe.jpg,0,0,0,1,0,0
musa-acuminata-freshripe-4493aa2c-2653-11ec-b29a-d8c4975e38aa_jpg.rf.Rx4rdmAXgszskdeCPDob.jpg,1,0,0,0,0,0
musa-acuminata-banana-c44100ef-394a-11ec-baaa-d8c4975e38aa_jpg.rf.S9XTWDxqlj1zx0ZF2j24.jpg,0,0,0,1,0,0
musa-acuminata-banana-b3a36ad4-4037-11ec-a392-94b86d66fd1d_jpg.rf.SFAXgzLJX5MAeftHxzhK.jpg,0,1,0,0,0,1
musa-acuminata-rotten-8ce22899-2653-11ec-852a-d8c4975e38aa_jpg.rf.CSH98BDcQaoHF4My4u0t.jpg,0,0,0,0,1,0
musa-acuminata-banana-b6f8e0e7-394a-11ec-904c-d8c4975e38aa_jpg.rf.SfTBblRsgjOcTOKlyUKV.jpg,0,0,0,1,0,0
musa-acuminata-mold-e3222bab-1d0a-11ec-abf2-d8c4975e38aa_jpg.rf.QS6dWeZFJiOxOoVQCOoI.jpg,0,0,1,0,1,0
musa-acuminata-freshunripe-68831c20-1d0a-11ec-a413-d8c4975e38aa_jpg.rf.QaIyr5Mc1q9i6okkg4fo.jpg,0,1,0,0,0,0
musa-acuminata-ripe-6f924d69-2653-11ec-8f71-d8c4975e38aa_jpg.rf.QcRIzwLq49ASeB1dE1EP.jpg,0,0,0,1,1,0
musa-acuminata-rotten-ab718298-1d0a-11ec-98f2-d8c4975e38aa_jpg.rf.QSRY8zYOITqkiQcKAQWS.jpg,0,0,0,0,1,0
musa-acuminata-banana-c4eb7a28-394a-11ec-9326-d8c4975e38aa_jpg.rf.X08PbJWto9zyy47ngT1K.jpg,0,0,0,1,0,0
musa-acuminata-freshunripe-38fc4e72-2653-11ec-b1d3-d8c4975e38aa_jpg.rf.X27dohtXThDBTpJOyDh3.jpg,0,1,0,0,0,0
musa-acuminata-unripe-865731eb-1d0a-11ec-a349-d8c4975e38aa-1-_jpg.rf.X3bAsXGWLlaghiIkHYyy.jpg,0,0,0,0,0,1
musa-acuminata-freshunripe-6534efc8-1d0a-11ec-98c0-d8c4975e38aa_jpg.rf.X5ZGkytR3fT8cS9s2Q7n.jpg,0,1,0,0,0,0
musa-acuminata-ripe-930c902a-1d0a-11ec-8cdb-d8c4975e38aa_jpg.rf.XH1ZOwqUOL2a4GhATnoN.jpg,0,0,0,1,0,0
musa-acuminata-banana-c6649268-394a-11ec-8e37-d8c4975e38aa_jpg.rf.XM5i67sbyRjqnCFb3aSZ.jpg,0,0,0,1,0,0
musa-acuminata-mold-e6076cb6-1d0a-11ec-879d-d8c4975e38aa_jpg.rf.XUioNLRAryDiiIeYNlDu.jpg,0,0,1,0,0,0
musa-acuminata-ripe-6b5f60db-2653-11ec-98af-d8c4975e38aa_jpg.rf.SoFQ2DpxuOi88zKsuMOo.jpg,0,0,0,1,0,0
musa-acuminata-overripe-76ed3418-2653-11ec-8f9b-d8c4975e38aa_jpg.rf.SoRgdaMQA0PTHbhNyPI0.jpg,0,0,1,0,1,0
musa-acuminata-mold-e34127c9-1d0a-11ec-af5f-d8c4975e38aa_jpg.rf.TAF6E3K7FE2vP6arDDoI.jpg,0,0,1,0,0,0
musa-acuminata-banana-96bb7574-394a-11ec-89bf-d8c4975e38aa_jpg.rf.TZyfaT24O1OuL1mA2haV.jpg,0,0,1,0,1,0
musa-acuminata-banana-cb29104c-4037-11ec-9387-94b86d66fd1d_jpg.rf.TQz1cQUWYkpwbELc6fK1.jpg,1,0,0,1,0,0
musa-acuminata-ripe-951db010-1d0a-11ec-b77d-d8c4975e38aa_jpg.rf.TDgs24kfKe1w8YWC9Anp.jpg,0,0,0,1,0,0
musa-acuminata-banana-ac31a8da-394a-11ec-bb43-d8c4975e38aa_jpg.rf.YNZaDsSTvGe2tiBNmaZ8.jpg,0,0,1,1,0,0
musa-acuminata-overripe-9d47f49e-1d0a-11ec-9760-d8c4975e38aa_jpg.rf.YeS95mIlgQb14SlvxfnG.jpg,0,0,1,0,0,0
musa-acuminata-banana-ab75ae53-394a-11ec-a6ab-d8c4975e38aa_jpg.rf.YeVWHEUsv2Wrk28zHBO5.jpg,0,0,1,1,0,0
musa-acuminata-banana-c6a1a80f-394a-11ec-ae7a-d8c4975e38aa_jpg.rf.YyUzoYe9mdkYqgaJZ0Yi.jpg,1,0,0,0,0,0
musa-acuminata-banana-a0fc9372-394a-11ec-be1b-d8c4975e38aa_jpg.rf.Z2ggcSK4wHPhtyRboEpE.jpg,0,0,1,0,0,0
musa-acuminata-rotten-8f1c6356-2653-11ec-b9a7-d8c4975e38aa_jpg.rf.ZCfOtSPggGnAyHbcl3PF.jpg,0,0,0,0,1,0
musa-acuminata-banana-8502e761-394a-11ec-bb7c-d8c4975e38aa_jpg.rf.ZSAvhI0f83X7n60jvW8D.jpg,0,0,1,0,1,0
musa-acuminata-overripe-80a83783-2653-11ec-95af-d8c4975e38aa_jpg.rf.ZdnGRaQjOwEvaoEcg4PS.jpg,0,0,1,0,1,0
musa-acuminata-ripe-94047073-1d0a-11ec-b233-d8c4975e38aa_jpg.rf.ZqRM6L8Xe7MgrCv05O0c.jpg,0,0,0,1,0,0
musa-acuminata-overripe-a082fe74-1d0a-11ec-9dfb-d8c4975e38aa_jpg.rf.aCP5IIc16LLdEOIPlkvY.jpg,0,0,1,0,1,0
musa-acuminata-freshripe-497bba2a-2653-11ec-8044-d8c4975e38aa_jpg.rf.XbSlyP3MCx8QtcyxPGTG.jpg,1,0,0,0,0,0
musa-acuminata-banana-acfdd175-394a-11ec-9c28-d8c4975e38aa_jpg.rf.Y7H84LkOdk752XVe6RpR.jpg,0,0,1,0,1,0
musa-acuminata-rotten-87043990-2653-11ec-aa07-d8c4975e38aa_jpg.rf.Y28x1pSLoPeEo5xRRMKf.jpg,0,0,0,0,1,0
musa-acuminata-banana-97f87d7b-4037-11ec-969e-94b86d66fd1d_jpg.rf.TBY3duRmuGwKQHgy0EBK.jpg,0,0,0,1,0,0
musa-acuminata-banana-8fc26bac-394a-11ec-b30c-d8c4975e38aa_jpg.rf.Y5hJmFYISYnOF5r3MI0M.jpg,0,0,0,0,1,0
musa-acuminata-freshripe-45145e8c-2653-11ec-8c3a-d8c4975e38aa_jpg.rf.Xnrnt8p6xbV3xRrSNupT.jpg,1,0,0,0,0,0
musa-acuminata-overripe-9e84f10f-1d0a-11ec-bda9-d8c4975e38aa_jpg.rf.YFmJryXK3a68cRsnBdsv.jpg,0,0,1,0,0,0
musa-acuminata-freshripe-46b0b370-2653-11ec-976d-d8c4975e38aa_jpg.rf.Y6MuiUpHH6KxJ3ByuAJM.jpg,1,0,0,0,0,0
musa-acuminata-unripe-83ced4bd-1d0a-11ec-8d00-d8c4975e38aa-1-_jpg.rf.Y1cvlQAAhDAGyxN7tMXv.jpg,0,0,0,0,0,1
musa-acuminata-mold-e30a586e-1d0a-11ec-beee-d8c4975e38aa_jpg.rf.YD6fD2FlzM5AlBqWwlUq.jpg,0,0,1,0,1,0
musa-acuminata-freshunripe-697cfb5a-1d0a-11ec-92fc-d8c4975e38aa_jpg.rf.YJhvDo9W4I4puFHXkWEb.jpg,0,1,0,0,0,0
musa-acuminata-rotten-b0a38949-1d0a-11ec-9db7-d8c4975e38aa_jpg.rf.YLEyuwqbKGYoq7dP6hZx.jpg,0,0,0,0,1,0
musa-acuminata-freshripe-7a3a4eec-1d0a-11ec-99d3-d8c4975e38aa_jpg.rf.WEKjViMnEUmKPtRDmUMX.jpg,1,0,0,0,0,0
musa-acuminata-rotten-b80e978f-1d0a-11ec-b9b7-d8c4975e38aa_jpg.rf.WFiHiUnGhzDfLLuVquBT.jpg,0,0,0,0,1,0
musa-acuminata-rotten-8f0873f5-2653-11ec-9932-d8c4975e38aa_jpg.rf.WhNiHuRw7kKDLe3XPKMe.jpg,0,0,0,0,1,0
musa-acuminata-banana-adf140d2-394a-11ec-8f4a-d8c4975e38aa_jpg.rf.WxaGAHr9pA27e2fSk62o.jpg,0,0,0,1,0,0
musa-acuminata-ripe-924de3ab-1d0a-11ec-b392-d8c4975e38aa_jpg.rf.XRfLKiBqvKFhnM0sP6Xa.jpg,0,0,0,1,0,0
musa-acuminata-ripe-946aed39-1d0a-11ec-95cc-d8c4975e38aa_jpg.rf.XTypL7ANrh2PznZ1mSGn.jpg,0,0,0,1,0,0
musa-acuminata-unripe-55b9ecdb-2653-11ec-9035-d8c4975e38aa---Copy_jpg.rf.XkXIwkdSHAeqT3EflYfo.jpg,0,0,0,0,0,1
musa-acuminata-freshunripe-39acaddc-2653-11ec-bbf3-d8c4975e38aa_jpg.rf.XwGcq7Aa6KEp5SHy53OQ.jpg,0,1,0,0,0,0
musa-acuminata-unripe-82bf53ce-1d0a-11ec-8ab9-d8c4975e38aa-1-_jpg.rf.YAxGSQCNMo9wndxbUmGj.jpg,0,0,0,0,0,1
musa-acuminata-unripe-56789ab0-2653-11ec-9e7a-d8c4975e38aa_jpg.rf.YE1sytkWF80CVy7w8lKD.jpg,0,0,0,0,0,1
musa-acuminata-banana-c541af3c-394a-11ec-a047-d8c4975e38aa_jpg.rf.YPjmUU88PNUnYkUD8X5w.jpg,1,0,0,1,0,0
musa-acuminata-banana-a869a699-394a-11ec-a44d-d8c4975e38aa_jpg.rf.YRfFD73DwxT8R74h4AHz.jpg,0,0,0,0,1,0
musa-acuminata-rotten-bf374572-1d0a-11ec-b70c-d8c4975e38aa_jpg.rf.aCebVH390KFXKOet60BG.jpg,0,0,0,0,1,0
musa-acuminata-freshripe-7e221b06-1d0a-11ec-9322-d8c4975e38aa_jpg.rf.WABd1cM5zHisMOnGJ7Pl.jpg,1,0,0,0,0,0
musa-acuminata-freshripe-7b96c81e-1d0a-11ec-95fa-d8c4975e38aa_jpg.rf.aIqyELOqQvQqVyRg6vGN.jpg,1,0,0,0,0,0
musa-acuminata-freshripe-50cab676-2653-11ec-8806-d8c4975e38aa_jpg.rf.ZMDEyYckXc14VxA3skb6.jpg,1,0,0,0,0,0
musa-acuminata-banana-a54a2460-394a-11ec-bd08-d8c4975e38aa_jpg.rf.ZW8K7C9IFSzlVhrL4tDD.jpg,0,0,1,1,1,0
musa-acuminata-banana-b29549e0-394a-11ec-994c-d8c4975e38aa_jpg.rf.ZXInwXvXXgeEbGG3SOvY.jpg,0,0,0,1,0,0
musa-acuminata-rotten-bc68ab08-1d0a-11ec-bd0d-d8c4975e38aa_jpg.rf.ZYyeuXIJkjpJevoboWmo.jpg,0,0,0,0,1,0
musa-acuminata-ripe-92491f67-1d0a-11ec-a56d-d8c4975e38aa_jpg.rf.ZaoUOHpVjAwvh8pkDTMV.jpg,0,0,0,1,0,0
musa-acuminata-unripe-611f3ba9-2653-11ec-972f-d8c4975e38aa---Copy_jpg.rf.Zp1fAE6O2qKOaEiqCJn8.jpg,0,0,0,0,1,1
musa-acuminata-banana-e69a7e4e-394a-11ec-85c6-d8c4975e38aa_jpg.rf.aEiNckyQBYbgM1v39ztj.jpg,0,0,0,1,0,0
musa-acuminata-overripe-7cae6c83-2653-11ec-b6ae-d8c4975e38aa_jpg.rf.hsgwzjZR62FZxyxYNigk.jpg,0,0,1,0,0,0
musa-acuminata-rotten-88b53ddf-2653-11ec-94ca-d8c4975e38aa_jpg.rf.hwwThADraLr7VogR61hJ.jpg,0,0,0,0,1,0
musa-acuminata-banana-aa8a23fe-394a-11ec-a805-d8c4975e38aa_jpg.rf.i2kzLSBAzKlk9Mvp71SU.jpg,0,0,1,0,1,0
musa-acuminata-banana-aafe1792-394a-11ec-a2a8-d8c4975e38aa_jpg.rf.YQW2nWXdr0sDdYi0rwZA.jpg,0,0,1,0,1,0
musa-acuminata-banana-86c6150c-394a-11ec-9b13-d8c4975e38aa_jpg.rf.YaAmmOe0JCZ4Y6iIHVCh.jpg,0,0,1,0,1,0
musa-acuminata-freshripe-4cc9d76e-2653-11ec-8ae4-d8c4975e38aa_jpg.rf.YSZzYgOuglQGeJ1pfmDM.jpg,1,0,0,0,0,0
musa-acuminata-overripe-7f68f588-2653-11ec-a74e-d8c4975e38aa_jpg.rf.YiuavcwXKxxmi7uI7tyr.jpg,0,0,1,0,0,0
musa-acuminata-banana-c19316e8-4037-11ec-b54c-94b86d66fd1d_jpg.rf.YkkplQIOZndoBLUZ1CSt.jpg,0,0,0,1,0,0
musa-acuminata-freshunripe-70481c25-1d0a-11ec-a9ba-d8c4975e38aa_jpg.rf.Ym8VSbXvM5vlzJWOc6f2.jpg,0,1,0,0,0,0
musa-acuminata-banana-a4c24280-394a-11ec-b0ec-d8c4975e38aa_jpg.rf.YoAVzsftHOkbLpFXbpMS.jpg,0,0,0,1,0,0
musa-acuminata-banana-8ac5df3c-394a-11ec-8adf-d8c4975e38aa_jpg.rf.ZHivM21SFThjesrvl3yu.jpg,0,0,1,0,1,0
musa-acuminata-banana-d7a6aa8f-394a-11ec-ac85-d8c4975e38aa_jpg.rf.YmG22JRD46ogxf7qsBJW.jpg,1,0,0,1,0,0
musa-acuminata-rotten-a4ffcded-1d0a-11ec-a2de-d8c4975e38aa_jpg.rf.YrImRmL1VKtGa9ZTHPGe.jpg,0,0,0,0,1,0
musa-acuminata-ripe-91d6b7c1-1d0a-11ec-a564-d8c4975e38aa_jpg.rf.inp9OKMMuwUJdk7e5tcN.jpg,0,0,0,1,0,0
musa-acuminata-banana-ad7d5ed0-394a-11ec-ab3f-d8c4975e38aa_jpg.rf.itaz1b7oLVt96UO0QRS7.jpg,1,0,0,0,0,0
musa-acuminata-overripe-7efee230-2653-11ec-bccb-d8c4975e38aa_jpg.rf.j2nBWMUpbRvnyvXd61BV.jpg,0,0,1,0,0,0
musa-acuminata-banana-fb2aba64-394a-11ec-a906-d8c4975e38aa_jpg.rf.jKuaq2XLjzPHSxQIAn5O.jpg,1,0,0,1,0,0
musa-acuminata-overripe-7b93b325-2653-11ec-9ec3-d8c4975e38aa_jpg.rf.jRtNRZiRFQNiBDEB22Eb.jpg,0,0,1,0,1,0
musa-acuminata-banana-faa22747-394a-11ec-b038-d8c4975e38aa_jpg.rf.jSYkh2PydPzn4c0FoBXJ.jpg,0,0,0,1,0,0
musa-acuminata-banana-b44defff-4037-11ec-8856-94b86d66fd1d_jpg.rf.jmiOmef5Szj9EZmfHv6T.jpg,0,1,0,0,0,0
musa-acuminata-banana-c87cf748-394a-11ec-a6c5-d8c4975e38aa_jpg.rf.jrYeD7bt5IQ99A530DPs.jpg,1,0,0,0,0,0
musa-acuminata-banana-89eb00e0-394a-11ec-9ace-d8c4975e38aa_jpg.rf.k3VpNaoCtV0hYn3UFHBT.jpg,0,0,0,0,1,0
musa-acuminata-rotten-a20ea470-1d0a-11ec-8479-d8c4975e38aa_jpg.rf.kG0MHhmg5KIzforM6TGL.jpg,0,0,0,0,1,0
musa-acuminata-rotten-a65bc8b3-1d0a-11ec-a8ff-d8c4975e38aa_jpg.rf.kldkMJGjPOp2FNbN4NCK.jpg,0,0,0,0,1,0
musa-acuminata-mold-e4d65653-1d0a-11ec-9043-d8c4975e38aa_jpg.rf.i9Ldp2B55EshnPXb5rjL.jpg,0,0,1,0,1,0
musa-acuminata-freshunripe-64afbe81-1d0a-11ec-b806-d8c4975e38aa_jpg.rf.iOMpB5PHKoyYFn9GCeHx.jpg,0,1,0,0,0,0
musa-acuminata-ripe-940934ca-1d0a-11ec-b29d-d8c4975e38aa_jpg.rf.iblTWGYDpVJsM1cXpGes.jpg,0,0,0,1,0,0
musa-acuminata-freshunripe-279cd7cf-2653-11ec-9d8d-d8c4975e38aa_jpg.rf.ind9ctZ5UVaCeFSdizOg.jpg,0,1,0,0,0,0
musa-acuminata-banana-ed9f7ee8-394a-11ec-8998-d8c4975e38aa_jpg.rf.imFekN6iDeh6iTDSzFf5.jpg,1,0,0,0,0,0
musa-acuminata-banana-fc3a6f87-394a-11ec-8f30-d8c4975e38aa_jpg.rf.lVFfqVlimHzd4KEALsh7.jpg,0,0,0,1,0,0
musa-acuminata-freshunripe-6968ad82-1d0a-11ec-9da2-d8c4975e38aa_jpg.rf.lcDFu968YaiarHMq5avI.jpg,0,1,0,0,0,0
musa-acuminata-overripe-7bfe09a3-2653-11ec-9808-d8c4975e38aa_jpg.rf.6XEoIEpBb0XwUAc6ApYe.jpg,0,0,1,0,1,0
musa-acuminata-freshripe-7c82cd67-1d0a-11ec-86f2-d8c4975e38aa_jpg.rf.6ZbJM8lPjktTsWw7RaIY.jpg,1,0,0,0,0,0
musa-acuminata-freshunripe-1fe355e9-2653-11ec-8864-d8c4975e38aa_jpg.rf.6hieU9QHrYG3vkuV1P0d.jpg,0,1,0,0,0,0
musa-acuminata-unripe-5e163cba-2653-11ec-9857-d8c4975e38aa---Copy_jpg.rf.6pJTp2xsPkKcuYUWV4p1.jpg,0,0,0,0,0,1
musa-acuminata-freshunripe-1da3baf7-2653-11ec-b2cd-d8c4975e38aa_jpg.rf.6qfKlRvgd9iFUivlFqcZ.jpg,0,1,0,0,0,0
musa-acuminata-banana-a099f96d-394a-11ec-b722-d8c4975e38aa_jpg.rf.72324VphG7YrNNyp7p2E.jpg,0,0,0,0,1,0
musa-acuminata-ripe-9b3b97c1-1d0a-11ec-8a95-d8c4975e38aa_jpg.rf.76kg2rwBCAUuhvqRsolq.jpg,0,0,0,1,1,0
musa-acuminata-unripe-544ae123-2653-11ec-ae33-d8c4975e38aa---Copy_jpg.rf.7JmZFhOqJEUT9ecyXyd7.jpg,0,0,0,0,0,1
musa-acuminata-ripe-92209bd2-1d0a-11ec-a17d-d8c4975e38aa_jpg.rf.7P75JfOxay4rUEy5Ww3M.jpg,0,0,0,1,0,0
musa-acuminata-banana-cab1baa8-394a-11ec-88c7-d8c4975e38aa_jpg.rf.7YNKDtz1G7ZMGhDmyNgd.jpg,1,0,0,0,0,0
musa-acuminata-freshunripe-321af52a-2653-11ec-aa0b-d8c4975e38aa_jpg.rf.7qiWCnfgdfBHlDcePuEb.jpg,0,1,0,0,0,0
musa-acuminata-mold-e661fe91-1d0a-11ec-b0df-d8c4975e38aa_jpg.rf.7ynjnYnOR36sKEWtHCIJ.jpg,0,0,1,0,0,0
musa-acuminata-banana-ef277266-394a-11ec-aa2b-d8c4975e38aa_jpg.rf.kKWgWRf6vQcuCGy2GPZK.jpg,0,0,0,1,0,0
musa-acuminata-banana-eac745e2-394a-11ec-a741-d8c4975e38aa_jpg.rf.jykVjE2MSfofF8u1iDW2.jpg,0,0,0,1,0,0
musa-acuminata-unripe-61d6c17b-2653-11ec-b2bd-d8c4975e38aa_jpg.rf.kvBdUPaErxJQBCCsWEDf.jpg,0,0,0,0,0,1
musa-acuminata-mold-e2743123-1d0a-11ec-a1ee-d8c4975e38aa_jpg.rf.ktpdmw2a3dVwXnsmTswp.jpg,0,0,1,0,1,0
musa-acuminata-banana-cec82c4e-4037-11ec-98c9-94b86d66fd1d_jpg.rf.kvLP9Rxa0MDZXkAu0wnM.jpg,1,0,0,0,0,0
musa-acuminata-overripe-7e4155f5-2653-11ec-8831-d8c4975e38aa_jpg.rf.kycJFXDwcRqY62rOaWJu.jpg,0,0,1,0,0,0
musa-acuminata-freshripe-447973b3-2653-11ec-aabe-d8c4975e38aa_jpg.rf.lPABBE86tPvSaaWwn2gK.jpg,1,0,0,0,0,0
musa-acuminata-banana-f2115d87-394a-11ec-829a-d8c4975e38aa_jpg.rf.lFZaS1BG3tJhmXBAylmO.jpg,1,0,0,1,0,0
musa-acuminata-unripe-8c267393-1d0a-11ec-aeb9-d8c4975e38aa-1-_jpg.rf.lTjNdWvq6wVzKu9X9OWI.jpg,0,0,0,0,0,1
musa-acuminata-rotten-b1d49d5a-1d0a-11ec-be38-d8c4975e38aa_jpg.rf.8dt1Awb57eYNDAx3yUhN.jpg,0,0,0,0,1,0
musa-acuminata-unripe-81bd3eab-1d0a-11ec-ac5a-d8c4975e38aa-1-_jpg.rf.8qfND9OSzRpqJiI8y7f3.jpg,0,0,0,0,0,1
musa-acuminata-banana-ae39988c-4037-11ec-b90f-94b86d66fd1d_jpg.rf.8yjQREQROcYaCh5571Wf.jpg,0,1,0,0,0,0
musa-acuminata-ripe-6c1222cf-2653-11ec-ac3d-d8c4975e38aa_jpg.rf.8zcu5aCt8U4YwqUxllYY.jpg,0,0,0,1,0,0
musa-acuminata-overripe-9d2dbb9e-1d0a-11ec-bb16-d8c4975e38aa_jpg.rf.9G7ZYz4fdyWUtBEzswUn.jpg,0,0,1,0,0,0
musa-acuminata-banana-a1f075ef-394a-11ec-a397-d8c4975e38aa_jpg.rf.9XBFErTRK5BzjxLe8HBA.jpg,0,0,0,1,0,0
musa-acuminata-unripe-579439ec-2653-11ec-a83d-d8c4975e38aa---Copy_jpg.rf.9Yo8bdghEAnMGsxYYrB0.jpg,0,0,0,0,1,1
musa-acuminata-banana-b2b263e1-394a-11ec-a381-d8c4975e38aa_jpg.rf.9hDVXyeD1lrKvokrSuzc.jpg,0,0,0,1,0,0
musa-acuminata-banana-97433f15-394a-11ec-b818-d8c4975e38aa_jpg.rf.9hvfr84peP1qJfnAYDIt.jpg,0,0,0,1,1,0
musa-acuminata-rotten-b7fe0c30-1d0a-11ec-88ba-d8c4975e38aa_jpg.rf.9wn0DjvonkgmyoXBDFxi.jpg,0,0,0,0,1,0
musa-acuminata-ripe-6f4f924e-2653-11ec-a041-d8c4975e38aa_jpg.rf.9yoTqfciECHTbha72p3A.jpg,0,0,0,1,1,0
musa-acuminata-unripe-618cdeae-2653-11ec-8611-d8c4975e38aa---Copy_jpg.rf.9zHwVYynqNiGtzTawxKx.jpg,0,0,0,0,0,1
musa-acuminata-banana-8a83ac8a-394a-11ec-9247-d8c4975e38aa_jpg.rf.A6RQmfAY8Z2Ma32O6EPk.jpg,0,0,0,0,1,0
musa-acuminata-banana-b025f9f0-394a-11ec-aaee-d8c4975e38aa_jpg.rf.A8ulxv5giM0dhfAnl5D0.jpg,0,0,0,1,0,0
musa-acuminata-banana-af0da43d-394a-11ec-a09d-d8c4975e38aa_jpg.rf.AEUKsYFFAESss1SguD7u.jpg,0,0,0,1,0,0
musa-acuminata-banana-c3ae3ae7-4037-11ec-a882-94b86d66fd1d_jpg.rf.ASwU9ym47H5GLoCg5r0n.jpg,0,0,0,1,0,0
musa-acuminata-freshunripe-1ce06369-2653-11ec-a97b-d8c4975e38aa_jpg.rf.dcI5pb783zYlpZDmEHsX.jpg,0,1,0,0,0,0
musa-acuminata-mold-e57d2d4b-1d0a-11ec-bcaf-d8c4975e38aa_jpg.rf.8Ey0J5WbnmSLiWsZJyWN.jpg,0,0,1,0,1,0
musa-acuminata-banana-ed1a674b-394a-11ec-ac64-d8c4975e38aa_jpg.rf.8TRPXtVygcvyUDSsXa8M.jpg,1,0,0,1,0,0
musa-acuminata-banana-f8b78a79-394a-11ec-b276-d8c4975e38aa_jpg.rf.eqllF1fsgPZkfUDtKJ4X.jpg,0,0,0,1,0,0
musa-acuminata-freshripe-4a418d05-2653-11ec-b578-d8c4975e38aa_jpg.rf.er9uBpgu4HhMQ5NYs9oy.jpg,1,0,0,0,0,0
musa-acuminata-overripe-9c92ce4d-1d0a-11ec-ad13-d8c4975e38aa_jpg.rf.f0TEFxzNLA97RgUkSe6R.jpg,0,0,1,0,0,0
musa-acuminata-banana-a638e98d-394a-11ec-ac98-d8c4975e38aa_jpg.rf.f2qId9mwQVVTfLk3wwyN.jpg,0,0,1,0,1,0
musa-acuminata-ripe-6f9bd5cb-2653-11ec-ad48-d8c4975e38aa_jpg.rf.f3ENOuNwB8WDHBkzB8oY.jpg,0,0,0,1,1,0
musa-acuminata-ripe-99f9d4bc-1d0a-11ec-82f0-d8c4975e38aa_jpg.rf.f568tFg7omnhlyWkplsQ.jpg,0,0,0,1,1,0
musa-acuminata-rotten-b78e9dfe-1d0a-11ec-ae12-d8c4975e38aa_jpg.rf.f6jhSURlvwfLQ3LvK7OF.jpg,0,0,0,0,1,0
musa-acuminata-ripe-932465b5-1d0a-11ec-bf30-d8c4975e38aa_jpg.rf.f8APlCUEcrtvdmCbBL7i.jpg,0,0,0,1,0,0
musa-acuminata-overripe-7fa38f2d-2653-11ec-a8b1-d8c4975e38aa_jpg.rf.f9PCyTjQHRpFZLairT9z.jpg,0,0,1,0,0,0
musa-acuminata-banana-92bb07de-394a-11ec-8207-d8c4975e38aa_jpg.rf.fEK9M0sUZmJfyaslqQNa.jpg,0,0,1,0,0,0
musa-acuminata-freshunripe-6ea61963-1d0a-11ec-978a-d8c4975e38aa_jpg.rf.fPQ4NRTuQPaQ3JaGqYxj.jpg,0,1,0,0,0,0
musa-acuminata-banana-892e5f1d-394a-11ec-8f0a-d8c4975e38aa_jpg.rf.fTRIozDTRiWr51GvXps7.jpg,0,0,0,0,1,0
musa-acuminata-mold-e5da22c7-1d0a-11ec-b840-d8c4975e38aa_jpg.rf.ferN9PNXS6ur4TQDTYb0.jpg,0,0,1,0,0,0
musa-acuminata-rotten-87ca9433-2653-11ec-8602-d8c4975e38aa_jpg.rf.fkP90LtyLrcNqApUqG87.jpg,0,0,0,0,1,0
musa-acuminata-overripe-9f51ea66-1d0a-11ec-bcb0-d8c4975e38aa_jpg.rf.eFG0UHpA8RdhiLz8gKB6.jpg,0,0,1,0,0,0
musa-acuminata-ripe-92b6c27e-1d0a-11ec-a04b-d8c4975e38aa_jpg.rf.dp5ceAalKLHz3XeicahS.jpg,0,0,0,1,0,0
musa-acuminata-ripe-9b36d377-1d0a-11ec-9ce2-d8c4975e38aa_jpg.rf.du3Qk5vNtpCRlQ1brYjE.jpg,0,0,0,1,1,0
musa-acuminata-banana-a4dd3d79-394a-11ec-b1b2-d8c4975e38aa_jpg.rf.empXHuANb9ScTiFvprV3.jpg,0,0,0,1,0,0
musa-acuminata-freshunripe-2c422b7c-2653-11ec-8274-d8c4975e38aa_jpg.rf.eR9uUAxonIgDqDMsB08w.jpg,0,1,0,0,0,0
musa-acuminata-banana-e3afcc76-394a-11ec-9e88-d8c4975e38aa_jpg.rf.eXrKYS4de8FmtuRPY1Lr.jpg,1,0,0,1,0,0
musa-acuminata-freshunripe-2869d11b-2653-11ec-aeb4-d8c4975e38aa_jpg.rf.gGqecYzOkV2cKEq5Tvp9.jpg,0,1,0,0,0,0
musa-acuminata-banana-b876aa0d-4037-11ec-8fd1-94b86d66fd1d_jpg.rf.gIq1kio71F7VCXM2uy83.jpg,0,1,0,0,0,1
musa-acuminata-banana-f20caa98-394a-11ec-a33b-d8c4975e38aa_jpg.rf.hHvgD79vLFKz9yyHNVaG.jpg,1,0,0,1,0,0
musa-acuminata-ripe-9b2fad00-1d0a-11ec-8f05-d8c4975e38aa_jpg.rf.hPhhRNn3gYOsAcVu1L3E.jpg,0,0,0,1,1,0
musa-acuminata-banana-b6910f23-394a-11ec-bab6-d8c4975e38aa_jpg.rf.L8Bks5tBcURjYmfmxyOo.jpg,1,0,0,1,1,0
musa-acuminata-freshunripe-724bb5ca-1d0a-11ec-b1cd-d8c4975e38aa_jpg.rf.LHlIU0AId2145byJnbgE.jpg,0,1,0,0,0,0
musa-acuminata-rotten-ab97a530-1d0a-11ec-82f5-d8c4975e38aa_jpg.rf.LPj2XE3zCyvHlKdNUFoY.jpg,0,0,0,0,1,0
musa-acuminata-ripe-955ba70d-1d0a-11ec-ab3e-d8c4975e38aa_jpg.rf.LWUdGYpYX0kR7ULNPvmC.jpg,0,0,0,1,1,0
musa-acuminata-unripe-840341d3-1d0a-11ec-8e63-d8c4975e38aa-1-_jpg.rf.LYkF1JBnM85Red349uYE.jpg,0,0,0,0,0,1
musa-acuminata-freshunripe-6f937c1e-1d0a-11ec-9f7a-d8c4975e38aa_jpg.rf.LvqeuDVhzhRrA47Xs6Tz.jpg,0,1,0,0,0,0
musa-acuminata-banana-8bb816ab-394a-11ec-9067-d8c4975e38aa_jpg.rf.M4uuhF80mPflPYy9Q71f.jpg,0,0,0,0,1,0
musa-acuminata-banana-f0e10e17-394a-11ec-b237-d8c4975e38aa_jpg.rf.MGt3Zo98p4BOV8Vyk8Ao.jpg,1,0,0,1,0,0
musa-acuminata-banana-eda7ae24-394a-11ec-95e7-d8c4975e38aa_jpg.rf.MjmBiR9OkJhm1aa6Pu32.jpg,1,0,0,0,0,0
musa-acuminata-overripe-80fd209f-2653-11ec-8345-d8c4975e38aa_jpg.rf.MrVS5cQ2ZikLLRTiZXX4.jpg,0,0,1,0,0,0
musa-acuminata-ripe-6d184fa6-2653-11ec-89cb-d8c4975e38aa_jpg.rf.fscAPFg4f6KxQoC67aud.jpg,0,0,0,1,0,0
musa-acuminata-freshunripe-740073b4-1d0a-11ec-bd75-d8c4975e38aa_jpg.rf.g6wnde5fj8hFvtt2KmVO.jpg,0,1,0,0,0,1
musa-acuminata-banana-83048b76-394a-11ec-8772-d8c4975e38aa_jpg.rf.g7OeWBFQ6bX1sdiNokHj.jpg,0,0,1,0,1,0
musa-acuminata-ripe-6f7cd9be-2653-11ec-a138-d8c4975e38aa_jpg.rf.gBQkErsRukftHffKccIy.jpg,0,0,0,1,1,0
musa-acuminata-freshunripe-68c01268-1d0a-11ec-b2f0-d8c4975e38aa_jpg.rf.g77WgoXCrG4yKP9bjwjG.jpg,0,1,0,0,0,0
musa-acuminata-banana-c36c02c4-394a-11ec-8207-d8c4975e38aa_jpg.rf.NN8GZ7Gm6P6We0QBgwF8.jpg,0,0,0,1,0,0
musa-acuminata-rotten-85c39435-2653-11ec-bc6e-d8c4975e38aa_jpg.rf.NVhYTefVc6z6o90otz5O.jpg,0,0,0,0,1,0
musa-acuminata-unripe-608b75e2-2653-11ec-9874-d8c4975e38aa_jpg.rf.NdHkjhJbjzay64CJUHo8.jpg,0,0,0,0,1,0
musa-acuminata-rotten-8e36985b-2653-11ec-aa3b-d8c4975e38aa_jpg.rf.O7znoeWVtgha7qGTUGqj.jpg,0,0,0,0,1,0
musa-acuminata-banana-fab36ea4-394a-11ec-8225-d8c4975e38aa_jpg.rf.OItgv5nggaT0Y5lRN0HG.jpg,0,0,0,1,0,0
musa-acuminata-mold-e27db8e7-1d0a-11ec-ad9e-d8c4975e38aa_jpg.rf.OKzgc0n25MipMxJfiFmh.jpg,0,0,1,0,1,0
musa-acuminata-banana-97e5e64e-394a-11ec-99b0-d8c4975e38aa_jpg.rf.Ob6jk2lwRkiU35HJoJJ4.jpg,0,0,1,0,0,0
musa-acuminata-overripe-9ef759c6-1d0a-11ec-9f10-d8c4975e38aa_jpg.rf.Ocs0UnvoPAgoMW3Jaa4n.jpg,0,0,1,0,0,0
musa-acuminata-banana-e767cb27-394a-11ec-b203-d8c4975e38aa_jpg.rf.OjYPme7pItoNztVqo62s.jpg,0,0,0,1,0,0
musa-acuminata-unripe-62eb3b8e-2653-11ec-b062-d8c4975e38aa---Copy_jpg.rf.Oqb6cAb7b6yPNPh6oLSD.jpg,0,0,0,0,1,0
musa-acuminata-freshunripe-7468da5b-1d0a-11ec-8ade-d8c4975e38aa_jpg.rf.Ou9Bp7CmBz45BFUHf50g.jpg,0,1,0,0,0,0
musa-acuminata-banana-a4d97360-394a-11ec-8d3f-d8c4975e38aa_jpg.rf.PF7ilg8dk9EEpDd1Odft.jpg,0,0,0,1,0,0
musa-acuminata-overripe-80cdcfa6-2653-11ec-9c98-d8c4975e38aa_jpg.rf.Mu6P1OzWqMUDfmgIWC6n.jpg,0,0,1,0,1,0
musa-acuminata-mold-e32bb489-1d0a-11ec-a089-d8c4975e38aa_jpg.rf.LdLDZXyANDsP70kj9fjp.jpg,0,0,1,0,0,0
musa-acuminata-freshripe-7da98ee5-1d0a-11ec-8d91-d8c4975e38aa_jpg.rf.N6Z2pTu3wfK9Y5om4GAR.jpg,1,0,0,0,0,0
musa-acuminata-banana-b2c0c3ee-4037-11ec-9cd3-94b86d66fd1d_jpg.rf.M2P1wvi6moWM4wTrNXp8.jpg,0,1,0,0,0,1
musa-acuminata-banana-89284f01-394a-11ec-8f70-d8c4975e38aa_jpg.rf.NLpl1PyMN2Y3XqsuLjTc.jpg,0,0,0,0,1,0
musa-acuminata-ripe-6e423d27-2653-11ec-afa0-d8c4975e38aa_jpg.rf.NLFc1GtIOBu16S8a58It.jpg,0,0,0,1,1,0
musa-acuminata-freshripe-49d3e9fa-2653-11ec-b1cd-d8c4975e38aa_jpg.rf.1NvPEpwyNl2kGz9jJTeb.jpg,1,0,0,0,0,0
musa-acuminata-banana-84ca5e43-394a-11ec-b1d3-d8c4975e38aa_jpg.rf.1NzxDigY2Jr1xmsdRThg.jpg,0,0,1,0,0,0
musa-acuminata-banana-9592ae52-394a-11ec-a1ea-d8c4975e38aa_jpg.rf.1TfAeoGNt943kWKxVfGH.jpg,0,0,1,0,1,0
musa-acuminata-rotten-a79d8c05-1d0a-11ec-9f6c-d8c4975e38aa_jpg.rf.1ns6Tpe8EchJ6XXjuIFf.jpg,0,0,0,0,1,0
musa-acuminata-unripe-5c07832a-2653-11ec-81c1-d8c4975e38aa---Copy_jpg.rf.1p53HTmXEeNxnPrBSbKv.jpg,0,0,0,0,1,1
musa-acuminata-freshunripe-3a93dee2-2653-11ec-878e-d8c4975e38aa_jpg.rf.1s8YAGtnevCVESQBQNsE.jpg,0,1,0,0,0,0
musa-acuminata-banana-9defa92d-394a-11ec-84e6-d8c4975e38aa_jpg.rf.21WfNeABjK9gDGlW5AA7.jpg,0,0,1,0,1,0
musa-acuminata-banana-a1d41c21-394a-11ec-8d7c-d8c4975e38aa_jpg.rf.2EihIHV6ZRkBG8Xgud7j.jpg,0,0,0,1,0,0
musa-acuminata-banana-aa4628c1-394a-11ec-8e1a-d8c4975e38aa_jpg.rf.PFI4Wbe2hYAbjcdTUSqX.jpg,0,0,1,0,0,0
musa-acuminata-ripe-6eca1823-2653-11ec-87bd-d8c4975e38aa_jpg.rf.0A0TAU4BVn3YnYe8vvPw.jpg,0,0,0,1,1,0
musa-acuminata-ripe-6c2ebc82-2653-11ec-9dec-d8c4975e38aa_jpg.rf.0LIpxyWM5uDDAekVXtDy.jpg,0,0,0,1,0,0
musa-acuminata-freshunripe-7174c19f-1d0a-11ec-8026-d8c4975e38aa_jpg.rf.PaYhOtp7WWCcjZjG26QM.jpg,0,1,0,0,0,0
musa-acuminata-ripe-92b46074-1d0a-11ec-87b2-d8c4975e38aa_jpg.rf.0KehSH2RtKFAnJCRIVtu.jpg,0,0,0,1,0,0
musa-acuminata-banana-9a0ada37-394a-11ec-8fb2-d8c4975e38aa_jpg.rf.0JPlTPMfIN2iYMpp4b4o.jpg,0,0,0,0,1,0
musa-acuminata-unripe-8f82dcb4-1d0a-11ec-b99d-d8c4975e38aa-1-_jpg.rf.1MdyklAQbhkaeoNnAe0b.jpg,0,0,0,0,0,1
musa-acuminata-rotten-85b5931d-2653-11ec-b1ba-d8c4975e38aa_jpg.rf.2Z8CJ6dnr0uLvlJxw3ru.jpg,0,0,0,0,1,0
musa-acuminata-rotten-81481593-2653-11ec-b2b1-d8c4975e38aa_jpg.rf.2cUYd67Nyo5qRag3dCoB.jpg,0,0,0,0,1,0
musa-acuminata-overripe-81035f5f-2653-11ec-a103-d8c4975e38aa_jpg.rf.2f3lQWBKvDHDnTKBvAGZ.jpg,0,0,1,0,0,0
musa-acuminata-freshripe-7d964285-1d0a-11ec-8b7f-d8c4975e38aa_jpg.rf.2hjqv1nlDWCxmuQ4OF3d.jpg,1,0,0,0,0,0
musa-acuminata-rotten-bde93952-1d0a-11ec-8921-d8c4975e38aa_jpg.rf.2p8Dp9e2k7SLWTnCzmCX.jpg,0,0,0,0,1,0
musa-acuminata-banana-c837b2b5-394a-11ec-a8da-d8c4975e38aa_jpg.rf.2sf5O16RoM6lILC4I2cx.jpg,0,0,0,1,0,0
musa-acuminata-freshripe-7c6812cc-1d0a-11ec-9834-d8c4975e38aa_jpg.rf.2Cx3lH2RtXpDaa0UvWsj.jpg,1,0,0,0,0,0
musa-acuminata-freshunripe-767bea5d-1d0a-11ec-ac12-d8c4975e38aa_jpg.rf.2JCRro9jRRb2k0irBnum.jpg,0,1,0,0,0,0
musa-acuminata-rotten-a262116e-1d0a-11ec-9d72-d8c4975e38aa_jpg.rf.2DgSFs2aU1m0525IqAO0.jpg,0,0,0,0,1,0
musa-acuminata-ripe-73fc0aef-2653-11ec-a727-d8c4975e38aa_jpg.rf.1yObMoZ2JuFpPCJOtJKR.jpg,0,0,0,0,1,0
musa-acuminata-rotten-8c0ac8c2-2653-11ec-9d67-d8c4975e38aa_jpg.rf.2IIJx6fGGGJQt34eYKah.jpg,0,0,0,0,1,0
musa-acuminata-rotten-88b79fe1-2653-11ec-addd-d8c4975e38aa_jpg.rf.2AQdIlyduwdePCQxkXyj.jpg,0,0,0,0,1,0
musa-acuminata-ripe-6d02dc4a-2653-11ec-9d4e-d8c4975e38aa_jpg.rf.2L8bf1CNp8KQZIE1ikQI.jpg,0,0,0,1,0,0
musa-acuminata-banana-af95923f-4037-11ec-b922-94b86d66fd1d_jpg.rf.2Lv4Sqs8QOMQHbD6k2dO.jpg,0,1,0,0,0,1
musa-acuminata-freshripe-45525695-2653-11ec-847f-d8c4975e38aa_jpg.rf.2Qg7qOUoY5webnAApKnF.jpg,1,0,0,0,0,0
musa-acuminata-banana-d267d8ae-4037-11ec-83be-94b86d66fd1d_jpg.rf.2WVCR7D2gsJdkTv55TPn.jpg,1,0,0,1,0,0
musa-acuminata-unripe-84c46557-1d0a-11ec-8843-d8c4975e38aa-1-_jpg.rf.itYF4a8JgztHLPGhiUjL.jpg,0,0,0,0,1,1
musa-acuminata-ripe-937ef7a3-1d0a-11ec-8cde-d8c4975e38aa_jpg.rf.jPynOdfE80ISjBWIWWw7.jpg,0,0,0,1,0,0
musa-acuminata-banana-abacb393-394a-11ec-9bc6-d8c4975e38aa_jpg.rf.je1wKLxBzj5ntcOXrjxO.jpg,0,0,1,1,0,0
musa-acuminata-freshunripe-22982dd1-2653-11ec-ab2f-d8c4975e38aa_jpg.rf.jj1JFNva8AtaSI0WjSRf.jpg,0,1,0,0,0,0
musa-acuminata-rotten-8ed78b50-2653-11ec-95db-d8c4975e38aa_jpg.rf.jqy8gJ3cM1afYXmgGlbR.jpg,0,0,0,0,1,0
musa-acuminata-banana-910a943c-394a-11ec-8421-d8c4975e38aa_jpg.rf.jzneASOAHVC640s4qbRY.jpg,0,0,1,0,1,0
musa-acuminata-overripe-7e2eb9c7-2653-11ec-a9e4-d8c4975e38aa_jpg.rf.kI7Zoa8WqxryKUoXMJ9o.jpg,0,0,1,0,0,0
musa-acuminata-banana-9c51fdaf-4037-11ec-b631-94b86d66fd1d_jpg.rf.kPBKiFc6TLVqA4cwEYGT.jpg,1,0,0,1,0,0
musa-acuminata-banana-9dff32f7-394a-11ec-8e9f-d8c4975e38aa_jpg.rf.2uTlnniUSukFnIT680zK.jpg,0,0,1,0,1,0
musa-acuminata-freshripe-45c25c10-2653-11ec-abb8-d8c4975e38aa_jpg.rf.htMwLPmBXszuln0uLps8.jpg,1,0,0,0,0,0
musa-acuminata-banana-cc39d1ca-394a-11ec-98d8-d8c4975e38aa_jpg.rf.hwl8EBifJFANtzAAj20T.jpg,1,0,0,0,0,0
musa-acuminata-mold-e64c8b36-1d0a-11ec-94ff-d8c4975e38aa_jpg.rf.hgdxdKO28kIcBD4lYQzR.jpg,0,0,1,0,0,0
musa-acuminata-banana-d6939af5-4037-11ec-af23-94b86d66fd1d_jpg.rf.iocrRD50ieBGt0eNPcxU.jpg,1,0,0,0,0,0
musa-acuminata-ripe-71277b9a-2653-11ec-85ad-d8c4975e38aa_jpg.rf.htPe3HmSwPL7kHqxL3Mp.jpg,0,0,0,1,1,0
musa-acuminata-rotten-a9ecf3da-1d0a-11ec-8f68-d8c4975e38aa_jpg.rf.iaqhVJtbHXZQc569Y6Fy.jpg,0,0,0,0,1,0
musa-acuminata-rotten-8baa6bee-2653-11ec-a0a2-d8c4975e38aa_jpg.rf.inxcBDcQJ9H1mqWTWpvZ.jpg,0,0,0,0,1,0
musa-acuminata-rotten-82e35bf8-2653-11ec-8861-d8c4975e38aa_jpg.rf.ifk3CIfC4ZvtULvl4aOh.jpg,0,0,0,0,1,0
musa-acuminata-ripe-6cc9a897-2653-11ec-b79f-d8c4975e38aa_jpg.rf.lHeSDUIfRKti8R6Pbfxi.jpg,0,0,0,1,0,0
musa-acuminata-banana-b3eecac7-394a-11ec-b9df-d8c4975e38aa_jpg.rf.kyGFJU7azLO0w5XQ10S0.jpg,0,0,0,1,0,0
musa-acuminata-banana-a6bff087-394a-11ec-b264-d8c4975e38aa_jpg.rf.k0kj2mGn0kqqkotoxHZp.jpg,0,0,1,0,1,0
musa-acuminata-ripe-730b5149-2653-11ec-af7a-d8c4975e38aa_jpg.rf.k7t1gVPXepIFVtSkgfOt.jpg,0,0,0,0,1,0
musa-acuminata-banana-b056ef0c-394a-11ec-a666-d8c4975e38aa_jpg.rf.kf9fMILHaIY7ZEAKC12i.jpg,0,0,0,1,0,0
musa-acuminata-banana-9b8e6906-394a-11ec-be0b-d8c4975e38aa_jpg.rf.lNt03JPTxYVwryCd9ds9.jpg,0,0,0,0,1,0
musa-acuminata-banana-c8c9cfc2-4037-11ec-8438-94b86d66fd1d_jpg.rf.liZA6Pas7u0AiCRzzqhl.jpg,0,0,0,1,0,0
musa-acuminata-freshripe-78b9ece8-1d0a-11ec-baed-d8c4975e38aa_jpg.rf.lZfLtsCv1aJfix7J18h1.jpg,1,0,0,0,0,0
musa-acuminata-ripe-6c2ebc81-2653-11ec-9b46-d8c4975e38aa_jpg.rf.kv7GoEtoqETHLUghgaVk.jpg,0,0,0,1,0,0
musa-acuminata-freshripe-4813d4b6-2653-11ec-af26-d8c4975e38aa_jpg.rf.mDYPCSgF9kPWPQJfAxvH.jpg,1,0,0,0,0,0
musa-acuminata-banana-85a9e626-394a-11ec-9f74-d8c4975e38aa_jpg.rf.mXFZ8aerJD2jQ4RUgIO0.jpg,0,0,1,0,1,0
musa-acuminata-banana-94560656-394a-11ec-8093-d8c4975e38aa_jpg.rf.m8yz8j5zX4KU7rMfVpv8.jpg,0,0,0,1,1,0
musa-acuminata-freshunripe-711ace0a-1d0a-11ec-a21b-d8c4975e38aa_jpg.rf.0C3mfrrkZKCev7TCwYZG.jpg,0,1,0,0,0,0
musa-acuminata-rotten-8dea532c-2653-11ec-b653-d8c4975e38aa_jpg.rf.0O2dy0yK29HPCtgOHW3T.jpg,0,0,0,0,1,0
musa-acuminata-rotten-a6419104-1d0a-11ec-b39a-d8c4975e38aa_jpg.rf.mh0mbPqC20ZoPCTXx6sH.jpg,0,0,0,0,1,0
musa-acuminata-freshripe-7c75e0dc-1d0a-11ec-9a94-d8c4975e38aa_jpg.rf.mPtDOegTKQE3IGeCOQuO.jpg,1,0,0,0,0,0
musa-acuminata-banana-ae8ecaa8-394a-11ec-92ca-d8c4975e38aa_jpg.rf.uvqZE6SotwAtlgKQLCkt.jpg,0,0,0,1,0,0
musa-acuminata-banana-974cf28f-394a-11ec-b8e4-d8c4975e38aa_jpg.rf.vrHCfenlXmq8LGOljns6.jpg,0,0,1,0,1,0
musa-acuminata-freshripe-4f843062-2653-11ec-89f0-d8c4975e38aa_jpg.rf.wqwtl9HIAaeAYySNzMn4.jpg,1,0,0,0,0,0
musa-acuminata-banana-fa3f8abe-394a-11ec-9282-d8c4975e38aa_jpg.rf.xKMjzXmLxr7ntKCuNq7H.jpg,0,0,0,1,0,0
musa-acuminata-banana-98e33878-4037-11ec-ba22-94b86d66fd1d_jpg.rf.wyRxweCsBP5MCvlje7Oc.jpg,0,0,0,1,0,0
musa-acuminata-rotten-b73ab6c9-1d0a-11ec-98dd-d8c4975e38aa_jpg.rf.w7pi7WPH15F8EPc8pLLR.jpg,0,0,0,0,1,0
musa-acuminata-ripe-6bc5dd8b-2653-11ec-83ae-d8c4975e38aa_jpg.rf.xUFT5QC0HURGTLsCWgl5.jpg,0,0,0,1,0,0
musa-acuminata-banana-a83da555-4037-11ec-ad31-94b86d66fd1d_jpg.rf.xOTQ501Q6AxbojJ25oIa.jpg,0,0,0,1,0,0
musa-acuminata-banana-89654d27-394a-11ec-a5ef-d8c4975e38aa_jpg.rf.wBgIxdLQt913rEhNw8rs.jpg,0,0,0,0,1,0
musa-acuminata-freshunripe-27e1f654-2653-11ec-98aa-d8c4975e38aa_jpg.rf.vVD7z2s4Hws9UNFToYwW.jpg,0,1,0,0,0,0
musa-acuminata-freshunripe-6d3c52a0-1d0a-11ec-be7c-d8c4975e38aa_jpg.rf.xQO0AK0RrYW9OHsptHA1.jpg,0,1,0,0,0,0
musa-acuminata-rotten-83b9a0f0-2653-11ec-9d34-d8c4975e38aa_jpg.rf.uhN2Jk53ycUfgSUShP5p.jpg,0,0,0,0,1,0
musa-acuminata-ripe-92d35dbf-1d0a-11ec-a963-d8c4975e38aa_jpg.rf.xcbpXnNffM0UwtRBUvnl.jpg,0,0,0,1,0,0
musa-acuminata-banana-c7266eb9-394a-11ec-82a8-d8c4975e38aa_jpg.rf.QSWIfegBzprHhrlT0yoW.jpg,1,0,0,0,0,0
musa-acuminata-unripe-87f387e9-1d0a-11ec-851b-d8c4975e38aa-1-_jpg.rf.QpZTyqmQUb36yTpDQ03m.jpg,0,0,0,0,1,1
musa-acuminata-banana-b2a5cf68-394a-11ec-b7c7-d8c4975e38aa_jpg.rf.QqueswaWIYzlsMaIvtEs.jpg,0,0,0,1,0,0
musa-acuminata-freshunripe-67d029fe-1d0a-11ec-9aaf-d8c4975e38aa_jpg.rf.QrnQ285dTgS6Kz1Y7p6y.jpg,0,1,0,0,0,0
musa-acuminata-banana-8de980ed-394a-11ec-aa04-d8c4975e38aa_jpg.rf.wqI42w7JVzb9sAoNBRwM.jpg,0,0,0,0,1,0
musa-acuminata-banana-9e2f9e8f-4037-11ec-9757-94b86d66fd1d_jpg.rf.vj1HBVwXTNm6UbcM6E0p.jpg,1,0,0,1,0,0
musa-acuminata-banana-8efae5b3-394a-11ec-babf-d8c4975e38aa_jpg.rf.RDpCdxDojk0GPtb5VZ64.jpg,0,0,1,0,1,0
musa-acuminata-overripe-7d4882a5-2653-11ec-b62c-d8c4975e38aa_jpg.rf.QtXfkpsplxh7deXanelX.jpg,0,0,1,0,1,0
musa-acuminata-freshunripe-68da781a-1d0a-11ec-ad64-d8c4975e38aa_jpg.rf.R4OOIlDtGngPsT8ce9UR.jpg,0,1,0,0,0,0
musa-acuminata-rotten-b1d23caa-1d0a-11ec-88a3-d8c4975e38aa_jpg.rf.RQbuiPK7IyozcPYwsVWF.jpg,0,0,0,0,1,0
musa-acuminata-banana-8411af9e-394a-11ec-96ba-d8c4975e38aa_jpg.rf.RayoJUN7uWLHUF7lkPwa.jpg,0,0,1,0,1,0
musa-acuminata-freshunripe-71d416e8-1d0a-11ec-b7f7-d8c4975e38aa_jpg.rf.RJm5Aspv1HTCLAOWCmwW.jpg,0,1,0,0,0,0
musa-acuminata-banana-a33570fe-394a-11ec-9899-d8c4975e38aa_jpg.rf.wAqArwxX2kZYvsTOTtSx.jpg,0,0,1,0,0,0
musa-acuminata-banana-a9d144f0-394a-11ec-b6f3-d8c4975e38aa_jpg.rf.RHAB0TXS8cpjp8NldJMb.jpg,0,0,1,0,1,0
musa-acuminata-freshripe-7bbc78b6-1d0a-11ec-bd7d-d8c4975e38aa_jpg.rf.Rfm2Ie2WlUUfFNbTa5e3.jpg,1,0,0,0,0,0
musa-acuminata-ripe-918cd4f1-1d0a-11ec-a1e3-d8c4975e38aa_jpg.rf.SKNXLVorhwP0w2V48MYz.jpg,0,0,0,1,0,0
musa-acuminata-freshunripe-697a8ba2-1d0a-11ec-89f9-d8c4975e38aa_jpg.rf.RxGORtEDQsSZvkuT70GP.jpg,0,1,0,0,0,0
musa-acuminata-banana-b0481452-394a-11ec-a33f-d8c4975e38aa_jpg.rf.TAEI4sdbzRQaovt5tLoJ.jpg,0,0,0,1,0,0
musa-acuminata-banana-f25d64ba-394a-11ec-8714-d8c4975e38aa_jpg.rf.STMouMgQVJqrx0PjxZjN.jpg,1,0,0,0,0,0
musa-acuminata-unripe-623617c6-2653-11ec-baa6-d8c4975e38aa---Copy_jpg.rf.Rl9PQM0gDyM1f4nY2CcD.jpg,0,0,0,0,0,1
musa-acuminata-banana-b0ed8176-394a-11ec-8819-d8c4975e38aa_jpg.rf.SQwB7I0S7cPvqxlrPbRb.jpg,1,0,0,1,0,0
musa-acuminata-banana-c8e88c9b-394a-11ec-84a9-d8c4975e38aa_jpg.rf.TGgsgGkDTywm5fVgzCs5.jpg,0,0,0,1,0,0
musa-acuminata-banana-eb554d17-394a-11ec-85df-d8c4975e38aa_jpg.rf.Rfz1kvrn97DdgIBiUtOs.jpg,1,0,0,1,0,0
musa-acuminata-unripe-8ad40004-1d0a-11ec-9f7c-d8c4975e38aa-1-_jpg.rf.TNxkPOpWl8p7qYuP3SmH.jpg,0,0,0,0,0,1
musa-acuminata-rotten-81da8e8b-2653-11ec-8f71-d8c4975e38aa_jpg.rf.TRI10F9P9CPOMP5VV6Oo.jpg,0,0,0,0,1,0
musa-acuminata-banana-9ac7051e-394a-11ec-94af-d8c4975e38aa_jpg.rf.ToHW2p3NH2J995r3ydfC.jpg,0,0,0,0,1,0
musa-acuminata-banana-fb79f0fc-394a-11ec-aaa4-d8c4975e38aa_jpg.rf.TLjLjiiHYpcVkPaK6WiW.jpg,0,0,0,1,0,0
musa-acuminata-unripe-8e994962-1d0a-11ec-9229-d8c4975e38aa-1-_jpg.rf.TqFMiSPKk6l35bVRjxrI.jpg,0,0,0,0,0,1
musa-acuminata-banana-b433a245-394a-11ec-bc8c-d8c4975e38aa_jpg.rf.TtLdWaiDkkQOhStNVz43.jpg,1,0,0,0,0,0
musa-acuminata-mold-e1a27087-1d0a-11ec-b202-d8c4975e38aa_jpg.rf.U8mnxejQalFuZJm0tbdS.jpg,0,0,1,0,1,0
musa-acuminata-unripe-8adb2665-1d0a-11ec-9a2a-d8c4975e38aa-1-_jpg.rf.vpKk7iBohZkGoVUQ6jAq.jpg,0,0,0,0,0,1
musa-acuminata-rotten-ac990df1-1d0a-11ec-aa25-d8c4975e38aa_jpg.rf.uUMsFJywRwLCG7jM4K6F.jpg,0,0,0,0,1,0
musa-acuminata-banana-a08b31dd-394a-11ec-ae97-d8c4975e38aa_jpg.rf.UcGohhv95ZCenaHRGGqZ.jpg,0,0,0,0,1,0
musa-acuminata-rotten-ab2ec66a-1d0a-11ec-a1a5-d8c4975e38aa_jpg.rf.UPjotj4cPG1XHPl8JNj1.jpg,0,0,0,0,1,0
musa-acuminata-banana-acc62d64-394a-11ec-9466-d8c4975e38aa_jpg.rf.DdjLmIurgc03Wp05P5Ff.jpg,0,0,1,1,1,0
musa-acuminata-freshunripe-69326967-1d0a-11ec-b44d-d8c4975e38aa_jpg.rf.DFloo5T7Pl8tcY8XDBhA.jpg,0,1,0,0,0,0
musa-acuminata-ripe-94cca594-1d0a-11ec-81e6-d8c4975e38aa_jpg.rf.DRQHzl32PEoWIatbhS6r.jpg,0,0,0,1,0,0
musa-acuminata-banana-afe56841-394a-11ec-ad50-d8c4975e38aa_jpg.rf.Ub8TZW4JHKgPhYb8UauT.jpg,1,0,0,0,0,0
musa-acuminata-freshunripe-746c83cc-1d0a-11ec-89a3-d8c4975e38aa_jpg.rf.E5oGX7ExtTHY8gCoKHuc.jpg,0,1,0,0,0,0
musa-acuminata-ripe-6cad0ecc-2653-11ec-aabf-d8c4975e38aa_jpg.rf.DvhjIwkvyklbMkekvpvQ.jpg,0,0,0,1,0,0
musa-acuminata-banana-d930773f-394a-11ec-a6a4-d8c4975e38aa_jpg.rf.DzCKR13MM1oCfiPoV61p.jpg,0,0,0,1,0,0
musa-acuminata-overripe-7ebdb3cd-2653-11ec-86bc-d8c4975e38aa_jpg.rf.E6Lns3dfy2Ej7IN1rRIh.jpg,0,0,1,0,1,0
musa-acuminata-ripe-95011532-1d0a-11ec-bf89-d8c4975e38aa_jpg.rf.EfzZNvNHPHgWs91lHVyU.jpg,0,0,0,1,0,0
musa-acuminata-freshripe-4c84b8ee-2653-11ec-9987-d8c4975e38aa_jpg.rf.E7p9n7mvBzA5YbNeZvey.jpg,1,0,0,0,0,0
musa-acuminata-overripe-9f5b7314-1d0a-11ec-98d5-d8c4975e38aa_jpg.rf.ELszaWNdkvwoUW3p8ts9.jpg,0,0,1,0,0,0
musa-acuminata-banana-afa12a63-394a-11ec-a4af-d8c4975e38aa_jpg.rf.FBxeyQhKF45u1fjErEBE.jpg,1,0,0,0,0,0
musa-acuminata-overripe-a03b7f3f-1d0a-11ec-8f72-d8c4975e38aa_jpg.rf.F3afW41tuE0oTSz5MvoF.jpg,0,0,1,0,1,0
musa-acuminata-freshripe-50b5432e-2653-11ec-a9cf-d8c4975e38aa_jpg.rf.F8MIJ7rbyqZrXB8GafyL.jpg,1,0,0,0,0,0
musa-acuminata-ripe-986e2eb1-1d0a-11ec-a76f-d8c4975e38aa_jpg.rf.FPQl7YAI68yT3icJX8YL.jpg,0,0,0,1,1,0
musa-acuminata-banana-c6a00770-4037-11ec-93d4-94b86d66fd1d_jpg.rf.v573HEyhdFcQUMQTvfTK.jpg,1,0,0,0,0,0
musa-acuminata-banana-ae9027e4-394a-11ec-b8d2-d8c4975e38aa_jpg.rf.FPoeIxQ0jxR8tLPcEK7X.jpg,0,0,0,1,0,0
musa-acuminata-unripe-8d7da8ae-1d0a-11ec-9375-d8c4975e38aa-1-_jpg.rf.FRzohGJ4moMFgTanykcT.jpg,0,0,0,0,0,1
musa-acuminata-banana-e44457f8-394a-11ec-b005-d8c4975e38aa_jpg.rf.FSnSvEpmieyK4e7cenHR.jpg,1,0,0,0,0,0
musa-acuminata-freshripe-46326147-2653-11ec-8b16-d8c4975e38aa_jpg.rf.GSa6z8eUesm1tb2ulMQD.jpg,1,0,0,0,0,0
musa-acuminata-freshunripe-26b34493-2653-11ec-99d8-d8c4975e38aa_jpg.rf.wiKBIaORCTb0eFCNZLx2.jpg,0,1,0,0,0,0
musa-acuminata-unripe-8f284abf-1d0a-11ec-8366-d8c4975e38aa-1-_jpg.rf.FVAMbFiXUIoXRmDVqcYy.jpg,0,0,0,0,0,1
musa-acuminata-freshunripe-36af99e3-2653-11ec-92bd-d8c4975e38aa_jpg.rf.FkODVeQVmePoPyhHQf9o.jpg,0,1,0,0,0,0
musa-acuminata-freshripe-77bd379b-1d0a-11ec-b9a0-d8c4975e38aa_jpg.rf.FalPKplndvFajvlWYo6K.jpg,1,0,0,0,0,0
musa-acuminata-banana-9efc592a-394a-11ec-bf2c-d8c4975e38aa_jpg.rf.FqO1AiSlVfdefpJjUjLE.jpg,0,0,0,0,1,0
musa-acuminata-banana-988231d5-394a-11ec-b311-d8c4975e38aa_jpg.rf.Fz6IjLOGuTIEDdBKMJth.jpg,0,0,1,1,0,0
musa-acuminata-banana-ad05d87c-394a-11ec-a51d-d8c4975e38aa_jpg.rf.G6cblE5qzF9ih9cC1Klw.jpg,0,0,1,0,1,0
musa-acuminata-mold-e1e0689b-1d0a-11ec-b969-d8c4975e38aa_jpg.rf.FyOduDhqbVM3h2ygav3w.jpg,0,0,1,0,1,0
musa-acuminata-ripe-716c9a31-2653-11ec-9ce9-d8c4975e38aa_jpg.rf.GKqi6fAVPNrKEujXqHKR.jpg,0,0,0,1,1,0
musa-acuminata-overripe-9d184701-1d0a-11ec-bb66-d8c4975e38aa_jpg.rf.HIO8MJkIYOq75cydsxtc.jpg,0,0,1,0,0,0
musa-acuminata-mold-e4e4a330-1d0a-11ec-a8ad-d8c4975e38aa_jpg.rf.uslxbNBGauLrsNMLI7nh.jpg,0,0,1,0,1,0
musa-acuminata-rotten-812f5453-2653-11ec-ab2c-d8c4975e38aa_jpg.rf.0cmQICF5iJ0zGTKKRQYb.jpg,0,0,0,0,1,0
musa-acuminata-mold-e4854d39-1d0a-11ec-9766-d8c4975e38aa_jpg.rf.0ixHAeeqkc40SM9MK2yn.jpg,0,0,1,0,0,0
musa-acuminata-ripe-6f8feae4-2653-11ec-843d-d8c4975e38aa_jpg.rf.0l0bmzzdzJZEIGDrV9ae.jpg,0,0,0,1,1,0
musa-acuminata-banana-e1370083-394a-11ec-bfb8-d8c4975e38aa_jpg.rf.0v7r0Htg2tSQygdiyBoe.jpg,1,0,0,1,0,0
musa-acuminata-freshunripe-6cc78d6a-1d0a-11ec-849d-d8c4975e38aa_jpg.rf.1BSTlpy7JjiMaGU4Lh7L.jpg,0,1,0,0,0,0
musa-acuminata-banana-89197455-394a-11ec-827e-d8c4975e38aa_jpg.rf.1vJoVTKrjJXZhBRZZARl.jpg,0,0,0,0,1,0
musa-acuminata-freshunripe-65d3bd8f-1d0a-11ec-801a-d8c4975e38aa_jpg.rf.20ckyKoVka8rcHcfNAET.jpg,0,1,0,0,0,0
musa-acuminata-rotten-8d4aee64-2653-11ec-acb9-d8c4975e38aa_jpg.rf.Go5kDlZ86RnCI6J7tiB6.jpg,0,0,0,0,1,0
musa-acuminata-freshunripe-760be9cc-1d0a-11ec-b0eb-d8c4975e38aa_jpg.rf.H3STyUA8HqG446sjT4in.jpg,0,1,0,0,0,0
musa-acuminata-banana-a8ed36a4-394a-11ec-8f08-d8c4975e38aa_jpg.rf.H0hVkRXZUincIDGveJXv.jpg,0,0,1,0,1,0
musa-acuminata-freshripe-4541a94a-2653-11ec-a424-d8c4975e38aa_jpg.rf.2D2jzzmB2xqVNbXGvCWQ.jpg,1,0,0,0,0,0
musa-acuminata-banana-fd88c598-394a-11ec-8b53-d8c4975e38aa_jpg.rf.06Ih45XdwmEiCinKQK95.jpg,0,0,0,1,0,0
musa-acuminata-overripe-9cc73f92-1d0a-11ec-b651-d8c4975e38aa_jpg.rf.2I94bjNloX0vkNvOID39.jpg,0,0,1,0,0,0
musa-acuminata-freshripe-795c3888-1d0a-11ec-a242-d8c4975e38aa_jpg.rf.2QwAZKBxlFDT06khBbQE.jpg,1,0,0,0,0,0
musa-acuminata-ripe-6c0fc07a-2653-11ec-861d-d8c4975e38aa_jpg.rf.2X20E9H73v7pXzRCwjb2.jpg,0,0,0,1,0,0
musa-acuminata-freshripe-4b93ff3c-2653-11ec-9604-d8c4975e38aa_jpg.rf.22BUxawUa039uNJwTloO.jpg,1,0,0,0,0,0
musa-acuminata-rotten-83d6848a-2653-11ec-8e43-d8c4975e38aa_jpg.rf.xifM236Zpq0Hgg0tqHzB.jpg,0,0,0,0,1,0
musa-acuminata-freshunripe-6cc51c72-1d0a-11ec-b57b-d8c4975e38aa_jpg.rf.y1MX4B1E0VNtp1CDVgYP.jpg,0,1,0,0,0,0
musa-acuminata-overripe-9f64fbab-1d0a-11ec-ac0a-d8c4975e38aa_jpg.rf.xqByBWQPSotq0SOcRp57.jpg,0,0,1,0,0,0
musa-acuminata-rotten-b86e25a3-1d0a-11ec-87d3-d8c4975e38aa_jpg.rf.y0O8MUixbcjZ2fyAtao3.jpg,0,0,0,0,1,0
musa-acuminata-freshunripe-32247de1-2653-11ec-bf7a-d8c4975e38aa_jpg.rf.yMkdAhrljOjWhR45z4iC.jpg,0,1,0,0,0,0
musa-acuminata-banana-b2a862ec-394a-11ec-a9a7-d8c4975e38aa_jpg.rf.yQZ75ntRHvnFJTnK7ImU.jpg,0,0,0,1,0,0
musa-acuminata-freshripe-4bbee62f-2653-11ec-b7ef-d8c4975e38aa_jpg.rf.vQA8rchFr1PomLE6VcNv.jpg,1,0,0,0,0,0
musa-acuminata-ripe-6b3e02f6-2653-11ec-897a-d8c4975e38aa_jpg.rf.yU6uWeWyuGaNC6fHAob3.jpg,0,0,0,1,0,0
musa-acuminata-banana-9745377e-394a-11ec-b5f2-d8c4975e38aa_jpg.rf.ye7KVDLrKiZ33xGlTRH0.jpg,0,0,0,1,1,0
musa-acuminata-ripe-93115472-1d0a-11ec-8bcf-d8c4975e38aa_jpg.rf.ytOlrzaGxivVz4km6TZ7.jpg,0,0,0,1,0,0
musa-acuminata-freshunripe-36209893-2653-11ec-9f59-d8c4975e38aa_jpg.rf.yZTzlXwIINOU1kxtksCu.jpg,0,1,0,0,0,0
musa-acuminata-overripe-7e2b8abf-2653-11ec-bb0c-d8c4975e38aa_jpg.rf.z9z1Zylp4P69pKnRKhrY.jpg,0,0,1,0,0,0
musa-acuminata-banana-adbb2464-394a-11ec-b72b-d8c4975e38aa_jpg.rf.yx45RgdibGzNkznOcaAS.jpg,1,0,0,0,0,0
musa-acuminata-freshripe-7be1b63b-1d0a-11ec-9322-d8c4975e38aa_jpg.rf.iC0xIX04cA8A4p09Hmnl.jpg,1,0,0,0,0,0
musa-acuminata-unripe-80a3e52c-1d0a-11ec-9a19-d8c4975e38aa_jpg.rf.PPZRQQBdsYSP2zwo569l.jpg,0,0,0,0,0,1
musa-acuminata-banana-eca0e5c3-394a-11ec-8308-d8c4975e38aa_jpg.rf.PRpn2D8nifgPM4SdZoFu.jpg,1,0,0,0,0,0
musa-acuminata-banana-c66fc4fe-4037-11ec-876c-94b86d66fd1d_jpg.rf.PWfOitQ8eXFLl69MXeSa.jpg,1,0,0,0,0,0
musa-acuminata-overripe-7e160223-2653-11ec-a420-d8c4975e38aa_jpg.rf.Pc5u95ZuOc1giTLr0zJY.jpg,0,0,1,0,0,0
musa-acuminata-banana-aece4e72-394a-11ec-86d6-d8c4975e38aa_jpg.rf.zbQPSau0uHYGe1Ws0a1T.jpg,0,0,0,1,0,0
musa-acuminata-banana-fb071945-394a-11ec-b2ef-d8c4975e38aa_jpg.rf.usDWv3zD9U2mUZp04iCR.jpg,1,0,0,1,0,0
musa-acuminata-rotten-bf34ce25-1d0a-11ec-b5ee-d8c4975e38aa_jpg.rf.wftYpZcs5s6tRwug92A0.jpg,0,0,0,0,1,0
musa-acuminata-banana-e9cc243f-394a-11ec-9bc3-d8c4975e38aa_jpg.rf.zU4SR51tKu18uARLNCMq.jpg,0,0,0,1,0,0
musa-acuminata-freshunripe-75469dd8-1d0a-11ec-971e-d8c4975e38aa_jpg.rf.zmAsMwQNQApnoyg4S0EO.jpg,0,1,0,0,0,0
musa-acuminata-rotten-84e90d4a-2653-11ec-b85c-d8c4975e38aa_jpg.rf.PBisWIuqTZmQIfdgCJ9T.jpg,0,0,0,0,1,0
musa-acuminata-ripe-949371e8-1d0a-11ec-912c-d8c4975e38aa_jpg.rf.zoAEcp1s2lyIGbSR5jPe.jpg,0,0,0,1,0,0
musa-acuminata-banana-b7647236-394a-11ec-83cb-d8c4975e38aa_jpg.rf.Oy67AiUVl7D6qOAGlbnu.jpg,0,0,0,1,0,0
musa-acuminata-banana-a95ff51c-394a-11ec-af18-d8c4975e38aa_jpg.rf.yClNZojEjJCxCGpbChwA.jpg,0,0,0,0,1,0
musa-acuminata-ripe-6b0e57a0-2653-11ec-abec-d8c4975e38aa_jpg.rf.PKssTMccjak9hmFIiH1H.jpg,0,0,0,1,0,0
musa-acuminata-overripe-a0d407c7-1d0a-11ec-a919-d8c4975e38aa_jpg.rf.Psi93orbpqxAeTM2Fqb1.jpg,0,0,1,0,0,0
musa-acuminata-banana-a92962f8-394a-11ec-96ae-d8c4975e38aa_jpg.rf.Q3e2CVuGLAFDLUczdUfp.jpg,0,0,1,0,1,0
musa-acuminata-freshunripe-76c7bdf5-1d0a-11ec-8079-d8c4975e38aa_jpg.rf.QJN0Asdtx1QnFDUGRamA.jpg,0,0,0,0,0,1
musa-acuminata-unripe-80537a17-1d0a-11ec-8c67-d8c4975e38aa-1-_jpg.rf.QUCqB0jwtfHWthfFWltN.jpg,0,0,0,0,1,1
musa-acuminata-ripe-929a28a6-1d0a-11ec-8b22-d8c4975e38aa_jpg.rf.QZ0G28cy2gxqB4igN6RY.jpg,0,0,0,1,0,0
musa-acuminata-rotten-bfd133dd-1d0a-11ec-8545-d8c4975e38aa_jpg.rf.vN8pdxEIduIpzjdc5Qih.jpg,0,0,0,0,1,0
musa-acuminata-banana-fd6f357d-394a-11ec-8e84-d8c4975e38aa_jpg.rf.QamVAf3TvzqJZs95bHxe.jpg,0,0,0,1,0,0
musa-acuminata-rotten-beae3070-1d0a-11ec-b560-d8c4975e38aa_jpg.rf.wcQ5OJMvysG6uf3ADztC.jpg,0,0,0,0,1,0
musa-acuminata-freshripe-45145e8d-2653-11ec-8e88-d8c4975e38aa_jpg.rf.iJhKp4k8fviV5FOxShsc.jpg,1,0,0,0,0,0
musa-acuminata-overripe-9d4f18b1-1d0a-11ec-8abf-d8c4975e38aa_jpg.rf.vc2dVfLlD5wcoVzavd6h.jpg,0,0,1,0,0,0
musa-acuminata-banana-a5a42dfb-394a-11ec-9e99-d8c4975e38aa_jpg.rf.QuglwrMxlDIXdhEIubnH.jpg,0,0,1,0,1,0
musa-acuminata-freshunripe-7678edae-1d0a-11ec-a336-d8c4975e38aa_jpg.rf.PpLoQZgmyGtpLu16WWEI.jpg,0,1,0,0,0,0
musa-acuminata-freshunripe-1ce199fa-2653-11ec-b489-d8c4975e38aa_jpg.rf.PkwjqbJVjXv8ys03ZtLN.jpg,0,1,0,0,0,0
musa-acuminata-banana-b57bc6bd-394a-11ec-83ce-d8c4975e38aa_jpg.rf.PrJl1Uby1ZwjPXcozI1Q.jpg,1,0,0,1,0,0
musa-acuminata-freshunripe-71dcfd37-1d0a-11ec-bac5-d8c4975e38aa_jpg.rf.SC1gi3z3MmJngjrXtSDC.jpg,0,1,0,0,0,0
musa-acuminata-banana-e485f929-394a-11ec-863f-d8c4975e38aa_jpg.rf.SKYeSrYlUZRZRhWXuD12.jpg,0,0,0,1,0,0
musa-acuminata-rotten-a2077e0b-1d0a-11ec-9250-d8c4975e38aa_jpg.rf.SPqRr8YwKnQSrOX2Wlqq.jpg,0,0,0,0,1,0
musa-acuminata-banana-b7ef96be-4037-11ec-b78a-94b86d66fd1d_jpg.rf.Sc1r0Q5D90QlvSA0AbT6.jpg,0,1,0,0,0,1
musa-acuminata-freshripe-7843ecb9-1d0a-11ec-8c78-d8c4975e38aa_jpg.rf.SgenbSaAp7Xsatmg0cOs.jpg,1,0,0,0,0,0
musa-acuminata-banana-ad0cadf2-4037-11ec-8fe8-94b86d66fd1d_jpg.rf.YvYGIE3MXCO2DeqETBQe.jpg,1,0,0,0,0,0
musa-acuminata-mold-e602a869-1d0a-11ec-8189-d8c4975e38aa_jpg.rf.Z8ynQy1EDn4oxmIuyKyk.jpg,0,0,1,0,0,0
musa-acuminata-banana-afe01b7a-394a-11ec-a318-d8c4975e38aa_jpg.rf.ZFCmn7omkb4Wf2gYOapz.jpg,1,0,0,0,0,0
musa-acuminata-freshunripe-25df24cf-2653-11ec-9860-d8c4975e38aa_jpg.rf.Zd05ojyLjj1Ir3Fvf8c8.jpg,0,1,0,0,0,0
musa-acuminata-freshunripe-70ff1dcb-1d0a-11ec-94a2-d8c4975e38aa_jpg.rf.RHD1H4qkcit2eDDSiSj6.jpg,0,1,0,0,0,0
musa-acuminata-freshunripe-6aa2da25-1d0a-11ec-806e-d8c4975e38aa_jpg.rf.RSJQUr9fVcrCgbU69TAw.jpg,0,1,0,0,0,0
musa-acuminata-ripe-6b8ca9da-2653-11ec-b871-d8c4975e38aa_jpg.rf.QqT3I3E9dIeRvGu0qSmc.jpg,0,0,0,1,0,0
musa-acuminata-freshripe-7eac9377-1d0a-11ec-a6c1-d8c4975e38aa_jpg.rf.RtVSGnchA36Fr24g8xvl.jpg,1,0,0,0,0,0
musa-acuminata-banana-b12f0fec-394a-11ec-8474-d8c4975e38aa_jpg.rf.RVUAYaXywkGBp7KDweUG.jpg,1,0,0,1,0,0
musa-acuminata-freshunripe-273d8199-2653-11ec-ba2d-d8c4975e38aa_jpg.rf.R5POByfebbFnVDpd7ajy.jpg,0,1,0,0,0,0
musa-acuminata-banana-8fbe7acf-394a-11ec-ae4a-d8c4975e38aa_jpg.rf.RHRk8TTb3B98eAFQhpVm.jpg,0,0,0,0,1,0
musa-acuminata-freshunripe-6f2a1a17-1d0a-11ec-b6ef-d8c4975e38aa_jpg.rf.S9H3yIoHWkcf1vvA0zgm.jpg,0,1,0,0,0,0
musa-acuminata-ripe-6b583a7a-2653-11ec-a3c0-d8c4975e38aa_jpg.rf.aQW2Uux074RjSo3GS2yS.jpg,0,0,0,1,0,0
musa-acuminata-banana-8fc9ed3e-394a-11ec-8b4b-d8c4975e38aa_jpg.rf.aXie7W8nFd5ymmclQhRe.jpg,0,0,0,0,1,0
musa-acuminata-banana-88f3b6ce-394a-11ec-ab2e-d8c4975e38aa_jpg.rf.aZLvaRudjJEV7wxOEZgT.jpg,0,0,1,0,1,0
musa-acuminata-rotten-a7940341-1d0a-11ec-98d8-d8c4975e38aa_jpg.rf.ayB5nxqEfnrxQWh6BhK1.jpg,0,0,0,0,1,0
musa-acuminata-overripe-803708b2-2653-11ec-bf73-d8c4975e38aa_jpg.rf.b8zNAeHYhSejYcSubho8.jpg,0,0,1,0,0,0
musa-acuminata-freshripe-7883339e-1d0a-11ec-a8e3-d8c4975e38aa_jpg.rf.bC9vPCFybqyYbmEomXCB.jpg,1,0,0,0,0,0
musa-acuminata-ripe-6cf953e6-2653-11ec-927c-d8c4975e38aa_jpg.rf.bCDZIRUSczqvjqvH3mvA.jpg,0,0,0,1,0,0
musa-acuminata-freshripe-50c39009-2653-11ec-9632-d8c4975e38aa_jpg.rf.bJb1oJSmMuzvsISWSWYU.jpg,1,0,0,0,0,0
musa-acuminata-overripe-80361fad-2653-11ec-a68c-d8c4975e38aa_jpg.rf.bKYE2t4oeLPFFrt8RWuT.jpg,0,0,1,0,0,0
musa-acuminata-freshripe-77e73cf6-1d0a-11ec-9e38-d8c4975e38aa_jpg.rf.bOH4C5vjxP3CrYPYDMY8.jpg,1,0,0,0,0,0
musa-acuminata-overripe-7c262356-2653-11ec-873c-d8c4975e38aa_jpg.rf.bayaVIlDadJy9fdnsRHR.jpg,0,0,1,0,1,0
musa-acuminata-freshripe-7979e005-1d0a-11ec-959f-d8c4975e38aa_jpg.rf.be1sb02kwCKBIVdLb2Pk.jpg,1,0,0,0,0,0
musa-acuminata-banana-89cde6e4-394a-11ec-9122-d8c4975e38aa_jpg.rf.bk8YF2AJiATajXXp1zpM.jpg,0,0,0,0,1,0
musa-acuminata-banana-f9e68d95-394a-11ec-8e34-d8c4975e38aa_jpg.rf.bo4eX1vjAO2DUWSaN9y3.jpg,0,0,0,1,0,0
musa-acuminata-banana-c58c689c-394a-11ec-b382-d8c4975e38aa_jpg.rf.brhmnChON0wUZizPe7ph.jpg,1,0,0,1,0,0
musa-acuminata-rotten-aa55d2bd-1d0a-11ec-9f56-d8c4975e38aa_jpg.rf.c6E79zkRdZ5YvrebWJjU.jpg,0,0,0,0,1,0
musa-acuminata-freshripe-7b33d03d-1d0a-11ec-8ba7-d8c4975e38aa_jpg.rf.ZnSd2kvjvNzvphFrWSwD.jpg,1,0,0,0,0,0
musa-acuminata-unripe-8833e0f5-1d0a-11ec-a474-d8c4975e38aa-1-_jpg.rf.ZhTThDrIhnzqon2Rolsh.jpg,0,0,0,0,1,1
musa-acuminata-banana-e9b79f11-394a-11ec-9636-d8c4975e38aa_jpg.rf.a48i6RuMAMUgcbkii5PL.jpg,0,0,0,1,0,0
musa-acuminata-mold-e35b5f8e-1d0a-11ec-9edf-d8c4975e38aa_jpg.rf.ZrMJIiiYNTff2saKezwx.jpg,0,0,1,0,1,0
musa-acuminata-unripe-882cb97d-1d0a-11ec-9183-d8c4975e38aa-1-_jpg.rf.ZhAXz32btqKs68Cs9sje.jpg,0,0,0,0,1,1
musa-acuminata-freshunripe-66460859-1d0a-11ec-bb20-d8c4975e38aa_jpg.rf.cHiNEpyJOwF5rU8ubRHO.jpg,0,1,0,0,0,0
musa-acuminata-freshunripe-7111d066-1d0a-11ec-a0f8-d8c4975e38aa_jpg.rf.cO5RSNWPUjEf0dN2nIAe.jpg,0,1,0,0,0,0
musa-acuminata-banana-aaca9099-394a-11ec-8e80-d8c4975e38aa_jpg.rf.cP5n2oFlNT8nQM6IHSay.jpg,0,0,1,1,0,0
musa-acuminata-freshripe-7d573cfe-1d0a-11ec-85d6-d8c4975e38aa_jpg.rf.cQsgeFCD0e0FbRhXvQYM.jpg,1,0,0,0,0,0
musa-acuminata-rotten-86557a25-2653-11ec-a079-d8c4975e38aa_jpg.rf.flQjL818KssJ8PNUEqNQ.jpg,0,0,0,0,1,0
musa-acuminata-freshripe-7be7d0d6-1d0a-11ec-ab6c-d8c4975e38aa_jpg.rf.fzXV6wmoihgE3XCsF5F6.jpg,1,0,0,0,0,0
musa-acuminata-banana-aa0dc54f-394a-11ec-b570-d8c4975e38aa_jpg.rf.g393alYir0r2xGiL4uGg.jpg,0,0,1,0,1,0
musa-acuminata-banana-b9ce0006-4037-11ec-af1c-94b86d66fd1d_jpg.rf.g5hGcENOsxoDQZwGESPr.jpg,0,1,0,0,0,1
musa-acuminata-freshunripe-2033ecec-2653-11ec-bca8-d8c4975e38aa_jpg.rf.gCChq5dyYo49NnHJ9dTP.jpg,0,1,0,0,0,0
musa-acuminata-unripe-6024f955-2653-11ec-a951-d8c4975e38aa---Copy_jpg.rf.gFhGJx1Ym35hyTezfSBr.jpg,0,0,0,0,1,0
musa-acuminata-freshunripe-7741b280-1d0a-11ec-ad9b-d8c4975e38aa_jpg.rf.voa25sTy998ES5UbDnMB.jpg,0,0,0,0,0,1
musa-acuminata-banana-b60fe3de-394a-11ec-9149-d8c4975e38aa_jpg.rf.gFk1iReMb1n56EaaQr1b.jpg,1,0,0,1,1,0
musa-acuminata-banana-cc3b7c94-394a-11ec-96e3-d8c4975e38aa_jpg.rf.gIO1NiRvrjmljia4vTRo.jpg,1,0,0,0,0,0
musa-acuminata-overripe-a09ad418-1d0a-11ec-8221-d8c4975e38aa_jpg.rf.gJSgsX62kSwYdFJc9rJv.jpg,0,0,1,0,0,0
musa-acuminata-unripe-86526c31-1d0a-11ec-b053-d8c4975e38aa-1-_jpg.rf.gOeCpMNhnb4wRQd2YSqq.jpg,0,0,0,0,1,1
musa-acuminata-banana-f8a94b23-394a-11ec-896b-d8c4975e38aa_jpg.rf.gV9407PQJUA7selEUDpJ.jpg,0,0,0,1,0,0
musa-acuminata-banana-c3696f72-4037-11ec-86d7-94b86d66fd1d_jpg.rf.gaEwa1OOndHSTkjnk9qW.jpg,1,0,0,1,0,0
musa-acuminata-freshunripe-2f92aad5-2653-11ec-9565-d8c4975e38aa_jpg.rf.gcqDyGqpo01dmqDQVQRg.jpg,0,1,0,0,0,0
musa-acuminata-banana-86c80d76-394a-11ec-b6d0-d8c4975e38aa_jpg.rf.gdpeMDu47kiSOQeMC3ot.jpg,0,0,1,0,1,0
musa-acuminata-freshunripe-6f977cf2-1d0a-11ec-9103-d8c4975e38aa_jpg.rf.cAckn7lsbUW3EUvbvKKU.jpg,0,1,0,0,0,0
musa-acuminata-rotten-bb9fd941-1d0a-11ec-8987-d8c4975e38aa_jpg.rf.gxDDyUx2k4cHdjcy6zsn.jpg,0,0,0,0,1,0
musa-acuminata-ripe-923d35cd-1d0a-11ec-84fd-d8c4975e38aa_jpg.rf.h6awbh5FWpTfrUNjXMXb.jpg,0,0,0,1,0,0
musa-acuminata-freshripe-46abef33-2653-11ec-b4be-d8c4975e38aa_jpg.rf.hHAPjqlOyzcPEbIjPEI4.jpg,1,0,0,0,0,0
musa-acuminata-ripe-924b819b-1d0a-11ec-b938-d8c4975e38aa_jpg.rf.hlE99aDBhn0UGNONewHA.jpg,0,0,0,1,0,0
musa-acuminata-ripe-6c19493f-2653-11ec-8149-d8c4975e38aa_jpg.rf.hqYisti728t6cGrwbz6j.jpg,0,0,0,1,0,0
musa-acuminata-banana-c2e95916-394a-11ec-a8ce-d8c4975e38aa_jpg.rf.hwfkUcVtnrZuGBRIhiz7.jpg,0,0,0,1,0,0
musa-acuminata-banana-a6659a88-394a-11ec-890c-d8c4975e38aa_jpg.rf.hwtpcGdD5mpEd4434bCu.jpg,0,0,1,0,1,0
musa-acuminata-banana-86476d75-394a-11ec-9598-d8c4975e38aa_jpg.rf.iALzzBHKibU3OIucmh4i.jpg,0,0,0,1,1,0
musa-acuminata-freshunripe-66fe2d74-1d0a-11ec-a42f-d8c4975e38aa_jpg.rf.iB2ykBWexINxjjEKFWfe.jpg,0,1,0,0,0,0
musa-acuminata-banana-f218a3e2-394a-11ec-8069-d8c4975e38aa_jpg.rf.iUU26sHNJWZqjSJqNmjM.jpg,1,0,0,1,0,0
musa-acuminata-freshripe-481fc0c1-2653-11ec-acfe-d8c4975e38aa_jpg.rf.icSUZA475b2G3ip8AbqY.jpg,1,0,0,0,0,0
musa-acuminata-rotten-8e1c6098-2653-11ec-a3ff-d8c4975e38aa_jpg.rf.isN098jsqPUAoZ26TOZV.jpg,0,0,0,0,1,0
musa-acuminata-rotten-8457d352-2653-11ec-a8cb-d8c4975e38aa_jpg.rf.izIbeHEVfqsgLmpcitHK.jpg,0,0,0,0,1,0
musa-acuminata-banana-ae8b12d7-394a-11ec-9ccc-d8c4975e38aa_jpg.rf.rtKNTpuhtmVaRRbWwnGk.jpg,0,0,0,1,0,0
musa-acuminata-freshunripe-65d7b2c8-1d0a-11ec-95c6-d8c4975e38aa_jpg.rf.rwkRk6EqSGjB1SIhuXcM.jpg,0,1,0,0,0,0
musa-acuminata-banana-b1bb591a-394a-11ec-90f7-d8c4975e38aa_jpg.rf.gpOizoMgwjS53vAKT4Jt.jpg,1,0,0,0,0,0
musa-acuminata-overripe-9d459010-1d0a-11ec-89c6-d8c4975e38aa_jpg.rf.ghET85MO0XtIPeI3lzwv.jpg,0,0,1,0,0,0
musa-acuminata-banana-b3b0319f-394a-11ec-9b6d-d8c4975e38aa_jpg.rf.soEI1g63QX58yFF9hTTW.jpg,1,0,0,0,0,0
musa-acuminata-freshunripe-36bb84cb-2653-11ec-8b13-d8c4975e38aa_jpg.rf.sxzxtOOKqNUuQg78Xog6.jpg,0,1,0,0,0,0
musa-acuminata-ripe-93888047-1d0a-11ec-aadf-d8c4975e38aa_jpg.rf.t4bqoQufDLKkcuKXzH34.jpg,0,0,0,1,0,0
musa-acuminata-freshunripe-63effa14-1d0a-11ec-a72f-d8c4975e38aa_jpg.rf.t59kbIoIt0KkT1iGxNxJ.jpg,0,1,0,0,0,0
musa-acuminata-banana-de35fef2-394a-11ec-93a1-d8c4975e38aa_jpg.rf.t9JyUv5NNLZOQQhw21iQ.jpg,0,0,0,1,0,0
musa-acuminata-freshripe-492ab0f6-2653-11ec-a567-d8c4975e38aa_jpg.rf.tIwgu7ISWvPc7Rvr4Fab.jpg,1,0,0,0,0,0
musa-acuminata-mold-e68a83e3-1d0a-11ec-a766-d8c4975e38aa_jpg.rf.gtHgUd7JsyHkXN9mQPUS.jpg,0,0,1,0,0,0
musa-acuminata-freshripe-48cdbe25-2653-11ec-9d1c-d8c4975e38aa_jpg.rf.sIQeUsL9naB1Sy9S7MUp.jpg,1,0,0,0,0,0
musa-acuminata-banana-d74b1e55-4037-11ec-92e4-94b86d66fd1d_jpg.rf.sVy3ku0OqOBdsewF661f.jpg,0,0,0,1,0,0
musa-acuminata-rotten-ab384ed5-1d0a-11ec-87e7-d8c4975e38aa_jpg.rf.sh8kb7GLUxl8ryLXDfLn.jpg,0,0,0,0,1,0
musa-acuminata-ripe-967e6e12-1d0a-11ec-9330-d8c4975e38aa_jpg.rf.sRY3I28vZSbsbMS8t8Ee.jpg,0,0,0,1,1,0
musa-acuminata-banana-9abe881f-394a-11ec-93ef-d8c4975e38aa_jpg.rf.snz95On0ip8HTsCoF2gi.jpg,0,0,0,0,1,0
musa-acuminata-banana-86c24af4-394a-11ec-af3b-d8c4975e38aa_jpg.rf.uuRVRDeAhl5lu0UfkhAX.jpg,0,0,1,0,1,0
musa-acuminata-banana-98457b54-394a-11ec-a02d-d8c4975e38aa_jpg.rf.u8toP70V5clybRyHxArv.jpg,0,0,1,1,0,0
musa-acuminata-banana-ac2c324e-394a-11ec-a4b8-d8c4975e38aa_jpg.rf.uCztIYMBVWN9gdEupKBG.jpg,0,0,1,1,0,0
musa-acuminata-banana-d2d2d7cc-4037-11ec-9747-94b86d66fd1d_jpg.rf.uEWkWXjQC2ifYk8SsBha.jpg,1,0,0,1,0,0
musa-acuminata-banana-a8338a57-394a-11ec-9e0e-d8c4975e38aa_jpg.rf.uUr6JapzeziO1X2ixsn9.jpg,0,0,0,0,1,0
musa-acuminata-freshripe-4a465171-2653-11ec-b8a2-d8c4975e38aa_jpg.rf.3fJxKWKnRmU1bZIza3FV.jpg,1,0,0,0,0,0
musa-acuminata-freshripe-48ef1af1-2653-11ec-9e3f-d8c4975e38aa_jpg.rf.3nrWYT5JG6W5wwm9jMfU.jpg,1,0,0,0,0,0
musa-acuminata-banana-aa882b9d-394a-11ec-926f-d8c4975e38aa_jpg.rf.3qo8PKxULbMSlNxwFOEe.jpg,0,0,1,0,1,0
musa-acuminata-banana-ead0d26b-394a-11ec-8e4f-d8c4975e38aa_jpg.rf.3zJaSpRgRYbZ9ASp15cA.jpg,0,0,0,1,0,0
musa-acuminata-banana-86b95ada-394a-11ec-95ae-d8c4975e38aa_jpg.rf.wXDsDPdDd3dkrvyFtJ8j.jpg,0,0,1,0,1,0
musa-acuminata-ripe-91c1448e-1d0a-11ec-ade9-d8c4975e38aa_jpg.rf.tSwOQflZ13RCG9e2awMa.jpg,0,0,0,1,0,0
musa-acuminata-banana-c4f121ba-4037-11ec-8a8b-94b86d66fd1d_jpg.rf.tdU38YTXk43jvnLyvC9o.jpg,1,0,0,1,0,0
musa-acuminata-unripe-7ff19775-1d0a-11ec-b88e-d8c4975e38aa-1-_jpg.rf.tJsWZkba7NQzaRsq1fHM.jpg,0,0,0,0,0,1
musa-acuminata-rotten-a3e42d59-1d0a-11ec-bc84-d8c4975e38aa_jpg.rf.tsWVPNRolUy0kSaZ0Lgz.jpg,0,0,0,0,1,0
musa-acuminata-unripe-544d4439-2653-11ec-8ac4-d8c4975e38aa---Copy_jpg.rf.tg3ljReZW48Mp6svzXmk.jpg,0,0,0,0,0,1
musa-acuminata-rotten-a346defb-1d0a-11ec-99ce-d8c4975e38aa_jpg.rf.tbz6tojiu3zQ2I9JV4QN.jpg,0,0,0,0,1,0
musa-acuminata-ripe-6e49639b-2653-11ec-ae19-d8c4975e38aa_jpg.rf.twShH8RouBPsfLC8JY3I.jpg,0,0,0,1,1,0
musa-acuminata-rotten-87054787-2653-11ec-8ccb-d8c4975e38aa_jpg.rf.tzsEHWA8XeKb3sdYQEMR.jpg,0,0,0,0,1,0
musa-acuminata-banana-e69616a3-394a-11ec-8a3d-d8c4975e38aa_jpg.rf.taVAE6gQsIjLYqs0B1E0.jpg,0,0,0,1,0,0
musa-acuminata-freshripe-79a205c8-1d0a-11ec-9d18-d8c4975e38aa_jpg.rf.u6PEw4RQLKbMMcZaVV3D.jpg,1,0,0,0,0,0
musa-acuminata-freshunripe-2bb0c7ed-2653-11ec-a092-d8c4975e38aa_jpg.rf.tvQohRBCYXgwGakq0MsI.jpg,0,1,0,0,0,0
musa-acuminata-mold-e4b295f9-1d0a-11ec-9218-d8c4975e38aa_jpg.rf.4VT2HS0ozRwvKCIRRnZU.jpg,0,0,1,0,0,0
musa-acuminata-banana-b1e02def-394a-11ec-82ff-d8c4975e38aa_jpg.rf.4viD4czgiYlelerBCjM7.jpg,0,0,0,1,0,0
musa-acuminata-banana-9af347b5-4037-11ec-9f39-94b86d66fd1d_jpg.rf.51Ct6GrEynxN2Ox84g2T.jpg,1,0,0,0,0,0
musa-acuminata-banana-f0ce6af0-394a-11ec-a66e-d8c4975e38aa_jpg.rf.52bydpzaFNWccAtRm1Tl.jpg,1,0,0,1,0,0
musa-acuminata-overripe-7bf7ac15-2653-11ec-aaec-d8c4975e38aa_jpg.rf.53wkeHU3YQDFOl2oWBuc.jpg,0,0,1,0,1,0
musa-acuminata-freshunripe-6988b07a-1d0a-11ec-b432-d8c4975e38aa_jpg.rf.59nkFXQXiFKHOklsEucN.jpg,0,1,0,0,0,0
musa-acuminata-rotten-8e853f55-2653-11ec-b9f7-d8c4975e38aa_jpg.rf.5B6QQNfMN64mJUEj2eYo.jpg,0,0,0,0,1,0
musa-acuminata-unripe-8fe232f5-1d0a-11ec-a7cb-d8c4975e38aa-1-_jpg.rf.5DkCubrORE7PYbJjQTtK.jpg,0,0,0,0,0,1
musa-acuminata-freshripe-7cceedc0-1d0a-11ec-b214-d8c4975e38aa_jpg.rf.5IyuPSQpLe2SbsUIoAQK.jpg,1,0,0,0,0,0
musa-acuminata-banana-ca85856f-4037-11ec-b9c3-94b86d66fd1d_jpg.rf.5JtAV7gkonU9ZWsmSUOd.jpg,0,0,0,1,0,0
musa-acuminata-freshunripe-6df5a828-1d0a-11ec-b5b7-d8c4975e38aa_jpg.rf.5UO7YkjcKGFIJBgG5uih.jpg,0,1,0,0,0,0
musa-acuminata-unripe-57a74b4a-2653-11ec-91d9-d8c4975e38aa---Copy_jpg.rf.5XYOi8UnGFvo9qnizitf.jpg,0,0,0,0,1,1
musa-acuminata-ripe-96c38ca3-1d0a-11ec-b46f-d8c4975e38aa_jpg.rf.5YZz6OlpmuDVKGIYHZSt.jpg,0,0,0,1,1,0
musa-acuminata-ripe-997b8394-1d0a-11ec-8c96-d8c4975e38aa_jpg.rf.5iHXR9zl7WVQ8AKMBBoh.jpg,0,0,0,1,1,0
musa-acuminata-freshripe-4ba4ae9b-2653-11ec-a5b3-d8c4975e38aa_jpg.rf.uaOKJ11fvhU4NbEuBB0W.jpg,1,0,0,0,0,0
musa-acuminata-overripe-7ddfc50c-2653-11ec-af66-d8c4975e38aa_jpg.rf.udMcPZ0sEbgrvkaXNUHC.jpg,0,0,1,0,0,0
musa-acuminata-banana-b699653e-394a-11ec-a552-d8c4975e38aa_jpg.rf.48ltgJlIlP050ghl24nU.jpg,1,0,0,1,1,0
musa-acuminata-freshunripe-296ffe55-2653-11ec-994b-d8c4975e38aa_jpg.rf.4SLd4UueBiQs8nMnvhxj.jpg,0,1,0,0,0,0
musa-acuminata-unripe-810f4126-1d0a-11ec-a1b3-d8c4975e38aa_jpg.rf.4KK0BFErurcYsxsdbarI.jpg,0,0,0,0,1,1
musa-acuminata-ripe-6d8390bb-2653-11ec-b032-d8c4975e38aa_jpg.rf.6fU5yUSbofFE0gdi6KBr.jpg,0,0,0,1,0,0
musa-acuminata-unripe-90275192-1d0a-11ec-8454-d8c4975e38aa-1-_jpg.rf.6j5KgW0tD1z3KRGy6fkm.jpg,0,0,0,0,0,1
musa-acuminata-freshunripe-6e54a4a9-1d0a-11ec-bd49-d8c4975e38aa_jpg.rf.6o4N3qxXhj7C4f9uRLfV.jpg,0,1,0,0,0,0
musa-acuminata-rotten-8ed9a95b-2653-11ec-826f-d8c4975e38aa_jpg.rf.6kRtSF6mC5dERJUEnLhG.jpg,0,0,0,0,1,0
musa-acuminata-banana-b3f2e26e-394a-11ec-9881-d8c4975e38aa_jpg.rf.7DKFtP1yJIsnxnpRQg8M.jpg,0,0,0,1,0,0
musa-acuminata-mold-e3d28b4d-1d0a-11ec-a239-d8c4975e38aa_jpg.rf.7VuTsfA6xSAiut0Du5FD.jpg,0,0,1,0,1,0
musa-acuminata-freshripe-79903602-1d0a-11ec-a038-d8c4975e38aa_jpg.rf.7WgRcPenLU9aCSzASMYX.jpg,1,0,0,0,0,0
musa-acuminata-overripe-a13f48d8-1d0a-11ec-8e1b-d8c4975e38aa_jpg.rf.7XJpB5RW2ZF6W79EBig9.jpg,0,0,1,0,1,0
musa-acuminata-banana-ecda6ada-394a-11ec-849e-d8c4975e38aa_jpg.rf.7fwj2lUSEqe1Y39fa3wD.jpg,1,0,0,1,0,0
musa-acuminata-unripe-8d6cf995-1d0a-11ec-a7d9-d8c4975e38aa-1-_jpg.rf.7nWgcWNsj5icEEIPfEM6.jpg,0,0,0,0,0,1
musa-acuminata-ripe-6e3b16d1-2653-11ec-8280-d8c4975e38aa_jpg.rf.7sAzWcbG34bUyUSmmKj2.jpg,0,0,0,1,1,0
musa-acuminata-banana-878f2702-394a-11ec-95b5-d8c4975e38aa_jpg.rf.7yeSkSust0e86YyivmZz.jpg,0,0,1,0,1,0
musa-acuminata-overripe-7f419fb7-2653-11ec-ad49-d8c4975e38aa_jpg.rf.8QlLHKHGRfbm9xWtp8Th.jpg,0,0,1,0,0,0
musa-acuminata-unripe-5bf46f1c-2653-11ec-a783-d8c4975e38aa---Copy_jpg.rf.5s5UOBpHb1pO2QS0qJU1.jpg,0,0,0,0,1,1
musa-acuminata-freshunripe-208b07fa-2653-11ec-b65f-d8c4975e38aa_jpg.rf.6PjeemULc1EECl4kUFPe.jpg,0,1,0,0,0,0
musa-acuminata-freshunripe-75fb4d79-1d0a-11ec-a8ca-d8c4975e38aa_jpg.rf.6OUPqirnQXXlprJszw04.jpg,0,0,0,0,0,1
musa-acuminata-banana-b574aa67-4037-11ec-8bb6-94b86d66fd1d_jpg.rf.6Sb9yqgCum6cBVdztHK4.jpg,0,1,0,0,0,0
musa-acuminata-banana-bf41b7c6-394a-11ec-a07f-d8c4975e38aa_jpg.rf.6TKeJe8QgKdiegn8XDnv.jpg,1,0,0,1,0,0
musa-acuminata-ripe-6abfb078-2653-11ec-a536-d8c4975e38aa_jpg.rf.5meIcHu4OYgNjximgFqI.jpg,0,0,0,1,0,0
musa-acuminata-rotten-8f66f4fd-2653-11ec-84f3-d8c4975e38aa_jpg.rf.9AZCAzkf1eOlAG9dyvq5.jpg,0,0,0,0,1,0
musa-acuminata-freshunripe-71630d57-1d0a-11ec-89b0-d8c4975e38aa_jpg.rf.9CoFcRlw9fKLNRjWO7KC.jpg,0,1,0,0,0,0
musa-acuminata-ripe-94a1bed4-1d0a-11ec-8d8f-d8c4975e38aa_jpg.rf.9Jnh3F1K1S4c4e2Vrr2S.jpg,0,0,0,1,0,0
musa-acuminata-banana-c4bd4ae6-394a-11ec-bc9c-d8c4975e38aa_jpg.rf.9NndgNUbCWVKI8d5EXXi.jpg,0,0,0,1,0,0
musa-acuminata-freshunripe-336d6757-2653-11ec-a9b8-d8c4975e38aa_jpg.rf.9OhGZfaW7YCR37RzVVr9.jpg,0,1,0,0,0,0
musa-acuminata-unripe-593c79a4-2653-11ec-bcd2-d8c4975e38aa---Copy_jpg.rf.9R4Y8VaYZA6oxekIYc5U.jpg,0,0,0,0,1,1
musa-acuminata-unripe-8585740d-1d0a-11ec-acd8-d8c4975e38aa-1-_jpg.rf.9Ybc0obQFrOk8v4an9pA.jpg,0,0,0,0,0,1
musa-acuminata-freshripe-44b50885-2653-11ec-8617-d8c4975e38aa_jpg.rf.9k0duAZXZILsFmeAqF92.jpg,1,0,0,0,0,0
musa-acuminata-freshripe-4a81e772-2653-11ec-be70-d8c4975e38aa_jpg.rf.9nrlZPcEyCKdaIic5mOC.jpg,1,0,0,0,0,0
musa-acuminata-unripe-81c202ee-1d0a-11ec-9951-d8c4975e38aa-1-_jpg.rf.9xzYE8xRE6IL29YKNdUo.jpg,0,0,0,0,0,1
musa-acuminata-banana-00188f91-394b-11ec-9565-d8c4975e38aa_jpg.rf.AFqjxm9wCoVWzX0A7hN0.jpg,0,0,0,1,0,0
musa-acuminata-banana-f316c12b-394a-11ec-b6f8-d8c4975e38aa_jpg.rf.AJxDNqNhj2Uz2TmSRbue.jpg,0,0,0,1,0,0
musa-acuminata-banana-9705da4f-394a-11ec-b6e7-d8c4975e38aa_jpg.rf.ASpBeRhK7k7mUgZVV2jX.jpg,0,0,1,0,1,0
musa-acuminata-unripe-868e021a-1d0a-11ec-b4b8-d8c4975e38aa-1-_jpg.rf.AnYkSdwtzOO8XYqKtSTr.jpg,0,0,0,0,1,1
musa-acuminata-rotten-b56acc2b-1d0a-11ec-a628-d8c4975e38aa_jpg.rf.udVZcxoFu16hSSaTySGf.jpg,0,0,0,0,1,0
musa-acuminata-banana-c7c216e5-4037-11ec-816a-94b86d66fd1d_jpg.rf.8H7GMkTlJjPEzGc8mM12.jpg,0,0,0,1,0,0
musa-acuminata-unripe-8f853ed7-1d0a-11ec-93f7-d8c4975e38aa-1-_jpg.rf.8PU6iXgFY0Ry5smal0th.jpg,0,0,0,0,0,1
musa-acuminata-overripe-7e11e811-2653-11ec-8164-d8c4975e38aa_jpg.rf.8OjWkVb0cW2xSDl9AGBx.jpg,0,0,1,0,0,0
musa-acuminata-freshunripe-2fed3d02-2653-11ec-8c26-d8c4975e38aa_jpg.rf.8hhGWiQJhOTCwAsod5Tj.jpg,0,1,0,0,0,0
musa-acuminata-freshunripe-2d8b14f0-2653-11ec-a116-d8c4975e38aa_jpg.rf.8jej4d0WQ4jvrHAvuPzv.jpg,0,1,0,0,0,0
musa-acuminata-banana-df3b958f-394a-11ec-be0d-d8c4975e38aa_jpg.rf.8Zv4GkaqHKvxzcBnNzfw.jpg,0,0,0,1,0,0
musa-acuminata-ripe-926cdfb1-1d0a-11ec-90ff-d8c4975e38aa_jpg.rf.v9vzqclVrAUnrARD9loQ.jpg,0,0,0,1,0,0
musa-acuminata-freshunripe-3a80cdb5-2653-11ec-8efc-d8c4975e38aa_jpg.rf.vKsNXNxWNVlQoF49qIml.jpg,0,1,0,0,0,0
musa-acuminata-rotten-aa5834eb-1d0a-11ec-9e71-d8c4975e38aa_jpg.rf.vMfq3dpNKv0VyaP51zRY.jpg,0,0,0,0,1,0
musa-acuminata-overripe-7efee22f-2653-11ec-bbd4-d8c4975e38aa_jpg.rf.vU0EamS4fLcBrbQnn9aw.jpg,0,0,1,0,0,0
musa-acuminata-rotten-89df0931-2653-11ec-a8fb-d8c4975e38aa_jpg.rf.vcldBntpI3A3ReFYqLb2.jpg,0,0,0,1,1,0
musa-acuminata-mold-e4e24119-1d0a-11ec-8744-d8c4975e38aa_jpg.rf.vgYj2VI7PAwH3n3P0dfv.jpg,0,0,1,0,1,0
musa-acuminata-ripe-6f51f329-2653-11ec-915b-d8c4975e38aa_jpg.rf.viRYisCpQ5PEHVHoXPGm.jpg,0,0,0,1,1,0
musa-acuminata-overripe-a192b469-1d0a-11ec-8e92-d8c4975e38aa_jpg.rf.vrJcHPpIvSmL2kLqw2L3.jpg,0,0,1,0,0,0
musa-acuminata-banana-cc3cb474-394a-11ec-a01e-d8c4975e38aa_jpg.rf.wLeplag9gPtEACZXi85G.jpg,1,0,0,0,0,0
musa-acuminata-freshripe-79206690-1d0a-11ec-a0bd-d8c4975e38aa_jpg.rf.wMjJMaOVW6UUZUoo3qBV.jpg,1,0,0,0,0,0
musa-acuminata-rotten-83cca92c-2653-11ec-8ef7-d8c4975e38aa_jpg.rf.wPw2qzJlhRCClOH9t7i8.jpg,0,0,0,0,1,0
musa-acuminata-mold-e25795e6-1d0a-11ec-9f3e-d8c4975e38aa_jpg.rf.wVZ4WHPe8sX26oewHSak.jpg,0,0,1,0,1,0
musa-acuminata-banana-ebc83797-394a-11ec-9f6c-d8c4975e38aa_jpg.rf.wyfv2gQOLBGmNe0SmOjk.jpg,1,0,0,0,0,0
musa-acuminata-banana-e446297c-394a-11ec-a326-d8c4975e38aa_jpg.rf.x2tbc0E4NmUM4Onn1GPF.jpg,1,0,0,0,0,0
musa-acuminata-overripe-804ac69b-2653-11ec-9e0d-d8c4975e38aa_jpg.rf.uvWE2j9iiufBB9dtM6x8.jpg,0,0,1,0,0,0
musa-acuminata-freshripe-46941992-2653-11ec-8c18-d8c4975e38aa_jpg.rf.ujW1yoynBDNeDt5oQCVJ.jpg,1,0,0,0,0,0
musa-acuminata-rotten-82b14e82-2653-11ec-b52b-d8c4975e38aa_jpg.rf.uqnjZlspN8xyWpIY7ROZ.jpg,0,0,0,0,1,0
musa-acuminata-banana-b05ba26b-4037-11ec-a9df-94b86d66fd1d_jpg.rf.v4WAWyrOhk8P6l01YoGJ.jpg,0,1,0,0,0,1
musa-acuminata-ripe-6d0ec724-2653-11ec-980e-d8c4975e38aa_jpg.rf.xaCX1WMVI2Oky3cv7xOJ.jpg,0,0,0,1,0,0
musa-acuminata-freshunripe-6e62a4b5-1d0a-11ec-b54f-d8c4975e38aa_jpg.rf.xnEyKPJr2bbH5VdUJ1gE.jpg,0,1,0,0,0,0
musa-acuminata-banana-a89b4c01-4037-11ec-a95a-94b86d66fd1d_jpg.rf.xs4jHufhzmJk9QYdG1jS.jpg,1,0,0,1,0,0
musa-acuminata-ripe-6c574262-2653-11ec-b1a6-d8c4975e38aa_jpg.rf.y0CqWkCE161pj7E6Gyy2.jpg,0,0,0,1,0,0
musa-acuminata-freshripe-7ae494ea-1d0a-11ec-99cf-d8c4975e38aa_jpg.rf.AopkDveklEG2rzB2ZoJk.jpg,1,0,0,0,0,0
musa-acuminata-banana-ee38d910-394a-11ec-b920-d8c4975e38aa_jpg.rf.Aq09Dm5addTmY8DwAYsI.jpg,0,0,0,1,0,0
musa-acuminata-overripe-7bfb286f-2653-11ec-92cf-d8c4975e38aa_jpg.rf.Aq4fbBfFtZyAPjw2AAua.jpg,0,0,1,0,1,0
musa-acuminata-mold-e6a4b8af-1d0a-11ec-a241-d8c4975e38aa_jpg.rf.B2no3tW2U57ZrdIGRLYZ.jpg,0,0,1,0,0,0
musa-acuminata-banana-fafe75ac-394a-11ec-baa1-d8c4975e38aa_jpg.rf.B6hxvaIFpcgZRikkwyFf.jpg,1,0,0,1,0,0
musa-acuminata-rotten-8e807b5b-2653-11ec-bdef-d8c4975e38aa_jpg.rf.BxhbjFws1959gZyVt09z.jpg,0,0,0,0,1,0
musa-acuminata-unripe-86500b4b-1d0a-11ec-bbc1-d8c4975e38aa-1-_jpg.rf.wWI3s0lOLlbyuQwRfOAM.jpg,0,0,0,0,1,1
musa-acuminata-banana-f916f40e-394a-11ec-9431-d8c4975e38aa_jpg.rf.xJQKFLTRYwvOY4oALPWp.jpg,0,0,0,1,0,0
musa-acuminata-banana-9bf0ee57-394a-11ec-8541-d8c4975e38aa_jpg.rf.xHeGWBt3cuCpGW0AZjnw.jpg,0,0,0,0,1,0
musa-acuminata-unripe-8481a7ac-1d0a-11ec-859e-d8c4975e38aa-1-_jpg.rf.xN7kRtb5os6Q6gfzLcHp.jpg,0,0,0,0,1,1
musa-acuminata-unripe-7fc8a1d9-1d0a-11ec-b966-d8c4975e38aa_jpg.rf.xRE6ALRByyLaZ48BPrpv.jpg,0,0,0,0,1,1
musa-acuminata-banana-fffd2033-394a-11ec-bf70-d8c4975e38aa_jpg.rf.xVIOObNBKviVsYxsCocQ.jpg,0,0,0,1,0,0
musa-acuminata-ripe-91f81607-1d0a-11ec-8d9b-d8c4975e38aa_jpg.rf.xY4hDoDiwY71nGTm5QgC.jpg,0,0,0,1,0,0
musa-acuminata-banana-d6db36f9-4037-11ec-bf93-94b86d66fd1d_jpg.rf.DbzMK6jFVqXvb64yKhfY.jpg,0,0,0,1,0,0
musa-acuminata-freshripe-7e4ad013-1d0a-11ec-a211-d8c4975e38aa_jpg.rf.DkF1arJwOIFAGCjBZ9ng.jpg,1,0,0,0,0,0
musa-acuminata-ripe-6c4db872-2653-11ec-ab62-d8c4975e38aa_jpg.rf.DkiJ5mEFYVMSdQOTwfHs.jpg,0,0,0,1,0,0
musa-acuminata-freshunripe-2e2600f5-2653-11ec-b4da-d8c4975e38aa_jpg.rf.DpCM1sPHJkjiiKeHKZ2T.jpg,0,1,0,0,0,0
musa-acuminata-banana-8301a9f9-394a-11ec-8be5-d8c4975e38aa_jpg.rf.DsSjqO4h7KMhVAdkAHGp.jpg,0,0,1,0,1,0
musa-acuminata-rotten-8702b3c6-2653-11ec-b3e4-d8c4975e38aa_jpg.rf.DuyxSCVK3cFbbHRa3x4A.jpg,0,0,0,0,1,0
musa-acuminata-freshunripe-77482b31-1d0a-11ec-b186-d8c4975e38aa_jpg.rf.D4kdUfwg4FC5V72o0TQh.jpg,0,0,0,0,0,1
musa-acuminata-ripe-6f8b26b8-2653-11ec-98a0-d8c4975e38aa_jpg.rf.DFGs8JIPH7gC4zRvPf3D.jpg,0,0,0,1,1,0
musa-acuminata-rotten-864713b4-2653-11ec-8ed5-d8c4975e38aa_jpg.rf.CiBuT4maIL0dLdWjOpM5.jpg,0,0,0,0,1,0
musa-acuminata-freshripe-4a05f777-2653-11ec-9351-d8c4975e38aa_jpg.rf.C8jjiTepAkgScpjX9Tn5.jpg,1,0,0,0,0,0
musa-acuminata-banana-9df67b61-394a-11ec-9da9-d8c4975e38aa_jpg.rf.DRB5U2WQwG4sM2rgpbNP.jpg,0,0,1,0,1,0
musa-acuminata-banana-be57ebc3-4037-11ec-93bb-94b86d66fd1d_jpg.rf.D9Tjm5IUJfMiNywWZh8E.jpg,1,0,0,0,0,0
musa-acuminata-overripe-9cd0c677-1d0a-11ec-aaa9-d8c4975e38aa_jpg.rf.DR5nRxUdXw733w74l7ri.jpg,0,0,1,0,0,0
musa-acuminata-freshripe-4995f1e8-2653-11ec-81cb-d8c4975e38aa_jpg.rf.D9FhpqFsBs2NNqe2zgBR.jpg,1,0,0,0,0,0
musa-acuminata-banana-b227dac3-394a-11ec-8092-d8c4975e38aa_jpg.rf.mHlOZ0tbREx8zOJsb4za.jpg,0,0,0,1,0,0
musa-acuminata-mold-e4b4f97b-1d0a-11ec-be94-d8c4975e38aa_jpg.rf.mLkQGbUabdtECkuQD2f5.jpg,0,0,1,0,0,0
musa-acuminata-banana-ad07d0d9-394a-11ec-a5ad-d8c4975e38aa_jpg.rf.mTJiIPFCZii3lVUuLL0i.jpg,0,0,0,0,1,0
musa-acuminata-banana-9461c675-394a-11ec-bb0b-d8c4975e38aa_jpg.rf.mg7pJfzAEd5G8geOYa2u.jpg,0,0,1,0,1,0
musa-acuminata-ripe-7445edd1-2653-11ec-949a-d8c4975e38aa_jpg.rf.mjyPQn2xCJp91cN69c2u.jpg,0,0,0,0,1,0
musa-acuminata-ripe-6e3d78e8-2653-11ec-a828-d8c4975e38aa_jpg.rf.mmPFgVTDeuHc9aSYST3A.jpg,0,0,0,1,1,0
musa-acuminata-banana-fb3fbb1b-394a-11ec-bcf3-d8c4975e38aa_jpg.rf.mmUBJ9LY8tLKlCz5xJ3c.jpg,1,0,0,1,0,0
musa-acuminata-mold-e28741eb-1d0a-11ec-8667-d8c4975e38aa_jpg.rf.n2ppMrJBocMsrKWuvU2w.jpg,0,0,1,0,0,0
musa-acuminata-banana-ed655dd3-394a-11ec-a93b-d8c4975e38aa_jpg.rf.EMTvP1lyXMY6i6zJ0yDE.jpg,0,0,0,1,0,0
musa-acuminata-freshunripe-34ce2666-2653-11ec-9c6d-d8c4975e38aa_jpg.rf.EVjEcFn7DeuaqYl0c7M3.jpg,0,1,0,0,0,0
musa-acuminata-rotten-8e87a1be-2653-11ec-b5a1-d8c4975e38aa_jpg.rf.EYIB2F4x8HfTGYLIuJow.jpg,0,0,0,0,1,0
musa-acuminata-unripe-51b6abef-2653-11ec-bb85-d8c4975e38aa---Copy_jpg.rf.EO8OMzV8APJ9UC2rTA35.jpg,0,0,0,0,0,1
musa-acuminata-overripe-9f75aacd-1d0a-11ec-b32f-d8c4975e38aa_jpg.rf.EmFd2JucaDCMPLSa2KMR.jpg,0,0,1,0,0,0
musa-acuminata-rotten-bb486495-1d0a-11ec-90c3-d8c4975e38aa_jpg.rf.F616UQzNFwWBKURQZ5Ia.jpg,0,0,0,0,1,0
musa-acuminata-unripe-81545fc6-1d0a-11ec-8109-d8c4975e38aa-1-_jpg.rf.DxYTOFTqACZoSLWV4EbT.jpg,0,0,0,0,1,1
musa-acuminata-banana-b17d419c-394a-11ec-8010-d8c4975e38aa_jpg.rf.ElY5pNDmXelgTdAEP96A.jpg,1,0,0,0,0,0
musa-acuminata-rotten-8301c283-2653-11ec-b15d-d8c4975e38aa_jpg.rf.DyEitwh6xMw5U2g4YB2U.jpg,0,0,0,0,1,0
musa-acuminata-ripe-94662904-1d0a-11ec-b5b3-d8c4975e38aa_jpg.rf.EhZ6nojiAsMe1yNRVibI.jpg,0,0,0,1,0,0
musa-acuminata-banana-84102b94-394a-11ec-bd46-d8c4975e38aa_jpg.rf.m3ThYT3WZLgslqt900gM.jpg,0,0,0,1,1,0
musa-acuminata-unripe-8d198f87-1d0a-11ec-8814-d8c4975e38aa-1-_jpg.rf.nQeySoXIm5BVbbVZMHIa.jpg,0,0,0,0,0,1
musa-acuminata-rotten-8ceee2e1-2653-11ec-8741-d8c4975e38aa_jpg.rf.newGh2B7sVCRCgJcSpOx.jpg,0,0,0,0,1,0
musa-acuminata-freshripe-461cedbf-2653-11ec-bb2b-d8c4975e38aa_jpg.rf.nvaKWkfG7a94LVn15ecE.jpg,1,0,0,0,0,0
musa-acuminata-freshripe-4a11e215-2653-11ec-a635-d8c4975e38aa_jpg.rf.oAdq8ClnQQYBJ0qtnT5X.jpg,1,0,0,0,0,0
musa-acuminata-mold-e5ed32a0-1d0a-11ec-bcf0-d8c4975e38aa_jpg.rf.oUWfJ8aT3x7xgcljtcka.jpg,0,0,1,0,0,0
musa-acuminata-mold-e6750d90-1d0a-11ec-9b9f-d8c4975e38aa_jpg.rf.oeVBPK7MivCaWn7LBm0D.jpg,0,0,1,0,0,0
musa-acuminata-freshripe-78045409-1d0a-11ec-8cb5-d8c4975e38aa_jpg.rf.ofap4ULLpyF2jVK2paAT.jpg,1,0,0,0,0,0
musa-acuminata-ripe-6ac212af-2653-11ec-b574-d8c4975e38aa_jpg.rf.nHCe8dJ6HEYKoHtfcBVT.jpg,0,0,0,1,0,0
musa-acuminata-unripe-5fb29198-2653-11ec-96b0-d8c4975e38aa---Copy_jpg.rf.nH0MiFBvmbr8q6Ljdpdu.jpg,0,0,0,0,0,1
musa-acuminata-freshripe-7d91609e-1d0a-11ec-96bb-d8c4975e38aa_jpg.rf.nNskYrMAEgP8fogKEVJ8.jpg,1,0,0,0,0,0
musa-acuminata-ripe-9322038a-1d0a-11ec-ae86-d8c4975e38aa_jpg.rf.nNIryonrRXH9FjXQpNBL.jpg,0,0,0,1,0,0
musa-acuminata-ripe-938fa6cf-1d0a-11ec-99b7-d8c4975e38aa_jpg.rf.nKV0h5FpJFiJE38VYl6O.jpg,0,0,0,1,0,0
musa-acuminata-banana-9ff02abc-394a-11ec-bc01-d8c4975e38aa_jpg.rf.nLkdFyZGvxy0Awdts8s6.jpg,0,0,0,0,1,0
musa-acuminata-ripe-6b6b4bc5-2653-11ec-8f25-d8c4975e38aa_jpg.rf.MQ06MbD5N3T1FqzX6ilb.jpg,0,0,0,1,0,0
musa-acuminata-banana-b62d4b97-394a-11ec-9721-d8c4975e38aa_jpg.rf.MQ11yLUSQIuhvqCVjB6s.jpg,1,0,0,1,1,0
musa-acuminata-banana-af1c7ee3-394a-11ec-b586-d8c4975e38aa_jpg.rf.MSUvhpc88Nu6Yu1wjP2G.jpg,0,0,0,1,0,0
musa-acuminata-rotten-8f24e178-2653-11ec-a8d9-d8c4975e38aa_jpg.rf.MTaUXCcCXdxX9R2ets82.jpg,0,0,0,0,1,0
musa-acuminata-unripe-8a7e325a-1d0a-11ec-a0c5-d8c4975e38aa-1-_jpg.rf.MnCgxOH5w4idXj8KfY8T.jpg,0,1,0,0,0,1
musa-acuminata-banana-bb123b37-4037-11ec-9d9f-94b86d66fd1d_jpg.rf.MpzFoVZEFVOZN257a2pw.jpg,0,1,0,0,0,0
musa-acuminata-freshunripe-198e571e-2653-11ec-a90f-d8c4975e38aa_jpg.rf.MvqGZ7mAuynMuuDA731G.jpg,0,1,0,0,0,0
musa-acuminata-freshunripe-68cf2121-1d0a-11ec-a95b-d8c4975e38aa_jpg.rf.MxX31zP3YD4DJ7HjpFI1.jpg,0,1,0,0,0,0
musa-acuminata-banana-84c83f01-394a-11ec-a711-d8c4975e38aa_jpg.rf.N3lZkGU2AXGj05dVbog8.jpg,0,0,1,0,0,0
musa-acuminata-overripe-7e423ed9-2653-11ec-8ffd-d8c4975e38aa_jpg.rf.pflOZ6cnCJYUn7BnfeGw.jpg,0,0,1,0,0,0
musa-acuminata-banana-e496f2f1-394a-11ec-97a6-d8c4975e38aa_jpg.rf.MLRkhS0mrwwf6RHrRacW.jpg,0,0,0,1,0,0
musa-acuminata-overripe-9d8f7334-1d0a-11ec-afed-d8c4975e38aa_jpg.rf.pD2SkVmuTsqzi21uyCvT.jpg,0,0,1,0,1,0
musa-acuminata-unripe-8ccd4921-1d0a-11ec-bf2a-d8c4975e38aa-1-_jpg.rf.pVUFbPjWuLrN6AHfNxpP.jpg,0,0,0,0,0,1
musa-acuminata-mold-e2f01e4e-1d0a-11ec-94aa-d8c4975e38aa_jpg.rf.p0LwFlh1MYYSMPhYxcp6.jpg,0,0,1,0,0,0
musa-acuminata-banana-db6607bf-4037-11ec-9ba7-94b86d66fd1d_jpg.rf.q65dz0i7bXZOBPAc7cxa.jpg,1,0,0,1,0,0
musa-acuminata-banana-eccb2f54-394a-11ec-931d-d8c4975e38aa_jpg.rf.pRdeoEeWvNpKTTVgDXHM.jpg,0,0,0,1,0,0
musa-acuminata-ripe-92bb86e0-1d0a-11ec-89b6-d8c4975e38aa_jpg.rf.MMzU7ThSfZ7sayS1hz40.jpg,0,0,0,1,0,0
musa-acuminata-mold-e68f454e-1d0a-11ec-8115-d8c4975e38aa_jpg.rf.psRYr0Qwvp4PuyPwc5xd.jpg,0,0,1,0,0,0
musa-acuminata-unripe-8dc9edb9-1d0a-11ec-84b4-d8c4975e38aa-1-_jpg.rf.MOtOD9OuOkXWjzvm44CO.jpg,0,1,0,0,0,0
musa-acuminata-ripe-6fef412d-2653-11ec-8ce8-d8c4975e38aa_jpg.rf.MPzKlzcLOgr7DUam2jQ7.jpg,0,0,0,1,1,0
musa-acuminata-banana-af6d908a-4037-11ec-bf3f-94b86d66fd1d_jpg.rf.p9Llx8ujcPaz3r5NQEcW.jpg,0,1,0,0,0,1
musa-acuminata-freshunripe-2cf74f63-2653-11ec-8ba8-d8c4975e38aa_jpg.rf.NJgwbjZ88o8g5gUMArAw.jpg,0,1,0,0,0,0
musa-acuminata-banana-d5573c76-4037-11ec-9a39-94b86d66fd1d_jpg.rf.NYORMdZvzY3tN5R60pNp.jpg,0,0,0,1,0,0
musa-acuminata-banana-c7ac4bf9-394a-11ec-a92d-d8c4975e38aa_jpg.rf.NcXEOn4lg8Qv1QDFxKpI.jpg,0,0,0,1,0,0
musa-acuminata-banana-ed209e33-394a-11ec-a6ef-d8c4975e38aa_jpg.rf.Ne3WzZ493Jwq0SwA6Eep.jpg,1,0,0,1,0,0
musa-acuminata-rotten-ba77e80c-1d0a-11ec-b095-d8c4975e38aa_jpg.rf.NfPhuvPEm9TT4WRYGelg.jpg,0,0,0,0,1,0
musa-acuminata-ripe-99319f76-1d0a-11ec-9dec-d8c4975e38aa_jpg.rf.NfWElZj7VBPTGE604BC4.jpg,0,0,0,1,1,0
musa-acuminata-banana-a1ece572-394a-11ec-add4-d8c4975e38aa_jpg.rf.NsSvl2o7ainjVTPMYsuI.jpg,0,0,0,1,0,0
musa-acuminata-freshunripe-65da23ce-1d0a-11ec-add4-d8c4975e38aa_jpg.rf.NvqWY5EkTmCvh2E76Tfo.jpg,0,1,0,0,0,0
musa-acuminata-freshripe-481d5d4c-2653-11ec-8221-d8c4975e38aa_jpg.rf.OEPcQTz2w6DVyGdm0oyT.jpg,1,0,0,0,0,0
musa-acuminata-ripe-6caaac9f-2653-11ec-b14e-d8c4975e38aa_jpg.rf.OG1MXlNRmWdMiWCU6L8l.jpg,0,0,0,1,0,0
musa-acuminata-freshunripe-2bd2262e-2653-11ec-aa4d-d8c4975e38aa_jpg.rf.OU2ePFqYLqyMfl2jvHv0.jpg,0,1,0,0,0,0
musa-acuminata-banana-d665aa13-4037-11ec-959f-94b86d66fd1d_jpg.rf.Oc3qxbVuoWKY8MImshUO.jpg,0,0,0,1,0,0
musa-acuminata-rotten-84f7bffd-2653-11ec-a768-d8c4975e38aa_jpg.rf.OiAqAUokHM4QvmqKhsTR.jpg,0,0,0,0,1,0
musa-acuminata-unripe-882a5732-1d0a-11ec-a03d-d8c4975e38aa-1-_jpg.rf.4BUb4dahwR3CDz01tOxq.jpg,0,0,0,0,1,1
musa-acuminata-freshripe-4e57df73-2653-11ec-9b0d-d8c4975e38aa_jpg.rf.MUh7mhLHkf8iNlRCSc3w.jpg,1,0,0,0,0,0
musa-acuminata-rotten-a662ef2e-1d0a-11ec-8d60-d8c4975e38aa_jpg.rf.NHvMbYA4B9yh1R5KE7M4.jpg,0,0,0,0,1,0
musa-acuminata-freshunripe-6c5f41e3-1d0a-11ec-9312-d8c4975e38aa_jpg.rf.MeEKGKqGT64hfRPOI6rF.jpg,0,1,0,0,0,0
musa-acuminata-banana-c646dd9d-4037-11ec-9862-94b86d66fd1d_jpg.rf.NFhVoGHHdIXb7PIJpuNS.jpg,1,0,0,0,0,0
musa-acuminata-rotten-8137e0ba-2653-11ec-8d4d-d8c4975e38aa_jpg.rf.5MKdWQCBK2uvgZmAzy9n.jpg,0,0,0,0,1,0
musa-acuminata-banana-8f0b6e3c-394a-11ec-8c4e-d8c4975e38aa_jpg.rf.5RT2QfPvO2sRD7uqENXs.jpg,0,0,1,0,0,0
musa-acuminata-ripe-7173c092-2653-11ec-85d5-d8c4975e38aa_jpg.rf.5U6bTbLvB21Bxr19noCT.jpg,0,0,0,1,1,0
musa-acuminata-rotten-b42eb63c-1d0a-11ec-b2dd-d8c4975e38aa_jpg.rf.5Uwa7ze5U3fDi3sugdLw.jpg,0,0,0,0,1,0
musa-acuminata-rotten-83fcdd8b-2653-11ec-b103-d8c4975e38aa_jpg.rf.5i4Xp1mNK9LUyFf6UyAP.jpg,0,0,0,0,1,0
musa-acuminata-overripe-7d701a0d-2653-11ec-a9e9-d8c4975e38aa_jpg.rf.5lUoCkXjxOifw04xNZbw.jpg,0,0,1,0,1,0
musa-acuminata-overripe-7d68c2e1-2653-11ec-be71-d8c4975e38aa_jpg.rf.5lmTVps9AttPRdXNJiGr.jpg,0,0,1,0,0,0
musa-acuminata-banana-a4083297-394a-11ec-8cde-d8c4975e38aa_jpg.rf.5m1JrvNAGm16BOf8M3f1.jpg,0,0,1,0,0,0
musa-acuminata-banana-bf37b704-394a-11ec-9e4a-d8c4975e38aa_jpg.rf.5rf3xuMNI6HplG186cri.jpg,1,0,0,1,0,0
musa-acuminata-banana-856f8ced-394a-11ec-b6b4-d8c4975e38aa_jpg.rf.5sZewDL863dRDn7pTUV1.jpg,0,0,1,0,1,0
musa-acuminata-freshripe-7efca8ec-1d0a-11ec-ab1a-d8c4975e38aa_jpg.rf.5z5M0xXNsSUo8Hh9e7Hd.jpg,1,0,0,0,0,0
musa-acuminata-rotten-85066148-2653-11ec-b4dc-d8c4975e38aa_jpg.rf.5zfL1uzF2ZIG7IAqbqnf.jpg,0,0,0,0,1,0
musa-acuminata-banana-aecd17f1-394a-11ec-a950-d8c4975e38aa_jpg.rf.69gYmgm4Som5LmxxqjZ7.jpg,0,0,0,1,0,0
musa-acuminata-overripe-7f97a623-2653-11ec-9292-d8c4975e38aa_jpg.rf.4WFzyAEiRjS4z7Sgx3BL.jpg,0,0,1,0,0,0
musa-acuminata-ripe-73a63d64-2653-11ec-a5a6-d8c4975e38aa_jpg.rf.4yOHp0RYPfvr4SSz1u5p.jpg,0,0,0,0,1,0
musa-acuminata-freshripe-457adb53-2653-11ec-bd7a-d8c4975e38aa_jpg.rf.4PzjPE7P2MGxroUM0Kof.jpg,1,0,0,0,0,0
musa-acuminata-overripe-9e6d1b6a-1d0a-11ec-a44f-d8c4975e38aa_jpg.rf.4yqn9j0HCeAOonAdpx9n.jpg,0,0,1,0,1,0
musa-acuminata-freshunripe-6ff6a23f-1d0a-11ec-9aa9-d8c4975e38aa_jpg.rf.4ac4G2wWFwfvDzaIOZja.jpg,0,1,0,0,0,0
musa-acuminata-overripe-74c90459-2653-11ec-b617-d8c4975e38aa_jpg.rf.54xcn54gMWoQNSVDgdlA.jpg,0,0,1,0,0,0
musa-acuminata-unripe-815925ff-1d0a-11ec-9eaa-d8c4975e38aa_jpg.rf.56DWSbjXyJ01o8OhaHUL.jpg,0,0,0,0,1,1
musa-acuminata-banana-c728670b-394a-11ec-82b8-d8c4975e38aa_jpg.rf.6aKCayc8VOACiHdFcEMm.jpg,1,0,0,0,0,0
musa-acuminata-ripe-94a420f4-1d0a-11ec-9a34-d8c4975e38aa_jpg.rf.6hiLCaHaNYzWwU0sEJhS.jpg,0,0,0,1,0,0
musa-acuminata-unripe-8e9bad05-1d0a-11ec-a7fd-d8c4975e38aa-1-_jpg.rf.6oYkhJzSTcOEpWqKKkwF.jpg,0,0,0,0,0,1
musa-acuminata-mold-e5c4b03e-1d0a-11ec-b334-d8c4975e38aa_jpg.rf.76doh3PLH57vVYcvZ32g.jpg,0,0,1,0,0,0
musa-acuminata-banana-e43446c1-394a-11ec-a9bb-d8c4975e38aa_jpg.rf.IjDRp9Z34wv0KCd1R40q.jpg,1,0,0,0,0,0
musa-acuminata-banana-aa905ad6-394a-11ec-9ab7-d8c4975e38aa_jpg.rf.J0HawPjhb9NGPVdbZG8h.jpg,0,0,1,0,1,0
musa-acuminata-overripe-7ea76759-2653-11ec-b145-d8c4975e38aa_jpg.rf.J51GoXEK3UJORYj992Jv.jpg,0,0,1,0,0,0
musa-acuminata-freshunripe-31741e4a-2653-11ec-9334-d8c4975e38aa_jpg.rf.JEB9v9UmZZHSGxGqXiwb.jpg,0,1,0,0,0,0
musa-acuminata-banana-c9e287fe-394a-11ec-83fb-d8c4975e38aa_jpg.rf.JRatXdy5bTnHisXd18Fi.jpg,0,0,0,1,0,0
musa-acuminata-ripe-6b1f06ab-2653-11ec-b612-d8c4975e38aa_jpg.rf.Jcz8OUgybQt9doMSkaXv.jpg,0,0,0,1,0,0
musa-acuminata-mold-e37336a1-1d0a-11ec-a0f8-d8c4975e38aa_jpg.rf.JsCLMUkRPs47NTjz5WxV.jpg,0,0,1,0,1,0
musa-acuminata-ripe-91e9c91e-1d0a-11ec-a0cf-d8c4975e38aa_jpg.rf.Jxc7LGOezcHVDtNOGNnG.jpg,0,0,0,1,0,0
musa-acuminata-rotten-85b7b26f-2653-11ec-b54c-d8c4975e38aa_jpg.rf.KAsGS9bTrAHaLdRoX68P.jpg,0,0,0,0,1,0
musa-acuminata-rotten-8f6a4a86-2653-11ec-b4aa-d8c4975e38aa_jpg.rf.KAzCCb8osCWWxb5M6GFg.jpg,0,0,0,1,1,0
musa-acuminata-rotten-8e722e20-2653-11ec-8cf9-d8c4975e38aa_jpg.rf.KHGlUr9JoNUIR5RpR2VV.jpg,0,0,0,0,1,0
musa-acuminata-banana-b0ef2c2f-394a-11ec-9b76-d8c4975e38aa_jpg.rf.6G0A03HtM4KwhG3YmgbR.jpg,1,0,0,1,0,0
musa-acuminata-rotten-bbe71525-1d0a-11ec-8c64-d8c4975e38aa_jpg.rf.6A4g6yb9veMHVKGzoWyR.jpg,0,0,0,0,1,0
musa-acuminata-banana-eda36fb5-394a-11ec-83b5-d8c4975e38aa_jpg.rf.6Hh6Wx8iZNpRbLbHwt1U.jpg,1,0,0,0,0,0
musa-acuminata-overripe-9bf0bbae-1d0a-11ec-b453-d8c4975e38aa_jpg.rf.6YrbJIITokvMCpGveFGB.jpg,0,0,1,0,0,0
musa-acuminata-rotten-bb988632-1d0a-11ec-9dd8-d8c4975e38aa_jpg.rf.6LEKTFMfuRb3fsg8teh2.jpg,0,0,0,0,1,0
musa-acuminata-freshunripe-663d21b2-1d0a-11ec-a63d-d8c4975e38aa_jpg.rf.L2kFMDgw3pT2EddPH4Km.jpg,0,1,0,0,0,0
musa-acuminata-banana-a9bcd147-4037-11ec-a1f1-94b86d66fd1d_jpg.rf.L8BMS872SFQQH26s2EMI.jpg,1,0,0,0,0,0
musa-acuminata-banana-92b90fa1-394a-11ec-99a9-d8c4975e38aa_jpg.rf.L9A7zulSVFdtPoeXIT2G.jpg,0,0,1,0,0,0
musa-acuminata-overripe-75665409-2653-11ec-ad79-d8c4975e38aa_jpg.rf.L9eGr7Jgnas4da4G8mxH.jpg,0,0,1,0,1,0
musa-acuminata-freshunripe-25502364-2653-11ec-b785-d8c4975e38aa_jpg.rf.KDJUUncZNl3Ns8GJPnlI.jpg,0,1,0,0,0,0
musa-acuminata-banana-de5e501b-394a-11ec-a9ca-d8c4975e38aa_jpg.rf.KNPQO7VC48OVoeMUDxnn.jpg,0,0,0,1,0,0
musa-acuminata-banana-b1b4d493-394a-11ec-85b5-d8c4975e38aa_jpg.rf.Kazd3pVi23JLF1cUBltq.jpg,1,0,0,0,0,0
musa-acuminata-rotten-87cf2088-2653-11ec-b9bd-d8c4975e38aa_jpg.rf.KPagsT0qk2wLn3nRpner.jpg,0,0,0,0,1,0
musa-acuminata-unripe-8327fb78-1d0a-11ec-9f01-d8c4975e38aa-1-_jpg.rf.KuBsltnHpruRriK2QvYE.jpg,0,0,0,0,1,1
musa-acuminata-overripe-74ecc616-2653-11ec-a3f5-d8c4975e38aa_jpg.rf.0OoD2wlie47uign48Rqf.jpg,0,0,1,0,0,0
musa-acuminata-banana-ac6ca072-394a-11ec-97dd-d8c4975e38aa_jpg.rf.zByh0D56nvl0KkqtuRhb.jpg,0,0,1,1,1,0
musa-acuminata-banana-d7df5560-4037-11ec-ae36-94b86d66fd1d_jpg.rf.0dqEm6osSdsdKDpFqs39.jpg,1,0,0,0,0,0
musa-acuminata-banana-c5c9c75b-394a-11ec-b633-d8c4975e38aa_jpg.rf.0mRblpuKd5RBkYCUyGLI.jpg,1,0,0,1,0,0
musa-acuminata-banana-c88745d6-394a-11ec-bf3d-d8c4975e38aa_jpg.rf.znu5LclBPuWnex2m6MsE.jpg,1,0,0,0,0,0
musa-acuminata-freshripe-7f28d0e2-1d0a-11ec-96f9-d8c4975e38aa_jpg.rf.0wAfBhhCJYNEAcYKYmn1.jpg,1,0,0,0,0,0
musa-acuminata-freshripe-7a565d05-1d0a-11ec-851c-d8c4975e38aa_jpg.rf.zvPhXpgBm3UqFx2lkLGV.jpg,1,0,0,0,0,0
musa-acuminata-rotten-a24c9c9f-1d0a-11ec-8ab9-d8c4975e38aa_jpg.rf.moKh4Xhm2hY5P7XSDzBB.jpg,0,0,0,0,1,0
musa-acuminata-mold-e191c16a-1d0a-11ec-9589-d8c4975e38aa_jpg.rf.muMEPU79Y5jLWP1MS5Ay.jpg,0,0,0,1,1,0
musa-acuminata-ripe-70d1ae00-2653-11ec-906d-d8c4975e38aa_jpg.rf.muvDgnyBh7wbbBpT7xUo.jpg,0,0,0,0,1,0
musa-acuminata-rotten-81d821bc-2653-11ec-9eed-d8c4975e38aa_jpg.rf.13pAYxaOfBL9garlFQkg.jpg,0,0,0,0,1,0
musa-acuminata-mold-e30cb9be-1d0a-11ec-b03c-d8c4975e38aa_jpg.rf.n04LbPUZfER8UmrwLtNo.jpg,0,0,1,0,1,0
musa-acuminata-overripe-80cf53e7-2653-11ec-b2da-d8c4975e38aa_jpg.rf.msrXvZkKzZOlxJjg9roS.jpg,0,0,1,0,1,0
musa-acuminata-banana-ed9e21bb-394a-11ec-9ff7-d8c4975e38aa_jpg.rf.n6vlKOrrmkEuMh8lgs6G.jpg,1,0,0,0,0,0
musa-acuminata-rotten-83d48cd8-2653-11ec-bd14-d8c4975e38aa_jpg.rf.nCd04slRqAKBnmm9L5t1.jpg,0,0,0,0,1,0
musa-acuminata-freshunripe-202e5154-2653-11ec-9da7-d8c4975e38aa_jpg.rf.1EFNyQROYR230jSEYXJU.jpg,0,1,0,0,0,0
musa-acuminata-overripe-9d1d0b4f-1d0a-11ec-9943-d8c4975e38aa_jpg.rf.naQ4ZgVoExpoe5glpiFi.jpg,0,0,1,0,0,0
musa-acuminata-banana-b59b4d9f-394a-11ec-9942-d8c4975e38aa_jpg.rf.o1FSRyBggAM0o3XPqZLL.jpg,1,0,0,1,0,0
musa-acuminata-rotten-bb0245bf-1d0a-11ec-8ba6-d8c4975e38aa_jpg.rf.noiO9ZBHAypEZae08PwY.jpg,0,0,0,0,1,0
musa-acuminata-freshunripe-6b6eeeb4-1d0a-11ec-b6a2-d8c4975e38aa_jpg.rf.nozSxFgvxFeAXwK479Xf.jpg,0,1,0,0,0,0
musa-acuminata-unripe-82bb12e4-1d0a-11ec-afe4-d8c4975e38aa-1-_jpg.rf.o8Fsq6hhmPTlkPYZ6emG.jpg,0,0,0,0,0,1
musa-acuminata-banana-b2662668-394a-11ec-8e88-d8c4975e38aa_jpg.rf.oCKa4XWN1TcVgf1COXqu.jpg,1,0,0,0,0,0
musa-acuminata-unripe-8783828e-1d0a-11ec-9472-d8c4975e38aa-1-_jpg.rf.mxFeAtoKNx7GVciLINEL.jpg,0,0,0,0,0,1
musa-acuminata-mold-e450df9a-1d0a-11ec-ba86-d8c4975e38aa_jpg.rf.oSCE7FJgZy6euG264vbW.jpg,0,0,1,0,0,0
musa-acuminata-overripe-9f4d260f-1d0a-11ec-b0a9-d8c4975e38aa_jpg.rf.1QbJGHrOHSvw0bs0XyXY.jpg,0,0,1,0,0,0
musa-acuminata-banana-ab05f94e-394a-11ec-b1dc-d8c4975e38aa_jpg.rf.oadCAe3mYy1fYxnfMnZ0.jpg,0,0,1,1,1,0
musa-acuminata-banana-8b4f22e4-394a-11ec-9d08-d8c4975e38aa_jpg.rf.oJxSd3wbvsAUml6jVLcS.jpg,0,0,0,0,1,0
musa-acuminata-banana-a5a7f81c-394a-11ec-8bc6-d8c4975e38aa_jpg.rf.oaGCJlIJpkLPEFKCSytH.jpg,0,0,1,0,1,0
musa-acuminata-mold-e5da22c8-1d0a-11ec-a85a-d8c4975e38aa_jpg.rf.ocus9KmtSBkropo5lffO.jpg,0,0,1,0,0,0
musa-acuminata-ripe-73a63d65-2653-11ec-ad14-d8c4975e38aa_jpg.rf.oji6wmUpW9lFYT6XQzl5.jpg,0,0,0,0,1,0
musa-acuminata-freshripe-7c03b392-1d0a-11ec-b584-d8c4975e38aa_jpg.rf.oiVSxMHOtHqHZifyOIbP.jpg,1,0,0,0,0,0
musa-acuminata-ripe-92bb86e1-1d0a-11ec-9467-d8c4975e38aa_jpg.rf.omtyJoXnwMPWSE0lVG1R.jpg,0,0,0,1,0,0
musa-acuminata-banana-e4d5efc0-394a-11ec-be82-d8c4975e38aa_jpg.rf.p2gGviTeBUMsmZaNCNvz.jpg,0,0,0,1,0,0
musa-acuminata-unripe-8db93f86-1d0a-11ec-86b5-d8c4975e38aa-1-_jpg.rf.omTQYBnE8kg9hyXbAogD.jpg,0,1,0,0,0,0
musa-acuminata-mold-e1942391-1d0a-11ec-8b06-d8c4975e38aa_jpg.rf.pC0ZGaIbegjauXilB5or.jpg,0,0,1,0,0,0
musa-acuminata-freshunripe-1da5da18-2653-11ec-984d-d8c4975e38aa_jpg.rf.pVcZ0LN1tiUX4i2ZUEMr.jpg,0,1,0,0,0,0
musa-acuminata-rotten-8860f059-2653-11ec-bfdf-d8c4975e38aa_jpg.rf.pCPf8ALMAeRJ9AQNOcH2.jpg,0,0,0,0,1,0
musa-acuminata-mold-e39bb9b3-1d0a-11ec-9ecc-d8c4975e38aa_jpg.rf.pkkj4GuxXNNPqxF5ORFK.jpg,0,0,1,0,1,0
musa-acuminata-overripe-9d5fc7ca-1d0a-11ec-9dfb-d8c4975e38aa_jpg.rf.pjTurARuzRdoq8xoNVRN.jpg,0,0,1,0,0,0
musa-acuminata-rotten-ac8f855e-1d0a-11ec-8dff-d8c4975e38aa_jpg.rf.pgya7bHiXoT8N1hm0RgV.jpg,0,0,0,0,1,0
musa-acuminata-freshunripe-73971497-1d0a-11ec-b219-d8c4975e38aa_jpg.rf.lpLIJBhA8wDGqkwIOfFv.jpg,0,1,0,0,0,1
musa-acuminata-freshunripe-1e3e13e3-2653-11ec-93bf-d8c4975e38aa_jpg.rf.lzlxdJM8i74rvx1gQz7e.jpg,0,1,0,0,0,0
musa-acuminata-rotten-a23002c1-1d0a-11ec-9821-d8c4975e38aa_jpg.rf.mBzv2ly05D2I3dO7b2Gj.jpg,0,0,0,0,1,0
musa-acuminata-mold-e43b6a24-1d0a-11ec-bd4d-d8c4975e38aa_jpg.rf.lqIjlCF7Lr1nrQk1H92q.jpg,0,0,1,0,1,0
musa-acuminata-banana-e44dbd80-394a-11ec-89aa-d8c4975e38aa_jpg.rf.mGacxBd5JsVR30fds0ho.jpg,1,0,0,0,0,0
musa-acuminata-ripe-96e0267c-1d0a-11ec-9945-d8c4975e38aa_jpg.rf.mWLAu8dlsNJpx80YMY9e.jpg,0,0,0,1,1,0
musa-acuminata-overripe-7c7fbd88-2653-11ec-b2c6-d8c4975e38aa_jpg.rf.mRX7KdJVIfJ8AIlMKYxi.jpg,0,0,1,0,0,0
musa-acuminata-banana-9f394b06-394a-11ec-8296-d8c4975e38aa_jpg.rf.mterEau7a4GRPmHrc0Hl.jpg,0,0,0,0,1,0
musa-acuminata-banana-b1b629d8-4037-11ec-b87f-94b86d66fd1d_jpg.rf.nADv2juvAyi1ApJVIEU9.jpg,0,1,0,0,0,1
musa-acuminata-banana-edd917a9-394a-11ec-a374-d8c4975e38aa_jpg.rf.nTw080i5GpmHIkxB0jfG.jpg,0,0,0,1,0,0
musa-acuminata-banana-d875f330-4037-11ec-b14e-94b86d66fd1d_jpg.rf.nXkFIVekz3Id2YDKCqxW.jpg,1,0,0,0,0,0
musa-acuminata-overripe-a0ab8327-1d0a-11ec-9875-d8c4975e38aa_jpg.rf.ndOQZ3h3ofyRm6Ra6GuJ.jpg,0,0,1,0,0,0
musa-acuminata-freshunripe-2feadad6-2653-11ec-a037-d8c4975e38aa_jpg.rf.nusnybzLqpawdc1hFcJq.jpg,0,1,0,0,0,0
musa-acuminata-banana-fe5c431d-394a-11ec-8d9a-d8c4975e38aa_jpg.rf.oS5mTkYDkHi9eAnCw7y8.jpg,1,0,0,1,0,0
musa-acuminata-ripe-74569d08-2653-11ec-9dd5-d8c4975e38aa_jpg.rf.obXyZ6Pf5apkPAlcxJZW.jpg,0,0,0,0,1,0
musa-acuminata-banana-c79a4291-394a-11ec-88c1-d8c4975e38aa_jpg.rf.ogsXoKac7bhbl4WAuW1B.jpg,0,0,0,1,0,0
musa-acuminata-unripe-88cecd35-1d0a-11ec-9fe5-d8c4975e38aa-1-_jpg.rf.ojAKeQ9PnznwYsGxmI5X.jpg,0,0,0,0,0,1
musa-acuminata-banana-f0a7235c-394a-11ec-9d93-d8c4975e38aa_jpg.rf.oqcPlLXXuHqAIbuE3MN9.jpg,1,0,0,0,0,0
musa-acuminata-mold-e6a97f51-1d0a-11ec-a43e-d8c4975e38aa_jpg.rf.qFBZBPzMYSN6GbJzTni0.jpg,0,0,1,0,0,0
musa-acuminata-ripe-6cf48f72-2653-11ec-afc6-d8c4975e38aa_jpg.rf.pOpReVHWgVCW79CpGxC6.jpg,0,0,0,1,0,0
musa-acuminata-ripe-921bd64d-1d0a-11ec-b325-d8c4975e38aa_jpg.rf.pZVlTCNoKKLlWG2LZ6lO.jpg,0,0,0,1,0,0
musa-acuminata-banana-ae9575ab-394a-11ec-9a17-d8c4975e38aa_jpg.rf.piYx5JmQ69pbegX2fqH1.jpg,0,0,0,1,0,0
musa-acuminata-ripe-6dd49a0b-2653-11ec-879d-d8c4975e38aa_jpg.rf.pEhA2p6aF4qQPMntAJth.jpg,0,0,0,1,1,0
musa-acuminata-banana-b60deb80-394a-11ec-90bc-d8c4975e38aa_jpg.rf.pq324QdZFDdaoikvAA3e.jpg,1,0,0,1,1,0
musa-acuminata-freshripe-4cd5c236-2653-11ec-b56d-d8c4975e38aa_jpg.rf.qbEGjTMjiRZYs6kmHJfB.jpg,1,0,0,0,0,0
musa-acuminata-freshunripe-75233a9f-1d0a-11ec-bdd6-d8c4975e38aa_jpg.rf.qTOXrdgPRafCQECj3Z9D.jpg,0,0,0,0,0,1
musa-acuminata-freshripe-46f10db2-2653-11ec-a771-d8c4975e38aa_jpg.rf.qgZ1Odfax1XWGPyRbNDQ.jpg,1,0,0,0,0,0
musa-acuminata-freshripe-7bbe274a-1d0a-11ec-b79e-d8c4975e38aa_jpg.rf.quJ82BODx8FRJg9bviRV.jpg,1,0,0,0,0,0
musa-acuminata-banana-f9121bc0-394a-11ec-b7b3-d8c4975e38aa_jpg.rf.3ADpqmj44JhimmzWs6DM.jpg,0,0,0,1,0,0
musa-acuminata-freshripe-449f9667-2653-11ec-b5a8-d8c4975e38aa_jpg.rf.qrsXYS0bWnHmWEyYGXt1.jpg,1,0,0,0,0,0
musa-acuminata-banana-eb9205f6-394a-11ec-b0ca-d8c4975e38aa_jpg.rf.3E683PE60KcUFvybkFdR.jpg,1,0,0,0,0,0
musa-acuminata-banana-bb8c3c85-4037-11ec-b9d9-94b86d66fd1d_jpg.rf.3FesQ2bclBTQy3iAdfAm.jpg,0,1,0,0,0,0
musa-acuminata-unripe-85fa3c69-1d0a-11ec-9617-d8c4975e38aa-1-_jpg.rf.3JkqHbxkweunx8jVDYC0.jpg,0,0,0,0,1,1
musa-acuminata-overripe-7d3b52c1-2653-11ec-bf5f-d8c4975e38aa_jpg.rf.qhUUwHw0LCEpA4t01qHR.jpg,0,0,1,0,1,0
musa-acuminata-unripe-858311ff-1d0a-11ec-a19d-d8c4975e38aa-1-_jpg.rf.3Mm8UDw40JLMMLukfd8U.jpg,0,0,0,0,0,1
musa-acuminata-rotten-811a055e-2653-11ec-83eb-d8c4975e38aa_jpg.rf.3UWV0snPfnz4qMlAQUKW.jpg,0,0,0,0,1,0
musa-acuminata-rotten-b5f7f2dd-1d0a-11ec-a7d0-d8c4975e38aa_jpg.rf.3V30Z7uGLqyA9s8j9qU2.jpg,0,0,0,0,1,0
musa-acuminata-mold-e5334cbc-1d0a-11ec-90db-d8c4975e38aa_jpg.rf.3uqwyTj5WG91O7zG32uT.jpg,0,0,1,0,1,0
musa-acuminata-ripe-9516886e-1d0a-11ec-a01f-d8c4975e38aa_jpg.rf.3S6RosZHdPMSfqJ5cs2R.jpg,0,0,0,1,0,0
musa-acuminata-banana-88ee68a9-394a-11ec-ae6d-d8c4975e38aa_jpg.rf.3xxJlksfZwy1RI3OFaB0.jpg,0,0,1,0,1,0
musa-acuminata-ripe-95ce0e68-1d0a-11ec-8bc4-d8c4975e38aa_jpg.rf.3V6YGnJWzikJVxC5vDkr.jpg,0,0,0,1,1,0
musa-acuminata-rotten-b0c02341-1d0a-11ec-93b1-d8c4975e38aa_jpg.rf.48HLyVmaxIL3h0lO5nfN.jpg,0,0,0,0,1,0
musa-acuminata-freshunripe-226ae503-2653-11ec-aafc-d8c4975e38aa_jpg.rf.4hTUzXfXVDi3HNuK4RBe.jpg,0,1,0,0,0,0
musa-acuminata-ripe-6b04cf0f-2653-11ec-8913-d8c4975e38aa_jpg.rf.4qbcJVN4GYpN4pqJLu8x.jpg,0,0,0,1,0,0
musa-acuminata-freshunripe-3898360d-2653-11ec-a076-d8c4975e38aa_jpg.rf.4kkQgn8JfhUlJgjLd80u.jpg,0,1,0,0,0,0
musa-acuminata-unripe-84165571-1d0a-11ec-b131-d8c4975e38aa-1-_jpg.rf.4QTV6TuHdgZhCZT0Mji3.jpg,0,0,0,0,0,1
musa-acuminata-freshunripe-649f44fe-1d0a-11ec-9399-d8c4975e38aa_jpg.rf.4BV5rAOAV8jkU1ENm3OX.jpg,0,1,0,0,0,0
musa-acuminata-unripe-5e922cce-2653-11ec-8680-d8c4975e38aa---Copy_jpg.rf.5PYqbpQgYWOMShVKbJCM.jpg,0,0,0,0,0,1
musa-acuminata-freshunripe-66ff6601-1d0a-11ec-80a5-d8c4975e38aa_jpg.rf.5ZMtY0hkkS3VVpo2Oyg5.jpg,0,1,0,0,0,0
musa-acuminata-banana-a924ab5e-4037-11ec-a7fa-94b86d66fd1d_jpg.rf.5YkjtknfQd5mlWwIx33u.jpg,1,0,0,0,0,0
musa-acuminata-freshripe-4cc5133d-2653-11ec-83cb-d8c4975e38aa_jpg.rf.5P8di25ikubPJU79pEPA.jpg,1,0,0,0,0,0
musa-acuminata-overripe-9d7ec610-1d0a-11ec-9a75-d8c4975e38aa_jpg.rf.5e6sxZEJmFHEJHOidAve.jpg,0,0,1,0,1,0
musa-acuminata-rotten-89dd83b4-2653-11ec-ba0d-d8c4975e38aa_jpg.rf.5WOIkM09duek5N1Ej783.jpg,0,0,0,0,1,0
musa-acuminata-ripe-92cc373e-1d0a-11ec-8a9a-d8c4975e38aa_jpg.rf.5yQGbv9mxGdaGjJbIno5.jpg,0,0,0,1,0,0
musa-acuminata-banana-8bba1071-394a-11ec-bd47-d8c4975e38aa_jpg.rf.5fuZwuCiZRU46iD1Ua3I.jpg,0,0,0,0,1,0
musa-acuminata-banana-af9c9e57-394a-11ec-82a5-d8c4975e38aa_jpg.rf.6Aghd8hlBSBHqpMI22w8.jpg,1,0,0,0,0,0
musa-acuminata-freshunripe-63487ec0-1d0a-11ec-a802-d8c4975e38aa_jpg.rf.5wZPddyI7BzwVfssl8Ud.jpg,0,1,0,0,0,0
musa-acuminata-unripe-8100f5a5-1d0a-11ec-aab0-d8c4975e38aa-1-_jpg.rf.6DfBQq9GcmEF39BrnmhO.jpg,0,0,0,0,1,1
musa-acuminata-banana-b1fe199f-4037-11ec-9c6f-94b86d66fd1d_jpg.rf.6HQUkd8KzOKmDED3pEsE.jpg,0,1,0,0,0,1
musa-acuminata-ripe-6b1ca4c2-2653-11ec-bf33-d8c4975e38aa_jpg.rf.6OEhAAe629bRVT45JDKT.jpg,0,0,0,1,0,0
musa-acuminata-rotten-b6e2c655-1d0a-11ec-a66a-d8c4975e38aa_jpg.rf.yBdxmBD2SQa9rcQmfr1h.jpg,0,0,0,0,1,0
musa-acuminata-rotten-8b61a779-2653-11ec-b0e7-d8c4975e38aa_jpg.rf.AxThc5IIqtXLnVGic8Hr.jpg,0,0,0,0,1,0
musa-acuminata-banana-c43bdf33-4037-11ec-95ab-94b86d66fd1d_jpg.rf.Ar26FZ2yTkwqyzkrVLrH.jpg,1,0,0,1,0,0
musa-acuminata-overripe-7f69dea7-2653-11ec-aa46-d8c4975e38aa_jpg.rf.AatTzpE479L3XAfcqc1i.jpg,0,0,1,0,0,0
musa-acuminata-rotten-814ad4dd-2653-11ec-9c07-d8c4975e38aa_jpg.rf.AaTzd4yJ5nHfNVY0GwYs.jpg,0,0,0,0,1,0
musa-acuminata-rotten-8cf1276a-2653-11ec-bf25-d8c4975e38aa_jpg.rf.BDNkAnGoqCPtVdBU4Nsp.jpg,0,0,0,0,1,0
musa-acuminata-banana-9459f85c-394a-11ec-aea1-d8c4975e38aa_jpg.rf.BHRcNHi0CJDAwYg9RZqe.jpg,0,0,1,0,1,0
musa-acuminata-rotten-82f5fab8-2653-11ec-8105-d8c4975e38aa_jpg.rf.BVrQJczHMfpgMe0ulZ9J.jpg,0,0,0,0,1,0
musa-acuminata-freshunripe-6dad0b62-1d0a-11ec-a1ae-d8c4975e38aa_jpg.rf.AWFazXuAE9labSNqjWgY.jpg,0,1,0,0,0,0
musa-acuminata-banana-ad7f5746-394a-11ec-a805-d8c4975e38aa_jpg.rf.BRIEkKy8rtmvGs3vW53Z.jpg,1,0,0,0,0,0
musa-acuminata-unripe-86eaf88b-1d0a-11ec-900e-d8c4975e38aa-1-_jpg.rf.Ba1CBORQBJPA4oHxIjBX.jpg,0,0,0,0,1,1
musa-acuminata-rotten-a6608d22-1d0a-11ec-9de7-d8c4975e38aa_jpg.rf.Bg6NHRrNahwuwzpK0PwS.jpg,0,0,0,0,1,0
musa-acuminata-unripe-7fea8610-1d0a-11ec-9d33-d8c4975e38aa_jpg.rf.CIq6nAS4mLXEBLcmGQ7g.jpg,0,0,0,0,1,1
musa-acuminata-banana-e07a3ff8-394a-11ec-ad78-d8c4975e38aa_jpg.rf.BxhSfnrLA7dwNnypVLqh.jpg,0,0,0,1,0,0
musa-acuminata-ripe-6c8e12b1-2653-11ec-9802-d8c4975e38aa_jpg.rf.CCkIyZ6RNV8sbjAlbmDh.jpg,0,0,0,1,0,0
musa-acuminata-overripe-9cdcb121-1d0a-11ec-89c7-d8c4975e38aa_jpg.rf.CN6fqZyUVJc6VcT1odU9.jpg,0,0,1,0,0,0
musa-acuminata-banana-a6be6c9b-394a-11ec-9408-d8c4975e38aa_jpg.rf.CKrJeH5ZMOS5KHFPp2DM.jpg,0,0,1,0,1,0
musa-acuminata-overripe-7c81dcb4-2653-11ec-b8ac-d8c4975e38aa_jpg.rf.COiSct6EYUASETXftK4l.jpg,0,0,1,0,0,0
musa-acuminata-ripe-744ab252-2653-11ec-a052-d8c4975e38aa_jpg.rf.BqR4UINaQl3A0YhMmpb4.jpg,0,0,0,0,1,0
musa-acuminata-banana-b0e35b82-394a-11ec-b783-d8c4975e38aa_jpg.rf.CXMYQzYN7ZaaOuRtEfZz.jpg,1,0,0,1,0,0
musa-acuminata-freshunripe-6b06c1eb-1d0a-11ec-8930-d8c4975e38aa_jpg.rf.CvjCyHowTL5SFQsBc3cg.jpg,0,1,0,0,0,0
musa-acuminata-freshunripe-2b006867-2653-11ec-9f82-d8c4975e38aa_jpg.rf.CoIvzxc3fR2FDeo8PYga.jpg,0,1,0,0,0,0
musa-acuminata-overripe-74d28e6e-2653-11ec-891e-d8c4975e38aa_jpg.rf.CoANm7vaHnZ04RsSOax6.jpg,0,0,1,0,0,0
musa-acuminata-overripe-809f45b4-2653-11ec-875c-d8c4975e38aa_jpg.rf.CjVgmg1RZ3LhcQx9cdxh.jpg,0,0,1,0,0,0
musa-acuminata-unripe-612661fd-2653-11ec-87aa-d8c4975e38aa---Copy_jpg.rf.CqCD0sPbTMMNICWW5Hz7.jpg,0,0,0,0,1,1
musa-acuminata-freshunripe-31931a62-2653-11ec-a2f5-d8c4975e38aa_jpg.rf.D1oMnm4zjg6r9qxFWbB3.jpg,0,1,0,0,0,0
musa-acuminata-rotten-89ca917d-2653-11ec-88ca-d8c4975e38aa_jpg.rf.D2KGkEBEvhHbjOMqBnht.jpg,0,0,0,0,1,0
musa-acuminata-ripe-91db7c33-1d0a-11ec-ab96-d8c4975e38aa_jpg.rf.D4wVLDi2W08U1Y6jE4Bl.jpg,0,0,0,1,0,0
musa-acuminata-freshunripe-6dfa8aa3-1d0a-11ec-8f7b-d8c4975e38aa_jpg.rf.DUpQ7sZo4gcxiPMFY203.jpg,0,1,0,0,0,0
musa-acuminata-ripe-98755687-1d0a-11ec-b3dd-d8c4975e38aa_jpg.rf.aHsoN4xOCvdzEORtC27B.jpg,0,0,0,1,1,0
musa-acuminata-ripe-6af8e451-2653-11ec-8da0-d8c4975e38aa_jpg.rf.DBH45WCgd5qCq5kIGKM3.jpg,0,0,0,1,0,0
musa-acuminata-banana-ea8acd28-394a-11ec-86d0-d8c4975e38aa_jpg.rf.ahyL7ATpmL7RtxyoiN6S.jpg,1,0,0,1,0,0
musa-acuminata-ripe-919fe64a-1d0a-11ec-90cd-d8c4975e38aa_jpg.rf.aktgY3OSRgWdcEziK2ln.jpg,0,0,0,1,0,0
musa-acuminata-mold-e1a734d9-1d0a-11ec-b5ce-d8c4975e38aa_jpg.rf.DFCzMlRuvDQK8CqdShJ6.jpg,0,0,1,0,1,0
musa-acuminata-unripe-86a839f8-1d0a-11ec-bd19-d8c4975e38aa-1-_jpg.rf.aO8wpe8KFeDhqPPo4Srt.jpg,0,0,0,0,1,1
musa-acuminata-banana-ae88f37f-394a-11ec-8289-d8c4975e38aa_jpg.rf.aVaJKWXGeEezq7X7k358.jpg,0,0,0,1,0,0
musa-acuminata-banana-f11b420f-394a-11ec-8706-d8c4975e38aa_jpg.rf.adWEjmzjSRHkexZrDg5o.jpg,0,0,0,1,0,0
musa-acuminata-banana-af6ac04f-394a-11ec-801d-d8c4975e38aa_jpg.rf.awPBRfSizqynQBuOd6NV.jpg,1,0,0,1,0,0
musa-acuminata-rotten-b44f5746-1d0a-11ec-aab9-d8c4975e38aa_jpg.rf.av6bv8HrK38u0kVAHqmK.jpg,0,0,0,0,1,0
musa-acuminata-freshunripe-2fda2b84-2653-11ec-b862-d8c4975e38aa_jpg.rf.bmCy0UV7Oj0rE1OQo2mu.jpg,0,1,0,0,0,0
musa-acuminata-ripe-6bc11958-2653-11ec-b4ba-d8c4975e38aa_jpg.rf.bOlYXtMgVoELKQl80UPC.jpg,0,0,0,1,0,0
musa-acuminata-ripe-6e423d28-2653-11ec-a88c-d8c4975e38aa_jpg.rf.bqyF0LGk0tv7hHn8T85P.jpg,0,0,0,1,1,0
musa-acuminata-banana-c141500e-4037-11ec-94b3-94b86d66fd1d_jpg.rf.arXl816alhOPQC6m4bgR.jpg,1,0,0,1,0,0
musa-acuminata-banana-fab5403c-394a-11ec-859c-d8c4975e38aa_jpg.rf.biydBy45n1VOVnyVEjAu.jpg,0,0,0,1,0,0
musa-acuminata-rotten-8455948d-2653-11ec-b4e4-d8c4975e38aa_jpg.rf.at5TVvPgv9e3QxBg5hcE.jpg,0,0,0,0,1,0
musa-acuminata-unripe-62e8d963-2653-11ec-95ef-d8c4975e38aa---Copy_jpg.rf.btBivi4b9DqVB3941cGZ.jpg,0,0,0,0,1,0
musa-acuminata-banana-9ceb1191-394a-11ec-9ec7-d8c4975e38aa_jpg.rf.cDeKWRl72gH9dZMm8YBk.jpg,0,0,1,0,1,0
musa-acuminata-rotten-8f64aec7-2653-11ec-a0d9-d8c4975e38aa_jpg.rf.cFWn8XedmIayjOvRyYUH.jpg,0,0,0,0,1,0
musa-acuminata-mold-e5bd89d7-1d0a-11ec-966f-d8c4975e38aa_jpg.rf.cgETJoeKOONskV0bLvAf.jpg,0,0,1,0,0,0
musa-acuminata-ripe-6b537640-2653-11ec-a999-d8c4975e38aa_jpg.rf.cZ3WBjK1o5OclxCsTwbD.jpg,0,0,0,1,0,0
musa-acuminata-banana-b46f9b69-394a-11ec-97b0-d8c4975e38aa_jpg.rf.cLMipjNzWrcRlAGyWNN9.jpg,1,0,0,0,0,0
musa-acuminata-rotten-8900a693-2653-11ec-974a-d8c4975e38aa_jpg.rf.cb3rptsDhdYnb7jMRJyu.jpg,0,0,0,0,1,0
musa-acuminata-overripe-9c60c0fb-1d0a-11ec-aa25-d8c4975e38aa_jpg.rf.ccJLeCjtf83k6R83Y7Z8.jpg,0,0,1,0,0,0
musa-acuminata-freshunripe-724a36b5-1d0a-11ec-93a5-d8c4975e38aa_jpg.rf.cJOdf5pcbfWBvmOaUhC8.jpg,0,1,0,0,0,0
musa-acuminata-banana-b89c7080-4037-11ec-a23f-94b86d66fd1d_jpg.rf.cgEzARL647Nzq9vneHuk.jpg,0,1,0,0,0,1
musa-acuminata-banana-a72fdc02-394a-11ec-9852-d8c4975e38aa_jpg.rf.cn177XqrfAxXLM8WGbil.jpg,0,0,0,0,1,0
musa-acuminata-banana-af221a7b-394a-11ec-b60f-d8c4975e38aa_jpg.rf.csiWKM3mOMy8va8e4S4M.jpg,0,0,0,1,0,0
musa-acuminata-banana-e802c509-394a-11ec-9594-d8c4975e38aa_jpg.rf.T9yIQVNnPtH4MoKodNwJ.jpg,0,0,0,1,0,0
musa-acuminata-rotten-a84b8951-1d0a-11ec-9dfa-d8c4975e38aa_jpg.rf.cyiTIQ34jWzkKmtsh6En.jpg,0,0,0,0,1,0
musa-acuminata-overripe-9c147c04-1d0a-11ec-9846-d8c4975e38aa_jpg.rf.dTtuxLoPS6mi1MS5uhMj.jpg,0,0,1,0,0,0
musa-acuminata-freshunripe-2cf74f64-2653-11ec-a785-d8c4975e38aa_jpg.rf.dUCE2WrjUzTCCQaJhB5s.jpg,0,1,0,0,0,0
musa-acuminata-ripe-6c279618-2653-11ec-ae1e-d8c4975e38aa_jpg.rf.dQuF6bEaxy1QyzPywUwH.jpg,0,0,0,1,0,0
musa-acuminata-freshunripe-626dad08-1d0a-11ec-9af0-d8c4975e38aa_jpg.rf.T9tVBOOBgE14HhYym35q.jpg,0,1,0,0,0,0
musa-acuminata-freshunripe-2cf028d9-2653-11ec-a6e5-d8c4975e38aa_jpg.rf.TEGDhCRnP4ndEsvkp533.jpg,0,1,0,0,0,0
musa-acuminata-banana-f9e92134-394a-11ec-9b95-d8c4975e38aa_jpg.rf.TMEJ5cj00V63OTpqEQF5.jpg,0,0,0,1,0,0
musa-acuminata-ripe-6d5647d3-2653-11ec-9b71-d8c4975e38aa_jpg.rf.TgMv8brb7oRYD9nakJst.jpg,0,0,0,1,0,0
musa-acuminata-banana-cc26b8be-394a-11ec-9368-d8c4975e38aa_jpg.rf.TLqRGS8msTXwtCPwgblE.jpg,1,0,0,0,0,0
musa-acuminata-overripe-9dc8a80b-1d0a-11ec-af93-d8c4975e38aa_jpg.rf.TQ9emkJKjWwXLJO1IMbL.jpg,0,0,1,0,0,0
musa-acuminata-rotten-bd08abf4-1d0a-11ec-a3f2-d8c4975e38aa_jpg.rf.TPAqpQCizdGEeqXxYeYs.jpg,0,0,0,0,1,0
musa-acuminata-unripe-86a377d2-1d0a-11ec-86fc-d8c4975e38aa-1-_jpg.rf.TZeIXOUF75Bp7wz2oTm0.jpg,0,0,0,0,1,1
musa-acuminata-banana-b58c730a-394a-11ec-b362-d8c4975e38aa_jpg.rf.Tcb7JderJU4qI8pWDkAf.jpg,1,0,0,1,0,0
musa-acuminata-banana-b4ae7baa-394a-11ec-8eb5-d8c4975e38aa_jpg.rf.TdPzWsOuIh1SiL3xp2wd.jpg,1,0,0,0,0,0
musa-acuminata-banana-c7a9b852-394a-11ec-b813-d8c4975e38aa_jpg.rf.U5ACcyBhbjcaltrFVIei.jpg,0,0,0,1,0,0
musa-acuminata-banana-b5d8c4be-394a-11ec-9627-d8c4975e38aa_jpg.rf.UA5MnOEpTIO1DApkff9L.jpg,1,0,0,1,1,0
musa-acuminata-freshunripe-6b1c99c9-1d0a-11ec-8170-d8c4975e38aa_jpg.rf.TmDZMP0XZaqi8JbVhL79.jpg,0,1,0,0,0,0
musa-acuminata-ripe-93e7d811-1d0a-11ec-8289-d8c4975e38aa_jpg.rf.UvaH4ebebhABVYzwCnec.jpg,0,0,0,1,0,0
musa-acuminata-banana-8ec52c5d-394a-11ec-8319-d8c4975e38aa_jpg.rf.U0IDEiteUIdQ0jAjme7K.jpg,0,0,1,0,1,0
musa-acuminata-rotten-8819f4ba-2653-11ec-994d-d8c4975e38aa_jpg.rf.UEIhtorGxVth6xgiDTXo.jpg,0,0,0,0,1,0
musa-acuminata-banana-ad3743d0-394a-11ec-8eb8-d8c4975e38aa_jpg.rf.UWwAIML98IGIAyXEqJGI.jpg,0,0,1,1,1,0
musa-acuminata-mold-e5f6bc96-1d0a-11ec-8129-d8c4975e38aa_jpg.rf.Un4zxuA3xk8KOtQYupug.jpg,0,0,1,0,0,0
musa-acuminata-overripe-a1905228-1d0a-11ec-b119-d8c4975e38aa_jpg.rf.UarDKRrAosoOzzh2H1lB.jpg,0,0,1,0,0,0
musa-acuminata-unripe-62898330-2653-11ec-a53e-d8c4975e38aa---Copy_jpg.rf.V1pvD1ohiEx56Sl6jsr1.jpg,0,0,0,0,0,1
musa-acuminata-freshunripe-39b63678-2653-11ec-a41b-d8c4975e38aa_jpg.rf.V7hbk1otnhIfLdAfKzTR.jpg,0,1,0,0,0,0
musa-acuminata-unripe-5b0adbdc-2653-11ec-8e5b-d8c4975e38aa---Copy_jpg.rf.UzFAbzUgt464eMcwFHxt.jpg,0,0,0,0,1,1
musa-acuminata-unripe-909756e4-1d0a-11ec-8f36-d8c4975e38aa-1-_jpg.rf.V0CoJ0JqrG8P4k7L3544.jpg,0,0,0,0,0,1
musa-acuminata-overripe-76655947-2653-11ec-839b-d8c4975e38aa_jpg.rf.VJ8ClExgKkkNDzqHYmw6.jpg,0,0,1,0,0,0
musa-acuminata-banana-e28575a0-394a-11ec-85ed-d8c4975e38aa_jpg.rf.VBsDW7tgtKXpZejwvCtx.jpg,1,0,0,1,0,0
musa-acuminata-rotten-8c4d8762-2653-11ec-8488-d8c4975e38aa_jpg.rf.IIN0dGCEuU3Fil6fRzuT.jpg,0,0,0,0,1,0
musa-acuminata-rotten-b9354932-1d0a-11ec-be1d-d8c4975e38aa_jpg.rf.VMdmKO4h6Ne8xTSMKtAh.jpg,0,0,0,0,1,0
musa-acuminata-banana-a830347d-394a-11ec-9335-d8c4975e38aa_jpg.rf.IUPh07odIgNWFuAtI429.jpg,0,0,0,0,1,0
musa-acuminata-overripe-9db0d114-1d0a-11ec-8643-d8c4975e38aa_jpg.rf.Iai9sLR8gOh7BzkcLdvl.jpg,0,0,1,0,1,0
musa-acuminata-banana-84518e34-394a-11ec-9f4f-d8c4975e38aa_jpg.rf.ImDsxyJZ0TWbLpwFoBDO.jpg,0,0,0,1,1,0
musa-acuminata-freshripe-43e34ac0-2653-11ec-88e2-d8c4975e38aa_jpg.rf.VQhvBMwGM4CSrbrqc7az.jpg,1,0,0,0,0,0
musa-acuminata-rotten-a1da351e-1d0a-11ec-b578-d8c4975e38aa_jpg.rf.W8C9n8VCxzEmaFaoJ6PR.jpg,0,0,0,0,1,0
musa-acuminata-banana-9b95d686-394a-11ec-872f-d8c4975e38aa_jpg.rf.INQ39LxX6jacNDvw3kdB.jpg,0,0,0,0,1,0
musa-acuminata-mold-e5ead07c-1d0a-11ec-8277-d8c4975e38aa_jpg.rf.VinoX6lMEt58NGmKPxxx.jpg,0,0,1,0,0,0
musa-acuminata-banana-e493eafc-394a-11ec-8d41-d8c4975e38aa_jpg.rf.JcYE6OUp656iVmOiAjOe.jpg,0,0,0,1,0,0
musa-acuminata-unripe-888024d1-1d0a-11ec-91a8-d8c4975e38aa-1-_jpg.rf.J1EwA2XBMd773MQb18dx.jpg,0,0,0,0,0,1
musa-acuminata-freshunripe-75c0e0f3-1d0a-11ec-9031-d8c4975e38aa_jpg.rf.Jc4w61z8AqUEGmFcq92S.jpg,0,0,0,0,0,1
musa-acuminata-banana-a421982f-394a-11ec-8173-d8c4975e38aa_jpg.rf.JgAQf4Uyw3Y6AiszoCuj.jpg,0,0,1,0,0,0
musa-acuminata-ripe-972544fc-1d0a-11ec-8002-d8c4975e38aa_jpg.rf.J3Pa2iHDfq5HcVqZStfi.jpg,0,0,0,1,1,0
musa-acuminata-unripe-8c241210-1d0a-11ec-ad2f-d8c4975e38aa-1-_jpg.rf.JkOOuJHWCdMMjXvMAZ2s.jpg,0,0,0,0,0,1
musa-acuminata-ripe-95c485d2-1d0a-11ec-8e5a-d8c4975e38aa_jpg.rf.JinecUdsFlchzvwyyKkZ.jpg,0,0,0,1,1,0
musa-acuminata-banana-b1193dba-4037-11ec-ac60-94b86d66fd1d_jpg.rf.JcwdfBtNSGyvxLz26Uot.jpg,0,1,0,0,0,1
musa-acuminata-freshripe-49912d8d-2653-11ec-9dc9-d8c4975e38aa_jpg.rf.JmuIFXJn39rDGx0FX99L.jpg,1,0,0,0,0,0
musa-acuminata-banana-ad3989d6-394a-11ec-872a-d8c4975e38aa_jpg.rf.JpAdC58YTIps0LpFPumG.jpg,0,0,1,1,0,0
musa-acuminata-banana-a601baa1-4037-11ec-8926-94b86d66fd1d_jpg.rf.JvpCFbisiPx9WBP6e8Gi.jpg,1,0,0,0,0,0
musa-acuminata-banana-b3fc95b9-394a-11ec-8eb9-d8c4975e38aa_jpg.rf.KGdnMUZctjssNXG2YPaP.jpg,0,0,0,1,0,0
musa-acuminata-banana-b0668b98-394a-11ec-a8c9-d8c4975e38aa_jpg.rf.KeaY2o98j3UhWAukDr9A.jpg,0,0,0,1,0,0
musa-acuminata-banana-b77eaad8-394a-11ec-bb46-d8c4975e38aa_jpg.rf.Jps1pvIgz6ZDd0OGvBDW.jpg,1,0,0,1,0,0
musa-acuminata-freshripe-78137366-1d0a-11ec-bc48-d8c4975e38aa_jpg.rf.Jx4srYuq0hTfkYt5G4uQ.jpg,1,0,0,0,0,0
musa-acuminata-freshunripe-3aa22bd0-2653-11ec-9fa5-d8c4975e38aa_jpg.rf.L2FYQS1jMoyvs8WxvHyn.jpg,0,1,0,0,0,0
musa-acuminata-rotten-a9fda301-1d0a-11ec-8fe9-d8c4975e38aa_jpg.rf.LBxfTJw7KNtL0xXrMQ4y.jpg,0,0,0,0,1,0
musa-acuminata-banana-fb48ac5d-394a-11ec-aab5-d8c4975e38aa_jpg.rf.KkX2XoV0zmM23vWICs4I.jpg,1,0,0,1,0,0
musa-acuminata-banana-dd86c8d6-394a-11ec-a5f5-d8c4975e38aa_jpg.rf.KQVLEt1zKmqeTMU6RP8Q.jpg,0,0,0,1,0,0
musa-acuminata-freshunripe-63e5d0d2-1d0a-11ec-a761-d8c4975e38aa_jpg.rf.KhkDy0p8fpdsDrl6ts1Q.jpg,0,1,0,0,0,0
musa-acuminata-banana-844b09c6-394a-11ec-9d89-d8c4975e38aa_jpg.rf.KpoARdnJMNCG5Hy506A6.jpg,0,0,1,0,1,0
musa-acuminata-freshunripe-624a3116-1d0a-11ec-8f1d-d8c4975e38aa_jpg.rf.LUCsbTQiLdPAGJMDMaze.jpg,0,1,0,0,0,0
musa-acuminata-banana-de39a1fa-394a-11ec-89e1-d8c4975e38aa_jpg.rf.LJQMn3avj46s3UHwtPcQ.jpg,0,0,0,1,0,0
musa-acuminata-banana-ffd020cd-394a-11ec-8927-d8c4975e38aa_jpg.rf.LLxnRdPyjtMI8aehM9fF.jpg,1,0,0,1,0,0
musa-acuminata-banana-c53a41e4-394a-11ec-b836-d8c4975e38aa_jpg.rf.HsiWAmOmkEXEcEF9wXq9.jpg,1,0,0,1,0,0
musa-acuminata-unripe-80a8c472-1d0a-11ec-9e83-d8c4975e38aa_jpg.rf.I1F6edkjWBZlnVvgAphP.jpg,0,0,0,0,1,1
musa-acuminata-banana-e77985ed-394a-11ec-ba0f-d8c4975e38aa_jpg.rf.LYWHsh1rGpxKt1gFYWZi.jpg,0,0,0,1,0,0
musa-acuminata-overripe-7d9ec447-2653-11ec-8dc2-d8c4975e38aa_jpg.rf.HtsarfYPIcWzEqtCHf7R.jpg,0,0,1,0,0,0
musa-acuminata-freshunripe-6da95fab-1d0a-11ec-92dc-d8c4975e38aa_jpg.rf.IL5YtCfd0Jj0cpwzB3H3.jpg,0,1,0,0,0,0
musa-acuminata-banana-9ac53148-4037-11ec-b1a2-94b86d66fd1d_jpg.rf.ILrkd8BXLt7lcXXA10Pe.jpg,0,0,0,1,0,0
musa-acuminata-ripe-6b4064e7-2653-11ec-856a-d8c4975e38aa_jpg.rf.IUQIfHdCXhrNXtOck4Pt.jpg,0,0,0,1,0,0
musa-acuminata-overripe-7c7a6f77-2653-11ec-a36c-d8c4975e38aa_jpg.rf.IiNayiVkeBjqClHnVVSA.jpg,0,0,1,0,0,0
musa-acuminata-freshripe-4c27c508-2653-11ec-a9c0-d8c4975e38aa_jpg.rf.2JH4Y7x6dB7WQEY8mt6q.jpg,1,0,0,0,0,0
musa-acuminata-banana-faffac00-394a-11ec-b69c-d8c4975e38aa_jpg.rf.IXIMUx7HYy2uynsDX1ka.jpg,1,0,0,1,0,0
musa-acuminata-banana-b2ff5d29-4037-11ec-9e1e-94b86d66fd1d_jpg.rf.IZ5PJBw26vAJuuAYE3Oz.jpg,0,1,0,0,0,1
musa-acuminata-overripe-a0f0a1bf-1d0a-11ec-bce8-d8c4975e38aa_jpg.rf.IrToM0tZ6ku3DvHauuYJ.jpg,0,0,1,0,0,0
musa-acuminata-unripe-60d2f680-2653-11ec-a0cc-d8c4975e38aa---Copy_jpg.rf.IUvoodokT7Pig21nwNr9.jpg,0,0,0,0,1,1
musa-acuminata-banana-9cf2a5ca-394a-11ec-9dd2-d8c4975e38aa_jpg.rf.ItnIBFtmxKd7kV4Vz20l.jpg,0,0,1,0,1,0
musa-acuminata-banana-c43d370d-394a-11ec-810d-d8c4975e38aa_jpg.rf.JKlcwOLRs8ZRTIQ0tSBx.jpg,0,0,0,1,0,0
musa-acuminata-freshripe-4a57007a-2653-11ec-b399-d8c4975e38aa_jpg.rf.JT3u5ZbvmqYtHqqNJDT9.jpg,1,0,0,0,0,0
musa-acuminata-banana-c434ba4c-394a-11ec-9c9a-d8c4975e38aa_jpg.rf.J2GspqlIkquqZuP5vEVi.jpg,0,0,0,1,0,0
musa-acuminata-overripe-75618eec-2653-11ec-9915-d8c4975e38aa_jpg.rf.zBblFxA1c5eTbhy5J2vT.jpg,0,0,1,0,0,0
musa-acuminata-banana-b3b229f9-394a-11ec-bd6e-d8c4975e38aa_jpg.rf.JwacNZpF6HOGQ95REHZa.jpg,1,0,0,0,0,0
musa-acuminata-banana-c2f3834e-4037-11ec-b48a-94b86d66fd1d_jpg.rf.JDhhB1RpIyxJiqee7jtg.jpg,1,0,0,1,0,0
musa-acuminata-mold-e602a868-1d0a-11ec-bf71-d8c4975e38aa_jpg.rf.Jjx4jWPi8zyW3DZVDSm4.jpg,0,0,1,0,0,0
musa-acuminata-overripe-7fa5f2a7-2653-11ec-bc6a-d8c4975e38aa_jpg.rf.JdUiLEKGXEnpVxsYn0cu.jpg,0,0,1,0,1,0
musa-acuminata-banana-c581cca9-394a-11ec-8de4-d8c4975e38aa_jpg.rf.KhlaKxuL7NUIpxyEYA4T.jpg,1,0,0,1,0,0
musa-acuminata-rotten-821e3d97-2653-11ec-9afe-d8c4975e38aa_jpg.rf.KibRaMkfyTpbaY0muHd1.jpg,0,0,0,0,1,0
musa-acuminata-unripe-5b015333-2653-11ec-8a1e-d8c4975e38aa---Copy_jpg.rf.JlE57VxiWiWEo2mLwF9H.jpg,0,0,0,0,1,1
musa-acuminata-banana-9df3c0e1-394a-11ec-9bf8-d8c4975e38aa_jpg.rf.KHVjTQ5VzyzBMvgpnftS.jpg,0,0,1,0,1,0
musa-acuminata-ripe-99935948-1d0a-11ec-9801-d8c4975e38aa_jpg.rf.KN36hTF4tPw3If0L6oxj.jpg,0,0,0,1,1,0
musa-acuminata-rotten-8de32ce6-2653-11ec-9688-d8c4975e38aa_jpg.rf.2sfHjbhmIOjdHGOYLKTu.jpg,0,0,0,0,1,0
musa-acuminata-banana-8e810559-394a-11ec-ac1f-d8c4975e38aa_jpg.rf.KVQPz3IvzEvQuHPbehSu.jpg,0,0,1,0,1,0
musa-acuminata-banana-c83e1091-394a-11ec-94bb-d8c4975e38aa_jpg.rf.L5720kgWqPa0pHwxlFMl.jpg,0,0,0,1,0,0
musa-acuminata-freshunripe-28e35f26-2653-11ec-a76f-d8c4975e38aa_jpg.rf.KQlHP4sRdj0nVkJon922.jpg,0,1,0,0,0,0
musa-acuminata-rotten-89e3e180-2653-11ec-ab29-d8c4975e38aa_jpg.rf.Kc4Sqm05F5aQrCBnfBQX.jpg,0,0,0,1,1,0
musa-acuminata-banana-eb8b81bb-394a-11ec-9dba-d8c4975e38aa_jpg.rf.Kwgoqlq4fjZGX92pMLzL.jpg,1,0,0,0,0,0
musa-acuminata-overripe-9ebbc291-1d0a-11ec-ab4c-d8c4975e38aa_jpg.rf.L3VwwC4ec4kS4PJfCHy8.jpg,0,0,1,0,0,0
musa-acuminata-banana-9d412fdd-4037-11ec-8cd6-94b86d66fd1d_jpg.rf.uVWQwwbfFxIuhv8sGCQQ.jpg,0,0,0,1,0,0
musa-acuminata-ripe-926f41c4-1d0a-11ec-b20e-d8c4975e38aa_jpg.rf.uWfRijdmf5FVCApAg5PU.jpg,0,0,0,1,0,0
musa-acuminata-banana-ff13b730-394a-11ec-8f23-d8c4975e38aa_jpg.rf.tdV1Y89VxC31l5arCF0g.jpg,1,0,0,1,0,0
musa-acuminata-freshunripe-6b217c06-1d0a-11ec-b3fd-d8c4975e38aa_jpg.rf.tazx5eZwuD6ySvcZvG8j.jpg,0,1,0,0,0,0
musa-acuminata-freshunripe-39b3d443-2653-11ec-a533-d8c4975e38aa_jpg.rf.tOQI5qU697KGyi0yqFTd.jpg,0,1,0,0,0,0
musa-acuminata-rotten-81497898-2653-11ec-913a-d8c4975e38aa_jpg.rf.tWGzmMAxcxIl9hMBKAr3.jpg,0,0,0,0,1,0
musa-acuminata-rotten-bf2bc85f-1d0a-11ec-b666-d8c4975e38aa_jpg.rf.uCatAxmyR03GPtiwibuD.jpg,0,0,0,0,1,0
musa-acuminata-banana-b780a343-394a-11ec-a816-d8c4975e38aa_jpg.rf.v9UGYPbAfrBgHiG91lXl.jpg,0,0,0,1,0,0
musa-acuminata-banana-9cd893d3-394a-11ec-83df-d8c4975e38aa_jpg.rf.uk3FRe3LUQg7yWcJghZx.jpg,0,0,1,0,1,0
musa-acuminata-ripe-949f5cad-1d0a-11ec-bc5f-d8c4975e38aa_jpg.rf.uhtiLGKGvWJlcQizI3D7.jpg,0,0,0,1,0,0
musa-acuminata-overripe-9f1655ef-1d0a-11ec-9697-d8c4975e38aa_jpg.rf.trWNMMCoslMnR1k6Ijw2.jpg,0,0,1,0,1,0
musa-acuminata-rotten-8e2d0fae-2653-11ec-9920-d8c4975e38aa_jpg.rf.vbJiRNFraFJLlcEUzXBn.jpg,0,0,0,0,1,0
musa-acuminata-banana-af657280-394a-11ec-a32a-d8c4975e38aa_jpg.rf.v2nsyPwMsUmWd7Q8CZNw.jpg,1,0,0,1,0,0
musa-acuminata-ripe-6b393ea7-2653-11ec-b7dd-d8c4975e38aa_jpg.rf.yuoxPEpbNP547XZkZvGP.jpg,0,0,0,1,0,0
musa-acuminata-banana-a9599778-394a-11ec-87cb-d8c4975e38aa_jpg.rf.up6PoxVdIqGUzYh6TNzW.jpg,0,0,0,0,1,0
musa-acuminata-rotten-8c9871f3-2653-11ec-818b-d8c4975e38aa_jpg.rf.vph6iLxALYvkkMGoet7X.jpg,0,0,0,0,1,0
musa-acuminata-banana-cc44ddcf-4037-11ec-b9d5-94b86d66fd1d_jpg.rf.wC4HLE0eZb7Pnd15obPw.jpg,1,0,0,0,0,0
musa-acuminata-banana-ae901e71-4037-11ec-89ee-94b86d66fd1d_jpg.rf.wEXc7je5mBegkby501Pv.jpg,0,1,0,0,0,1
musa-acuminata-banana-8314b08f-394a-11ec-968f-d8c4975e38aa_jpg.rf.vCdpyRMSr74dSnmrgljF.jpg,0,0,1,0,1,0
musa-acuminata-banana-c9d00bf1-394a-11ec-926f-d8c4975e38aa_jpg.rf.updUb6MS3X0RqwbXbwKu.jpg,0,0,0,1,0,0
musa-acuminata-rotten-a796656e-1d0a-11ec-a2b2-d8c4975e38aa_jpg.rf.vr919bXAC33aqr0zZDsm.jpg,0,0,0,0,1,0
musa-acuminata-ripe-6f4d2eb9-2653-11ec-99ce-d8c4975e38aa_jpg.rf.vrnxCJMF4CWm0EvNeuLT.jpg,0,0,0,1,1,0
musa-acuminata-banana-b47474fb-394a-11ec-8647-d8c4975e38aa_jpg.rf.2BWcS6E4FoIqMi2BXTJZ.jpg,1,0,0,0,0,0
musa-acuminata-rotten-b6020164-1d0a-11ec-91aa-d8c4975e38aa_jpg.rf.w5W1LseIjgTK7iwQ3ipp.jpg,0,0,0,0,1,0
musa-acuminata-overripe-a13f48d9-1d0a-11ec-8aa7-d8c4975e38aa_jpg.rf.wA3UZoEcsvVsbwV4Hkqb.jpg,0,0,1,0,0,0
musa-acuminata-mold-e3fb100e-1d0a-11ec-a4b0-d8c4975e38aa_jpg.rf.w8hPfybvzCf4fbMaoXEx.jpg,0,0,1,0,1,0
musa-acuminata-mold-e43dcc4b-1d0a-11ec-b670-d8c4975e38aa_jpg.rf.wiVZyuISnCchFQXzC8C6.jpg,0,0,1,0,1,0
musa-acuminata-banana-a5f63887-394a-11ec-a1ad-d8c4975e38aa_jpg.rf.wkQ194SfL3Sytojrn5Pw.jpg,0,0,1,0,1,0
musa-acuminata-ripe-91c1448d-1d0a-11ec-928f-d8c4975e38aa_jpg.rf.yCdgClsZet3hmY9VwTtE.jpg,0,0,0,1,0,0
musa-acuminata-unripe-5fb02f7f-2653-11ec-9c1a-d8c4975e38aa---Copy_jpg.rf.wFvxxzRRmaWjUAmdes5I.jpg,0,0,0,0,0,1
musa-acuminata-mold-e6a97f52-1d0a-11ec-85b1-d8c4975e38aa_jpg.rf.2lTRXOqljKB2zY5W04tb.jpg,0,0,1,0,0,0
musa-acuminata-freshunripe-1cdf07a1-2653-11ec-a4b4-d8c4975e38aa_jpg.rf.wZz9nicw2avJNW5jjsBI.jpg,0,1,0,0,0,0
musa-acuminata-banana-ca7215f4-394a-11ec-ba2b-d8c4975e38aa_jpg.rf.yYfDhBDTGxkHh0EUzV8P.jpg,0,0,0,1,0,0
musa-acuminata-freshunripe-2089d19e-2653-11ec-baca-d8c4975e38aa_jpg.rf.2EhS9ZXv32rCy44PfwyO.jpg,0,1,0,0,0,0
musa-acuminata-freshripe-4b180f20-2653-11ec-a773-d8c4975e38aa_jpg.rf.wl6ePnrZ0Zs5dGFYWWef.jpg,1,0,0,0,0,0
musa-acuminata-overripe-7c2fd6aa-2653-11ec-8385-d8c4975e38aa_jpg.rf.9MqzRDSpCzti282byaK7.jpg,0,0,1,0,1,0
musa-acuminata-rotten-a83f9e9b-1d0a-11ec-a927-d8c4975e38aa_jpg.rf.waPvSTEsii9z6tChSPGm.jpg,0,0,0,0,1,0
musa-acuminata-rotten-8e2aad77-2653-11ec-b1fc-d8c4975e38aa_jpg.rf.9jo15XBaE7otNRpQhYE0.jpg,0,0,0,0,1,0
musa-acuminata-banana-c2f13aee-394a-11ec-9a20-d8c4975e38aa_jpg.rf.AH13J66ExxuuY2ptbo0M.jpg,0,0,0,1,0,0
musa-acuminata-freshunripe-319f0515-2653-11ec-9c00-d8c4975e38aa_jpg.rf.A3yiEzyl8UVxG9gefFDQ.jpg,0,1,0,0,0,0
musa-acuminata-overripe-7de34162-2653-11ec-826c-d8c4975e38aa_jpg.rf.9tWEwbjo57GFabnPKoef.jpg,0,0,1,0,0,0
musa-acuminata-banana-adad8037-394a-11ec-989b-d8c4975e38aa_jpg.rf.AXYlWFn0V1GiTutNiHEZ.jpg,1,0,0,0,0,0
musa-acuminata-unripe-5e864231-2653-11ec-b8b1-d8c4975e38aa---Copy_jpg.rf.A6hA0PJ0sCat2RqbgCsf.jpg,0,0,0,0,0,1
musa-acuminata-banana-c27ab26b-394a-11ec-8276-d8c4975e38aa_jpg.rf.BCVx145eD03JdeXqoZDG.jpg,0,0,0,1,0,0
musa-acuminata-overripe-80e98595-2653-11ec-a0ad-d8c4975e38aa_jpg.rf.1t4seyqeL1qEdZoFvB1J.jpg,0,0,1,0,0,0
musa-acuminata-banana-bd1896e1-4037-11ec-914a-94b86d66fd1d_jpg.rf.BI3DfhnYLti9CX3XD2PK.jpg,1,0,0,1,0,0
musa-acuminata-unripe-60ce322d-2653-11ec-9311-d8c4975e38aa_jpg.rf.BJvJNeVa8HDnPKDRRzm8.jpg,0,0,0,0,1,1
musa-acuminata-banana-baeb02ab-4037-11ec-9a67-94b86d66fd1d_jpg.rf.BSsA3rb6QjkbLmZ0Zh3j.jpg,0,1,0,0,0,0
musa-acuminata-banana-fb83cb4f-394a-11ec-a089-d8c4975e38aa_jpg.rf.BbWmuAVAvQ52uornbdl7.jpg,0,0,0,1,0,0
musa-acuminata-freshripe-498ecb6b-2653-11ec-924d-d8c4975e38aa_jpg.rf.Bg1nC4WesVqYIyekPHkY.jpg,1,0,0,0,0,0
musa-acuminata-mold-e5465d0b-1d0a-11ec-ae7c-d8c4975e38aa_jpg.rf.BgR80qu15t1wx5AQQGhP.jpg,0,0,1,0,0,0
musa-acuminata-overripe-808180f6-2653-11ec-b1e1-d8c4975e38aa_jpg.rf.BlcL7oU9gaI0wtEu2tXo.jpg,0,0,1,0,0,0
musa-acuminata-overripe-7bfc85a6-2653-11ec-9a44-d8c4975e38aa_jpg.rf.Ae1ZNm3sLfOOefNb9L4Z.jpg,0,0,1,0,1,0
musa-acuminata-ripe-99fc36db-1d0a-11ec-87bb-d8c4975e38aa_jpg.rf.AZSF8YUNOaYjIRWiAaF2.jpg,0,0,0,1,1,0
musa-acuminata-freshripe-4d351879-2653-11ec-ab31-d8c4975e38aa_jpg.rf.yZBSilywmFXSkVZqxQxv.jpg,1,0,0,0,0,0
musa-acuminata-overripe-7cc35e99-2653-11ec-8e0b-d8c4975e38aa_jpg.rf.29E5ZKiXBsDRnl2uQCpC.jpg,0,0,1,0,0,0
musa-acuminata-freshunripe-72a49d93-1d0a-11ec-9698-d8c4975e38aa_jpg.rf.1UFb7uiTnLoAZTMX4hY7.jpg,0,1,0,0,0,0
musa-acuminata-banana-c537876c-394a-11ec-864e-d8c4975e38aa_jpg.rf.BAVhD2LEXR4xry8EpLiE.jpg,1,0,0,1,0,0
musa-acuminata-ripe-708306de-2653-11ec-8091-d8c4975e38aa_jpg.rf.Aqx8rZezoVQh7fhenuza.jpg,0,0,0,0,1,0
musa-acuminata-banana-975aa5d8-4037-11ec-9221-94b86d66fd1d_jpg.rf.CC4hySLeXNjl6HbxQVXi.jpg,0,0,0,1,0,0
musa-acuminata-banana-ee3af85d-394a-11ec-87fa-d8c4975e38aa_jpg.rf.2lD020apqwjWB0O6uhSG.jpg,0,0,0,1,0,0
musa-acuminata-freshunripe-26dbc94f-2653-11ec-aa42-d8c4975e38aa_jpg.rf.CRyqeSaTWN18axchs5Hh.jpg,0,1,0,0,0,0
musa-acuminata-banana-eda51a88-394a-11ec-9d29-d8c4975e38aa_jpg.rf.CXwmEuXvDieAuxaBVR9J.jpg,1,0,0,0,0,0
musa-acuminata-banana-a3da3112-394a-11ec-985b-d8c4975e38aa_jpg.rf.CYXGfwoF0smJ8XU7egui.jpg,0,0,0,1,0,0
musa-acuminata-freshunripe-6aba8cb1-1d0a-11ec-b1ea-d8c4975e38aa_jpg.rf.CauC6JByL2pd3YMN4w3L.jpg,0,1,0,0,0,0
musa-acuminata-overripe-7ecf48f1-2653-11ec-a77a-d8c4975e38aa_jpg.rf.OHk5I6L3aZ8Tbvh3TGQp.jpg,0,0,1,0,0,0
musa-acuminata-banana-8a2e00aa-394a-11ec-bea4-d8c4975e38aa_jpg.rf.OMNBDupWBdCI1xUvMEpB.jpg,0,0,0,0,1,0
musa-acuminata-banana-92acef51-394a-11ec-8e9e-d8c4975e38aa_jpg.rf.AfpDIlhaHgrBSHZW2sjK.jpg,0,0,1,0,0,0
musa-acuminata-freshunripe-63393a88-1d0a-11ec-b04d-d8c4975e38aa_jpg.rf.AhAXTMQhLzwjcjlnk1Bz.jpg,0,1,0,0,0,0
musa-acuminata-overripe-9c7af8d2-1d0a-11ec-a4eb-d8c4975e38aa_jpg.rf.BoujSbLIdlnPEzw7YXlS.jpg,0,0,1,0,0,0
musa-acuminata-ripe-956eb843-1d0a-11ec-aaf0-d8c4975e38aa_jpg.rf.BzKbZqvLQK9WaSUmQq6P.jpg,0,0,0,1,1,0
musa-acuminata-banana-c43993e3-394a-11ec-9510-d8c4975e38aa_jpg.rf.Bu7v6eRrpCsHQgoBh15U.jpg,0,0,0,1,0,0
musa-acuminata-banana-929e6267-394a-11ec-a270-d8c4975e38aa_jpg.rf.PsWI1iOQJgQ3C2bzN5RT.jpg,0,0,1,0,1,0
musa-acuminata-banana-ac393d4d-394a-11ec-a177-d8c4975e38aa_jpg.rf.CCqStmV7V1E2BwmbG75e.jpg,0,0,1,1,0,0
musa-acuminata-freshripe-4c9a2c70-2653-11ec-89c4-d8c4975e38aa_jpg.rf.PuKFDdRM6bdF0FgjXZba.jpg,1,0,0,0,0,0
musa-acuminata-freshunripe-2803546b-2653-11ec-b034-d8c4975e38aa_jpg.rf.Q9YTJ88URhyA8EpkIJdy.jpg,0,1,0,0,0,0
musa-acuminata-ripe-6cc4e44a-2653-11ec-bc71-d8c4975e38aa_jpg.rf.QJ3obxeysRwaGZSxKfUd.jpg,0,0,0,1,0,0
musa-acuminata-banana-d341fc7e-394a-11ec-88fc-d8c4975e38aa_jpg.rf.QJSDkB7fhhJ2iifHnoO7.jpg,1,0,0,1,0,0
musa-acuminata-freshunripe-1e5dbfc7-2653-11ec-b1e7-d8c4975e38aa_jpg.rf.QLkn3SJJ2tornA8Ot63f.jpg,0,1,0,0,0,0
musa-acuminata-unripe-847ce498-1d0a-11ec-81c3-d8c4975e38aa-1-_jpg.rf.QcWYN73N348MD6MHSTxW.jpg,0,0,0,0,1,1
musa-acuminata-unripe-8bd306ce-1d0a-11ec-aebc-d8c4975e38aa-1-_jpg.rf.OdzoaTlUFD3N8xUN2dHo.jpg,0,0,0,0,0,1
musa-acuminata-ripe-6c29f837-2653-11ec-8ee3-d8c4975e38aa_jpg.rf.yH40NQKPJttTXZtYInMt.jpg,0,0,0,1,0,0
musa-acuminata-freshunripe-6d48e9c8-1d0a-11ec-83a7-d8c4975e38aa_jpg.rf.yDLDkCCGQTsBYgsZgCUD.jpg,0,1,0,0,0,0
musa-acuminata-mold-e468b364-1d0a-11ec-951a-d8c4975e38aa_jpg.rf.OUY8LMHFOgkwW5HnMEth.jpg,0,0,1,0,0,0
musa-acuminata-rotten-beb486b7-1d0a-11ec-80ec-d8c4975e38aa_jpg.rf.OhHn2tRSlDO0xGmKyb9P.jpg,0,0,0,0,1,0
musa-acuminata-overripe-74e33c01-2653-11ec-ad55-d8c4975e38aa_jpg.rf.PX6uhYxXoPnduUJDW3Ek.jpg,0,0,1,0,0,0
musa-acuminata-freshripe-79e54907-1d0a-11ec-95ea-d8c4975e38aa_jpg.rf.OxkSrOVBAJmEqMVljcDz.jpg,1,0,0,0,0,0
musa-acuminata-banana-b4eebf8d-394a-11ec-8e20-d8c4975e38aa_jpg.rf.OovBdmXV2tI3qyGA6oZz.jpg,0,0,0,1,0,0
musa-acuminata-ripe-94236c91-1d0a-11ec-8524-d8c4975e38aa_jpg.rf.Pga70g3WpcmZeENo8Y5w.jpg,0,0,0,1,0,0
musa-acuminata-unripe-5dcebc31-2653-11ec-874c-d8c4975e38aa---Copy_jpg.rf.Pjuv1UtiJBPJcIQfpQVu.jpg,0,0,0,0,0,1
musa-acuminata-banana-f90a38cf-394a-11ec-bf35-d8c4975e38aa_jpg.rf.RsXmGwM15NiWv30Ai783.jpg,0,0,0,1,0,0
musa-acuminata-rotten-8eca5dc7-2653-11ec-803f-d8c4975e38aa_jpg.rf.RtlkAm7RyiF3PpBcwM7v.jpg,0,0,0,0,1,0
musa-acuminata-ripe-981d2563-1d0a-11ec-baa6-d8c4975e38aa_jpg.rf.SAa18BtMhg8dqi3hG96A.jpg,0,0,0,1,1,0
musa-acuminata-ripe-92e66da7-1d0a-11ec-8265-d8c4975e38aa_jpg.rf.SJ2LvtGuJ3ikyNctql7y.jpg,0,0,0,1,0,0
musa-acuminata-overripe-9d21cfb1-1d0a-11ec-af53-d8c4975e38aa_jpg.rf.SL1oWj9VMYF1XzuPkAzv.jpg,0,0,1,0,0,0
musa-acuminata-rotten-a51a0597-1d0a-11ec-8a1b-d8c4975e38aa_jpg.rf.SUYVsHjn02CeE2QJBUPl.jpg,0,0,0,0,1,0
musa-acuminata-overripe-8089710f-2653-11ec-98d7-d8c4975e38aa_jpg.rf.CmpAncKIXXT8jPGoIWau.jpg,0,0,1,0,0,0
musa-acuminata-freshripe-7e61d101-1d0a-11ec-8c58-d8c4975e38aa_jpg.rf.Qdmyby3zPCim1m7nqWZc.jpg,1,0,0,0,0,0
musa-acuminata-overripe-7f66352d-2653-11ec-b7f6-d8c4975e38aa_jpg.rf.QhKCZJGm75XYj7SOhjbK.jpg,0,0,1,0,0,0
musa-acuminata-banana-af4d221f-394a-11ec-9d7b-d8c4975e38aa_jpg.rf.22y8aK24BAA72hUXBXky.jpg,1,0,0,1,0,0
musa-acuminata-freshripe-45c7202c-2653-11ec-8fc1-d8c4975e38aa_jpg.rf.RSlBnCPLPPODh4Fouyc1.jpg,1,0,0,0,0,0
musa-acuminata-unripe-8603c536-1d0a-11ec-a4e8-d8c4975e38aa-1-_jpg.rf.Qi6NldeSD6uEFoc57cyr.jpg,0,0,0,0,1,1
musa-acuminata-freshripe-790471a7-1d0a-11ec-94fe-d8c4975e38aa_jpg.rf.RkGyPMoIEi3jxdyzyw3N.jpg,1,0,0,0,0,0
musa-acuminata-rotten-8e8ec7f9-2653-11ec-b2d4-d8c4975e38aa_jpg.rf.DV9qtmNjJ7cN2f6Icl4D.jpg,0,0,0,0,1,0
musa-acuminata-ripe-96833266-1d0a-11ec-8b6b-d8c4975e38aa_jpg.rf.DW2s6Louu4cVn8wUQjZO.jpg,0,0,0,1,1,0
musa-acuminata-freshunripe-33795207-2653-11ec-8a8e-d8c4975e38aa_jpg.rf.DhrtciWlpIEiBVu3TGMR.jpg,0,1,0,0,0,0
musa-acuminata-freshunripe-261131ee-2653-11ec-bb06-d8c4975e38aa_jpg.rf.CuKUQxo4j16bjkZ2ItDn.jpg,0,1,0,0,0,0
musa-acuminata-mold-e2f281d9-1d0a-11ec-824b-d8c4975e38aa_jpg.rf.D7VziojGx9Byvxdhn2Wo.jpg,0,0,1,0,0,0
musa-acuminata-rotten-ab2c670a-1d0a-11ec-92ec-d8c4975e38aa_jpg.rf.DKmaBpF3VtsUUlVKKYOn.jpg,0,0,0,0,1,0
musa-acuminata-banana-ef30b169-394a-11ec-b865-d8c4975e38aa_jpg.rf.Cs2ttN2SHZy4NOZmSaBR.jpg,0,0,0,1,0,0
musa-acuminata-freshunripe-731d5b76-1d0a-11ec-a631-d8c4975e38aa_jpg.rf.RuSgWJtRrWqKJEzwZjQZ.jpg,0,1,0,0,0,0
musa-acuminata-freshunripe-6f15bae6-1d0a-11ec-9955-d8c4975e38aa_jpg.rf.CqezM0tgaZYMnN44z0FF.jpg,0,1,0,0,0,0
musa-acuminata-mold-e25c58bf-1d0a-11ec-960a-d8c4975e38aa_jpg.rf.D2BXJpdFJ8w9iX3kH0E3.jpg,0,0,1,0,0,0
musa-acuminata-rotten-bfb54b23-1d0a-11ec-bc34-d8c4975e38aa_jpg.rf.DC7E8uz28izbluczbv0e.jpg,0,0,0,0,1,0
musa-acuminata-mold-e289a3fb-1d0a-11ec-8747-d8c4975e38aa_jpg.rf.DTnab97YseSaDNKnpP20.jpg,0,0,1,0,1,0
musa-acuminata-freshripe-7f1c21bd-1d0a-11ec-ac9f-d8c4975e38aa_jpg.rf.GEgyhKytxQFiAg4FkXWs.jpg,1,0,0,0,0,0
musa-acuminata-ripe-957aa2fd-1d0a-11ec-965d-d8c4975e38aa_jpg.rf.GTHGSWcoTGqpvu2yRCxn.jpg,0,0,0,1,1,0
musa-acuminata-overripe-7d4d3583-2653-11ec-9c0d-d8c4975e38aa_jpg.rf.GZ3QPVArHv99oioCXSUa.jpg,0,0,1,0,1,0
musa-acuminata-ripe-6aef5bbb-2653-11ec-9761-d8c4975e38aa_jpg.rf.GnMLE5lOlHUAPqGXrzaz.jpg,0,0,0,1,0,0
musa-acuminata-freshunripe-28ef49ec-2653-11ec-b29b-d8c4975e38aa_jpg.rf.Gzj0jZXnhDgLMOWCO6T7.jpg,0,1,0,0,0,0
musa-acuminata-banana-e775bc49-394a-11ec-8048-d8c4975e38aa_jpg.rf.DJsQpPRH8JUSKapHWvr5.jpg,0,0,0,1,0,0
musa-acuminata-ripe-971e1e98-1d0a-11ec-8e34-d8c4975e38aa_jpg.rf.DOSVhWZlxl4tfMrOoBzD.jpg,0,0,0,1,1,0
musa-acuminata-unripe-54487ec9-2653-11ec-b977-d8c4975e38aa---Copy_jpg.rf.EmHCeFA128wPG4OLDaNn.jpg,0,0,0,0,0,1
musa-acuminata-freshunripe-65376973-1d0a-11ec-ade8-d8c4975e38aa_jpg.rf.EvFEHs5tpsS9UFurCpCF.jpg,0,1,0,0,0,0
musa-acuminata-freshunripe-2038a2ac-2653-11ec-81b8-d8c4975e38aa_jpg.rf.Ebz0t6QETld8qaJhisAc.jpg,0,1,0,0,0,0
musa-acuminata-overripe-9e87532f-1d0a-11ec-a7b1-d8c4975e38aa_jpg.rf.EveedCtN0bzSCGsXBOlu.jpg,0,0,1,0,0,0
musa-acuminata-ripe-7122b75e-2653-11ec-80aa-d8c4975e38aa_jpg.rf.El4fxaKosQCMuThaUBHA.jpg,0,0,0,1,1,0
musa-acuminata-freshunripe-3547b43e-2653-11ec-82cc-d8c4975e38aa_jpg.rf.FbIUdWjJ3avpVknu1lox.jpg,0,1,0,0,0,0
musa-acuminata-banana-96c9b657-394a-11ec-b1d0-d8c4975e38aa_jpg.rf.GEWveP0TkLcszMD9aVQ4.jpg,0,0,1,0,1,0
musa-acuminata-mold-e4dfdf08-1d0a-11ec-a105-d8c4975e38aa_jpg.rf.RacMvextTT7aH52sfTZI.jpg,0,0,1,0,0,0
musa-acuminata-unripe-82156f80-1d0a-11ec-95ce-d8c4975e38aa-1-_jpg.rf.GDHB1wOiA1tHbNSUjRzV.jpg,0,0,0,0,1,1
musa-acuminata-freshunripe-254b5ef1-2653-11ec-ad18-d8c4975e38aa_jpg.rf.FFqBHv56iWT0F6mWyxQd.jpg,0,1,0,0,0,0
musa-acuminata-freshripe-4931d764-2653-11ec-9f36-d8c4975e38aa_jpg.rf.FTrMUG7vtQ3W5JDrYIeX.jpg,1,0,0,0,0,0
musa-acuminata-banana-a0a7c058-394a-11ec-b151-d8c4975e38aa_jpg.rf.xYB3TSeVJulfYI4jtutW.jpg,0,0,1,0,0,0
musa-acuminata-banana-a67a8572-394a-11ec-b85e-d8c4975e38aa_jpg.rf.xbHzsnizg8CvczYRWWEE.jpg,0,0,1,0,1,0
musa-acuminata-overripe-9ffb2393-1d0a-11ec-a175-d8c4975e38aa_jpg.rf.xgN1X54wyqHMhGOzkZKr.jpg,0,0,1,0,0,0
musa-acuminata-rotten-8132b9b4-2653-11ec-a4c0-d8c4975e38aa_jpg.rf.xhk1alRBfoY6JdtZKyan.jpg,0,0,0,0,1,0
musa-acuminata-rotten-86c14cb7-2653-11ec-a548-d8c4975e38aa_jpg.rf.xph9UhzExlBdZytniDrj.jpg,0,0,0,0,1,0
musa-acuminata-ripe-6d66f6f4-2653-11ec-be00-d8c4975e38aa_jpg.rf.xtrh42RkSJ3bAnbDHmeq.jpg,0,0,0,1,0,0
musa-acuminata-banana-9ff1d5c3-394a-11ec-9400-d8c4975e38aa_jpg.rf.y3j4wM9g66lde3iCSI4l.jpg,0,0,0,0,1,0
musa-acuminata-banana-a4d499a9-394a-11ec-a258-d8c4975e38aa_jpg.rf.H0Q9Lk4yQy86TJorx5oX.jpg,0,0,0,1,0,0
musa-acuminata-freshripe-7c1e9905-1d0a-11ec-a571-d8c4975e38aa_jpg.rf.xNcOnXSYnpmnquXLMb0E.jpg,1,0,0,0,0,0
musa-acuminata-freshunripe-3baabb38-2653-11ec-ad44-d8c4975e38aa_jpg.rf.wlBbQrcrqEI420PFmcEk.jpg,0,1,0,0,0,0
musa-acuminata-overripe-a0ca7f3f-1d0a-11ec-a2f4-d8c4975e38aa_jpg.rf.xDv9adcHB53SRBHk7fWn.jpg,0,0,1,0,0,0
musa-acuminata-ripe-9503787d-1d0a-11ec-b86d-d8c4975e38aa_jpg.rf.wpSu6wqHqyi3047iHfN2.jpg,0,0,0,1,0,0
musa-acuminata-banana-9938435e-4037-11ec-9cb7-94b86d66fd1d_jpg.rf.xTt04WcE0Pavpp4p01nC.jpg,1,0,0,0,0,0
musa-acuminata-ripe-6b832136-2653-11ec-9c8c-d8c4975e38aa_jpg.rf.woLFN2AQ8Ufu5OCO93Tr.jpg,0,0,0,1,0,0
musa-acuminata-ripe-94feb2e7-1d0a-11ec-a74b-d8c4975e38aa_jpg.rf.ysgaFKJj1JR9j4j8sr9B.jpg,0,0,0,1,0,0
musa-acuminata-overripe-9e3649d2-1d0a-11ec-ad78-d8c4975e38aa_jpg.rf.z0Lt4mtIyqs9nFya6Ow5.jpg,0,0,1,0,0,0
musa-acuminata-ripe-997de481-1d0a-11ec-820d-d8c4975e38aa_jpg.rf.zAesTO4yYxQwvOjBDxVo.jpg,0,0,0,1,1,0
musa-acuminata-freshripe-7b84cc46-1d0a-11ec-9515-d8c4975e38aa_jpg.rf.xa9NC0Szbbaeivvr4LDB.jpg,1,0,0,0,0,0
musa-acuminata-mold-e358fe9a-1d0a-11ec-9cac-d8c4975e38aa_jpg.rf.yFsuDiWr0LtG0JKzx2T6.jpg,0,0,1,0,0,0
musa-acuminata-banana-b0b8dacd-394a-11ec-a709-d8c4975e38aa_jpg.rf.yeNDUXQzvWfgRsxJawiB.jpg,1,0,0,0,0,0
musa-acuminata-banana-edf28e4d-394a-11ec-969c-d8c4975e38aa_jpg.rf.yHhLGrzkZVjkhbgpDJnp.jpg,0,0,0,1,0,0
musa-acuminata-banana-9f34e43e-394a-11ec-b5bc-d8c4975e38aa_jpg.rf.yJgKIYk2YrLh3WAmOKyq.jpg,0,0,0,0,1,0
musa-acuminata-overripe-9d15e4e0-1d0a-11ec-9f15-d8c4975e38aa_jpg.rf.ydhpm0m8ppQ8vZmILSOc.jpg,0,0,1,0,0,0
musa-acuminata-rotten-88f6afc4-2653-11ec-aaf2-d8c4975e38aa_jpg.rf.yjLEFfNVuRVdzHJIimEl.jpg,0,0,0,0,1,0
musa-acuminata-mold-e691a8f0-1d0a-11ec-bfdd-d8c4975e38aa_jpg.rf.yqRuQAcftTosWRmHsNtD.jpg,0,0,1,0,0,0
musa-acuminata-unripe-57b0d3fe-2653-11ec-a19c-d8c4975e38aa---Copy_jpg.rf.ySDFkeTqsO4zonR7ejjN.jpg,0,0,0,0,1,1
musa-acuminata-banana-ea846f76-394a-11ec-9648-d8c4975e38aa_jpg.rf.USMQzv7UmkHmh1odjpU7.jpg,1,0,0,1,0,0
musa-acuminata-ripe-73553404-2653-11ec-9265-d8c4975e38aa_jpg.rf.UYcm5016WJ99gMtxvK08.jpg,0,0,0,0,1,0
musa-acuminata-banana-a8741bd0-394a-11ec-931c-d8c4975e38aa_jpg.rf.UlDFQ14taqgJB2Y7UHIV.jpg,0,0,0,0,1,0
musa-acuminata-banana-fab1778b-394a-11ec-884b-d8c4975e38aa_jpg.rf.Umwm1pprpvOXgrx3vtxn.jpg,0,0,0,1,0,0
musa-acuminata-freshripe-44b04409-2653-11ec-b743-d8c4975e38aa_jpg.rf.z1DAnWLE33aMPBeDodza.jpg,1,0,0,0,0,0
musa-acuminata-banana-ed4ae9c5-394a-11ec-b307-d8c4975e38aa_jpg.rf.zXRlg7GEwEEp9RY601A5.jpg,1,0,0,1,0,0
musa-acuminata-banana-fafa20dc-394a-11ec-bc04-d8c4975e38aa_jpg.rf.yqedwI3B2QunIsZYFH4s.jpg,1,0,0,1,0,0
musa-acuminata-banana-b6f36bfb-394a-11ec-a38f-d8c4975e38aa_jpg.rf.TPR2Yj5C0AEZzxnK9qPP.jpg,0,0,0,1,0,0
musa-acuminata-banana-e07249f7-394a-11ec-b8d2-d8c4975e38aa_jpg.rf.yHomvTviidDlPt65Bi76.jpg,0,0,0,1,0,0
musa-acuminata-banana-a838d82e-394a-11ec-8657-d8c4975e38aa_jpg.rf.zlWhfhTtxeI65NRaUNE0.jpg,0,0,0,0,1,0
musa-acuminata-unripe-57b7fa3d-2653-11ec-866c-d8c4975e38aa---Copy_jpg.rf.T4XfMqaauLF2MgfgqSGw.jpg,0,0,0,0,1,1
musa-acuminata-banana-d07bb6aa-4037-11ec-bfe4-94b86d66fd1d_jpg.rf.TcgaEzJJTDxAxfT41pD9.jpg,1,0,0,0,0,0
musa-acuminata-freshripe-79271554-1d0a-11ec-ba3b-d8c4975e38aa_jpg.rf.SyDcZe2fTHAbFlvEIHSo.jpg,1,0,0,0,0,0
musa-acuminata-banana-cff94e5a-4037-11ec-8c2b-94b86d66fd1d_jpg.rf.TZ9RlYEj3ksjAN7xa5BU.jpg,1,0,0,0,0,0
musa-acuminata-overripe-a0914b67-1d0a-11ec-8c84-d8c4975e38aa_jpg.rf.TrAzsXxzGArrryKkLUO3.jpg,0,0,1,0,1,0
musa-acuminata-rotten-81d2d39c-2653-11ec-9467-d8c4975e38aa_jpg.rf.TWTnBBLhI9jPwj8AsVhu.jpg,0,0,0,0,1,0
musa-acuminata-banana-ee4546cc-394a-11ec-b4ba-d8c4975e38aa_jpg.rf.TzUNYwc6IbQgeP0j9WOs.jpg,0,0,0,1,0,0
musa-acuminata-freshripe-7e9c1b83-1d0a-11ec-bd71-d8c4975e38aa_jpg.rf.VuUEgsmOqdlw32flNF7i.jpg,1,0,0,0,0,0
musa-acuminata-rotten-85027050-2653-11ec-85e6-d8c4975e38aa_jpg.rf.W5hg3srdCeK1TBCnZyAa.jpg,0,0,0,0,1,0
musa-acuminata-rotten-ba79207a-1d0a-11ec-8b46-d8c4975e38aa_jpg.rf.W8zj3YOLenunANmCJxqh.jpg,0,0,0,0,1,0
musa-acuminata-ripe-92ce9967-1d0a-11ec-ae12-d8c4975e38aa_jpg.rf.W9G8bePonYXJ09KpgJFJ.jpg,0,0,0,1,0,0
musa-acuminata-ripe-7080a4b9-2653-11ec-a616-d8c4975e38aa_jpg.rf.WAiAeopfZD3bZZMS3BRb.jpg,0,0,0,0,1,0
musa-acuminata-banana-8781d0d0-394a-11ec-8af9-d8c4975e38aa_jpg.rf.V0feNk5fgLgyxzgedvIM.jpg,0,0,1,0,1,0
musa-acuminata-ripe-6c60c9e6-2653-11ec-a12a-d8c4975e38aa_jpg.rf.UjB0NnikQFK531fDPyCg.jpg,0,0,0,1,0,0
musa-acuminata-overripe-9d9b5da1-1d0a-11ec-a47d-d8c4975e38aa_jpg.rf.Upp6tx5T6QxBgKP76J2h.jpg,0,0,1,0,1,0
musa-acuminata-unripe-8d172bfd-1d0a-11ec-b3bc-d8c4975e38aa-1-_jpg.rf.VTToZru4l8oXLgPoZXFC.jpg,0,0,0,0,0,1
musa-acuminata-unripe-6086b171-2653-11ec-b31e-d8c4975e38aa---Copy_jpg.rf.Via2zmI0AmbkpTH2CbH4.jpg,0,0,0,0,1,0
musa-acuminata-banana-b8e23325-4037-11ec-bffa-94b86d66fd1d_jpg.rf.VaGOUmwZeYylERqGCAJk.jpg,0,1,0,0,0,1
musa-acuminata-banana-a0415116-4037-11ec-b6e9-94b86d66fd1d_jpg.rf.VpkeTMawW1zfvuE6mQIk.jpg,0,0,0,1,0,0
musa-acuminata-banana-974f11be-394a-11ec-a748-d8c4975e38aa_jpg.rf.VsDyUCm2nczuWsy9fLsI.jpg,0,0,1,0,1,0
musa-acuminata-ripe-9b405c1a-1d0a-11ec-8b39-d8c4975e38aa_jpg.rf.qUIYN6wqXvvhiRgp6Krz.jpg,0,0,0,1,1,0
musa-acuminata-freshunripe-2af6dfdf-2653-11ec-883e-d8c4975e38aa_jpg.rf.qgb4rJUv5lQseahXR96C.jpg,0,1,0,0,0,0
musa-acuminata-overripe-a12775a1-1d0a-11ec-9e43-d8c4975e38aa_jpg.rf.r49YtFGtB5ozvdVSvfW7.jpg,0,0,1,0,1,0
musa-acuminata-overripe-750bc0a8-2653-11ec-ba0b-d8c4975e38aa_jpg.rf.rAr7Uxevx16dYfyjtiSj.jpg,0,0,1,0,0,0
musa-acuminata-rotten-8264d402-2653-11ec-9dec-d8c4975e38aa_jpg.rf.rD0a1fnZSyeGwGZ6EQUM.jpg,0,0,0,0,1,0
musa-acuminata-overripe-800a4305-2653-11ec-a5d1-d8c4975e38aa_jpg.rf.rEeqHODb7poPKtxu54MJ.jpg,0,0,1,0,1,0
musa-acuminata-freshunripe-22851c84-2653-11ec-8a34-d8c4975e38aa_jpg.rf.WBw0USBhYOL0N27TTHnp.jpg,0,1,0,0,0,0
musa-acuminata-banana-bddcd154-4037-11ec-a676-94b86d66fd1d_jpg.rf.WWHVdP4P1akDeKGbDE7X.jpg,1,0,0,1,0,0
musa-acuminata-banana-e9cfc637-394a-11ec-a9b3-d8c4975e38aa_jpg.rf.Wg8g6jmlgr9Wm17t6D9y.jpg,0,0,0,1,0,0
musa-acuminata-banana-cc41dbc4-394a-11ec-aeae-d8c4975e38aa_jpg.rf.WK0xzlLZUCVbrbUYBpUm.jpg,1,0,0,0,0,0
musa-acuminata-banana-98db68d9-394a-11ec-ab03-d8c4975e38aa_jpg.rf.q7WnAAzKcS9V8VlOVban.jpg,0,0,0,0,1,0
musa-acuminata-unripe-5c267c58-2653-11ec-bb0d-d8c4975e38aa---Copy_jpg.rf.q672R00brTudpE2d75VD.jpg,0,0,0,0,1,1
musa-acuminata-banana-8c6c846f-394a-11ec-9ab5-d8c4975e38aa_jpg.rf.WfZfs7wCIPsNfNMmD9h2.jpg,0,0,0,0,1,0
musa-acuminata-ripe-922a2336-1d0a-11ec-8e96-d8c4975e38aa_jpg.rf.q5Xm5tI65gIaSLKPVy2V.jpg,0,0,0,1,0,0
musa-acuminata-banana-ca6f34ad-394a-11ec-aa74-d8c4975e38aa_jpg.rf.qC2Xg1yxDkgtN921FUic.jpg,0,0,0,1,0,0
musa-acuminata-freshunripe-6b22b44f-1d0a-11ec-8bf8-d8c4975e38aa_jpg.rf.qGmZNwmcrVKHH9N5HgCm.jpg,0,1,0,0,0,0
musa-acuminata-banana-83132c86-394a-11ec-94f9-d8c4975e38aa_jpg.rf.qTyiJegvLs9nQ1kRXHB0.jpg,0,0,1,0,1,0
musa-acuminata-mold-e345ec28-1d0a-11ec-8b5f-d8c4975e38aa_jpg.rf.qA5UxCfd1pg84sKadPAe.jpg,0,0,1,0,1,0
musa-acuminata-banana-af61f735-394a-11ec-8791-d8c4975e38aa_jpg.rf.sAFcmz8cAcJWRIJrkwnR.jpg,1,0,0,1,0,0
musa-acuminata-ripe-9450b58d-1d0a-11ec-b598-d8c4975e38aa_jpg.rf.rFOiz5ajQ4OzYOAzIT3o.jpg,0,0,0,1,0,0
musa-acuminata-banana-b535fc9a-394a-11ec-bc5c-d8c4975e38aa_jpg.rf.rHrXZoSFHKS03iVjovdj.jpg,0,0,0,1,0,0
musa-acuminata-rotten-86bd8951-2653-11ec-b678-d8c4975e38aa_jpg.rf.rMCPJ9zOEx3YMMS5uTso.jpg,0,0,0,0,1,0
musa-acuminata-rotten-aece0071-1d0a-11ec-9090-d8c4975e38aa_jpg.rf.s3EJVj9PGIAjyKu9ygwU.jpg,0,0,0,0,1,0
musa-acuminata-freshunripe-28f8d281-2653-11ec-a71b-d8c4975e38aa_jpg.rf.rfEnMexXeUBVt6eC33AY.jpg,0,1,0,0,0,0
musa-acuminata-freshunripe-6dabd09f-1d0a-11ec-9204-d8c4975e38aa_jpg.rf.rbrvj5ZkKSBAZf64r2uL.jpg,0,1,0,0,0,0
musa-acuminata-banana-e77fdfa3-394a-11ec-8d9f-d8c4975e38aa_jpg.rf.rkNiM9yHnDKn8n8lHBfE.jpg,0,0,0,1,0,0
musa-acuminata-banana-9f3c9f50-394a-11ec-910b-d8c4975e38aa_jpg.rf.rZMxUhyDQBBKNusPbDiP.jpg,0,0,0,0,1,0
musa-acuminata-unripe-8b276b78-1d0a-11ec-bb9a-d8c4975e38aa-1-_jpg.rf.raKNbuAyeI6kIqAvkfnt.jpg,0,1,0,0,0,1
musa-acuminata-banana-96ff0858-394a-11ec-8bc3-d8c4975e38aa_jpg.rf.rkj6iJAxCBEQj6buEdFo.jpg,0,0,0,0,1,0
musa-acuminata-freshunripe-681d3f1b-1d0a-11ec-bc97-d8c4975e38aa_jpg.rf.aohUhnm2IfZM5eb53tnU.jpg,0,1,0,0,0,0
musa-acuminata-freshunripe-67035cba-1d0a-11ec-95db-d8c4975e38aa_jpg.rf.13IjS4d2e1Dbdq1yaAwu.jpg,0,1,0,0,0,0
musa-acuminata-ripe-93fae9ae-1d0a-11ec-b489-d8c4975e38aa_jpg.rf.1cxDcZDMQe3zgu78eQlH.jpg,0,0,0,1,0,0
musa-acuminata-freshripe-79bf3beb-1d0a-11ec-bdb6-d8c4975e38aa_jpg.rf.aSzZQdvK4917hHMsOgWp.jpg,1,0,0,0,0,0
musa-acuminata-freshunripe-19447371-2653-11ec-a852-d8c4975e38aa_jpg.rf.35rz6UuHnOjWPBxuwB3w.jpg,0,1,0,0,0,0
musa-acuminata-mold-e4fc7903-1d0a-11ec-893c-d8c4975e38aa_jpg.rf.3I8LblPuZUGrfDrEl9aU.jpg,0,0,1,0,1,0
musa-acuminata-rotten-bb4c0c53-1d0a-11ec-bc31-d8c4975e38aa_jpg.rf.3HBzDaheEajVRZnnB3Rc.jpg,0,0,0,0,1,0
musa-acuminata-rotten-833ff7b2-2653-11ec-bbe4-d8c4975e38aa_jpg.rf.37Nx2hgnnxKL0eKuqUuz.jpg,0,0,0,0,1,0
musa-acuminata-overripe-9cdf1343-1d0a-11ec-93cf-d8c4975e38aa_jpg.rf.3JNsI2xpizBZqtzEwO4h.jpg,0,0,1,0,0,0
musa-acuminata-freshunripe-273196c9-2653-11ec-bc93-d8c4975e38aa_jpg.rf.3OT807udkwN9smzyA5Aa.jpg,0,1,0,0,0,0
musa-acuminata-unripe-8f25e8a7-1d0a-11ec-945b-d8c4975e38aa-1-_jpg.rf.3hnMhRdGSn4iCfD8HhoK.jpg,0,0,0,0,0,1
musa-acuminata-banana-8f6ae0a8-394a-11ec-b765-d8c4975e38aa_jpg.rf.3c5hcX39mJALpxa5XUpd.jpg,0,0,0,0,1,0
musa-acuminata-banana-9feb515f-394a-11ec-ad73-d8c4975e38aa_jpg.rf.3mI1RdL3pfQY8qcj7mJ8.jpg,0,0,0,0,1,0
musa-acuminata-banana-b59235a8-394a-11ec-b6fc-d8c4975e38aa_jpg.rf.49608psvpsTLxmDNCGqY.jpg,1,0,0,1,0,0
musa-acuminata-rotten-be97453c-1d0a-11ec-b0fa-d8c4975e38aa_jpg.rf.47ivzj8BwjLA6Y2roS7C.jpg,0,0,0,0,1,0
musa-acuminata-freshripe-7c0b55c2-1d0a-11ec-a54f-d8c4975e38aa_jpg.rf.4FxXRuMACqPo6D9MTtzz.jpg,1,0,0,0,0,0
musa-acuminata-overripe-76786a70-2653-11ec-8735-d8c4975e38aa_jpg.rf.4XizEPR2TxbhPBjaPlcN.jpg,0,0,1,0,0,0
musa-acuminata-ripe-6b6b4bc6-2653-11ec-b2ff-d8c4975e38aa_jpg.rf.4iYeqt1Cy5Plx6WODBjC.jpg,0,0,0,1,0,0
musa-acuminata-freshunripe-6feef4b5-1d0a-11ec-be79-d8c4975e38aa_jpg.rf.4dMZFxRurZAblgWCpqWP.jpg,0,1,0,0,0,0
musa-acuminata-freshunripe-6d43a597-1d0a-11ec-80d6-d8c4975e38aa_jpg.rf.4kRECHe0diqJ7mX7KhMF.jpg,0,1,0,0,0,0
musa-acuminata-banana-b856c9ce-4037-11ec-a9d0-94b86d66fd1d_jpg.rf.4rNBp3f9YFyRYaTfdf7g.jpg,0,1,0,0,0,0
musa-acuminata-overripe-9db5954d-1d0a-11ec-959e-d8c4975e38aa_jpg.rf.51O9PWMlNVOejTfzm8Qq.jpg,0,0,1,0,1,0
musa-acuminata-banana-ebcbb3f1-394a-11ec-bdd9-d8c4975e38aa_jpg.rf.p71q6IbGujBbadfHSIzu.jpg,1,0,0,0,0,0
musa-acuminata-unripe-612feab8-2653-11ec-a403-d8c4975e38aa---Copy_jpg.rf.58yuazhPQP4jUW64DJmR.jpg,0,0,0,0,0,1
musa-acuminata-ripe-956c5610-1d0a-11ec-a030-d8c4975e38aa_jpg.rf.p1efO3f4kETbzb0wk0u3.jpg,0,0,0,1,1,0
musa-acuminata-rotten-ba2cfa05-1d0a-11ec-941c-d8c4975e38aa_jpg.rf.p9a5xef8MIf3gn4jKdIH.jpg,0,0,0,0,1,0
musa-acuminata-banana-c3a18d57-394a-11ec-a45d-d8c4975e38aa_jpg.rf.pFewKiu96v6EWw7KbA5C.jpg,0,0,0,1,0,0
musa-acuminata-freshripe-7ea235fa-1d0a-11ec-8260-d8c4975e38aa_jpg.rf.pH6YTyzVqzFnmgZU72ZD.jpg,1,0,0,0,0,0
musa-acuminata-ripe-6ad2c1b7-2653-11ec-a093-d8c4975e38aa_jpg.rf.pKCkG2XmYReF1MpMfOEw.jpg,0,0,0,1,0,0
musa-acuminata-mold-e5c9749f-1d0a-11ec-81f1-d8c4975e38aa_jpg.rf.pQx878qdwTStznNyTc1C.jpg,0,0,1,0,0,0
musa-acuminata-overripe-9fc6b422-1d0a-11ec-8c09-d8c4975e38aa_jpg.rf.pQxw5diZyHA7LkrIbKlX.jpg,0,0,1,0,0,0
musa-acuminata-freshunripe-3a964107-2653-11ec-b1af-d8c4975e38aa_jpg.rf.pXhW5WCMHerk0vQLjWHu.jpg,0,1,0,0,0,0
musa-acuminata-unripe-91513f04-1d0a-11ec-9610-d8c4975e38aa-1-_jpg.rf.pXfuh3pnFOywrKAMMIGM.jpg,0,1,0,0,0,0
musa-acuminata-freshunripe-6765471d-1d0a-11ec-8e2e-d8c4975e38aa_jpg.rf.pRgTAXGRBWtsPl8TQBvQ.jpg,0,1,0,0,0,0
musa-acuminata-freshunripe-76186d0e-1d0a-11ec-8eb9-d8c4975e38aa_jpg.rf.pcbxkqkHhPKYq5tzuLZI.jpg,0,0,0,0,0,1
musa-acuminata-rotten-bb16be90-1d0a-11ec-910c-d8c4975e38aa_jpg.rf.phfaunS3uuoWoCicFoR5.jpg,0,0,0,0,1,0
musa-acuminata-freshunripe-669f2ef5-1d0a-11ec-92ad-d8c4975e38aa_jpg.rf.pwoV4pEn3c0A3Hna3JNy.jpg,0,1,0,0,0,0
musa-acuminata-freshunripe-71d68c7e-1d0a-11ec-9b13-d8c4975e38aa_jpg.rf.ppD30Fygi6k95Eo1bHbb.jpg,0,1,0,0,0,0
musa-acuminata-freshripe-4e4bf4e5-2653-11ec-b470-d8c4975e38aa_jpg.rf.q0TvYyyB7VxbiZ1I6YLW.jpg,1,0,0,0,0,0
musa-acuminata-freshripe-46eeacbf-2653-11ec-b2a1-d8c4975e38aa_jpg.rf.q5cEqhRLDbtBaixTZ2Rj.jpg,1,0,0,0,0,0
musa-acuminata-rotten-8d90a8d3-2653-11ec-9d15-d8c4975e38aa_jpg.rf.qDn39VK3mJD7XaKXTSzn.jpg,0,0,0,0,1,0
musa-acuminata-freshripe-7a61fe99-1d0a-11ec-8748-d8c4975e38aa_jpg.rf.qJ3OCQjARJrNISP7NEBp.jpg,1,0,0,0,0,0
musa-acuminata-ripe-91a70cb4-1d0a-11ec-8ecb-d8c4975e38aa_jpg.rf.qH8lVVyqa36iU0umEfmt.jpg,0,0,0,1,0,0
musa-acuminata-freshunripe-6b639f96-1d0a-11ec-be9c-d8c4975e38aa_jpg.rf.qJFSW4sL66VGOR3CF96r.jpg,0,1,0,0,0,0
musa-acuminata-ripe-6d707f7e-2653-11ec-be6c-d8c4975e38aa_jpg.rf.qR14BOVIQr8qzLMeeMLr.jpg,0,0,0,1,0,0
musa-acuminata-overripe-7fc74fc8-2653-11ec-8d71-d8c4975e38aa_jpg.rf.qkU1iB1VPKz2SklT1gjw.jpg,0,0,1,0,1,0
musa-acuminata-rotten-8ab4869f-2653-11ec-ac7c-d8c4975e38aa_jpg.rf.qTFsIWauGnvTkMj2VIzl.jpg,0,0,0,0,1,0
musa-acuminata-banana-96c0ea7d-394a-11ec-98d1-d8c4975e38aa_jpg.rf.qrpSruL1tPEEhikDld5e.jpg,0,0,1,0,1,0
musa-acuminata-banana-b54098a6-394a-11ec-b655-d8c4975e38aa_jpg.rf.rCW2u3bWDcJywjecMJRX.jpg,0,0,0,1,0,0
musa-acuminata-rotten-88523b10-2653-11ec-8b27-d8c4975e38aa_jpg.rf.r1U5YEYSASUyfjP26J5W.jpg,0,0,0,0,1,0
musa-acuminata-unripe-869eb37f-1d0a-11ec-84cf-d8c4975e38aa-1-_jpg.rf.rHr0XNT1POPPSJttZd7D.jpg,0,0,0,0,1,1
musa-acuminata-mold-e4985e33-1d0a-11ec-b3ce-d8c4975e38aa_jpg.rf.rIk3mAFIQFiI0hJYxXdH.jpg,0,0,1,0,0,0
musa-acuminata-overripe-9e2a5f35-1d0a-11ec-8b5e-d8c4975e38aa_jpg.rf.rIkTYZWQfOdsBQbrk5H9.jpg,0,0,1,0,1,0
musa-acuminata-unripe-88d5f27e-1d0a-11ec-9309-d8c4975e38aa-1-_jpg.rf.rP3Bt4FXlG94AyQ2MxVk.jpg,0,0,0,0,0,1
musa-acuminata-overripe-76760850-2653-11ec-aac9-d8c4975e38aa_jpg.rf.rPNSUGDijthunLNBRTNx.jpg,0,0,1,0,0,0
musa-acuminata-freshripe-7890eff1-1d0a-11ec-8abd-d8c4975e38aa_jpg.rf.rm4OwiIovjrm8OswrgQv.jpg,1,0,0,0,0,0
musa-acuminata-ripe-96263f9f-1d0a-11ec-83ec-d8c4975e38aa_jpg.rf.rp8fPSBviqPH4NtEAUlo.jpg,0,0,0,1,1,0
musa-acuminata-banana-a8350e39-394a-11ec-b87d-d8c4975e38aa_jpg.rf.rsJA8dkMmJXZPjwMnkJU.jpg,0,0,0,0,1,0
musa-acuminata-banana-95945900-394a-11ec-a5a5-d8c4975e38aa_jpg.rf.rv6XZox0Di69AABxnS6t.jpg,0,0,0,1,1,0
musa-acuminata-freshunripe-761b68be-1d0a-11ec-a019-d8c4975e38aa_jpg.rf.s4vUkTZDbDlnfrDU3jg4.jpg,0,1,0,0,0,0
musa-acuminata-overripe-7f11f370-2653-11ec-9c7b-d8c4975e38aa_jpg.rf.sH65JN0PZ0vabhacsEM2.jpg,0,0,1,0,0,0
musa-acuminata-banana-dd54bc8b-394a-11ec-ad36-d8c4975e38aa_jpg.rf.sFtQqPA5bRoYNt4FiGnA.jpg,0,0,0,1,0,0
musa-acuminata-banana-d0542d2f-4037-11ec-ae85-94b86d66fd1d_jpg.rf.sSN94CRpTcYzUOtEojTl.jpg,1,0,0,0,0,0
musa-acuminata-rotten-845377d3-2653-11ec-b4e6-d8c4975e38aa_jpg.rf.snoWetkWMs8O7XkHJUD7.jpg,0,0,0,0,1,0
musa-acuminata-banana-b1259836-394a-11ec-a0f2-d8c4975e38aa_jpg.rf.sq6UR641pUI5WuxcONAV.jpg,1,0,0,1,0,0
musa-acuminata-banana-b72ad7a4-4037-11ec-9ae1-94b86d66fd1d_jpg.rf.sa4pGAaCZzfMc2CaYfdZ.jpg,0,1,0,0,0,1
musa-acuminata-banana-b0e9dfed-394a-11ec-900e-d8c4975e38aa_jpg.rf.stw2kUAUeyXmoA9pwTFu.jpg,1,0,0,1,0,0
musa-acuminata-freshunripe-6928352f-1d0a-11ec-99b8-d8c4975e38aa_jpg.rf.t07manWuQI72Z97oDjRY.jpg,0,1,0,0,0,0
musa-acuminata-ripe-977fd6f4-1d0a-11ec-a74f-d8c4975e38aa_jpg.rf.t8iRfac9clryDDSZXG1N.jpg,0,0,0,1,1,0
musa-acuminata-ripe-708c8f6d-2653-11ec-af69-d8c4975e38aa_jpg.rf.tS0M0KVrSzMHgYZBP4Yq.jpg,0,0,0,0,1,0
musa-acuminata-ripe-6cad0ecd-2653-11ec-b963-d8c4975e38aa_jpg.rf.tk975IDbkwtAZ1aAR6tB.jpg,0,0,0,1,0,0
musa-acuminata-banana-c61bbd12-4037-11ec-8306-94b86d66fd1d_jpg.rf.toHbIGVNXmZiR8HzcjzP.jpg,1,0,0,0,0,0
musa-acuminata-banana-c4ed9953-394a-11ec-ab85-d8c4975e38aa_jpg.rf.t5ulLrm3hJlnSlSqYFDb.jpg,0,0,0,1,0,0
musa-acuminata-banana-88632ffe-394a-11ec-89d5-d8c4975e38aa_jpg.rf.u74Lbt06ZG4nRhGtLSLT.jpg,0,0,0,1,1,0
musa-acuminata-unripe-617e91bb-2653-11ec-b042-d8c4975e38aa---Copy_jpg.rf.udDvoHN0szaorq12Umfu.jpg,0,0,0,0,0,1
musa-acuminata-banana-a8b3eb75-394a-11ec-93ab-d8c4975e38aa_jpg.rf.uM7obylf4QRNmQ36gECn.jpg,0,0,1,0,0,0
musa-acuminata-overripe-74ecc615-2653-11ec-86e8-d8c4975e38aa_jpg.rf.v35AAOEqacxf2uXDaSgD.jpg,0,0,1,0,0,0
musa-acuminata-banana-b4392d23-394a-11ec-bf68-d8c4975e38aa_jpg.rf.vMea6th5WKhC4Nm4RNkf.jpg,1,0,0,0,0,0
musa-acuminata-overripe-7d7c85e6-2653-11ec-bc22-d8c4975e38aa_jpg.rf.vN0tbg3DEi1h6p601s0A.jpg,0,0,1,0,1,0
musa-acuminata-freshunripe-39b17224-2653-11ec-93a9-d8c4975e38aa_jpg.rf.uxdyvv410LsRvrcioY0y.jpg,0,1,0,0,0,0
musa-acuminata-overripe-80c4de61-2653-11ec-b580-d8c4975e38aa_jpg.rf.vQpBsg77ZyEDDBUkodyY.jpg,0,0,1,0,1,0
musa-acuminata-banana-c7eba8f7-394a-11ec-8814-d8c4975e38aa_jpg.rf.w8CkM3xWd2foDfkETTqG.jpg,0,0,0,1,0,0
musa-acuminata-overripe-7fd0d828-2653-11ec-96af-d8c4975e38aa_jpg.rf.spnBEOYCOmwES2ceiWwB.jpg,0,0,1,0,1,0
musa-acuminata-mold-e4b295f7-1d0a-11ec-8b9e-d8c4975e38aa_jpg.rf.w1HGsyd8n8YUKXlKdFW9.jpg,0,0,1,0,0,0
musa-acuminata-banana-ace37e1d-4037-11ec-8953-94b86d66fd1d_jpg.rf.stLnqoT5LaWVTK66MTm1.jpg,1,0,0,0,0,0
musa-acuminata-banana-b4c5b970-4037-11ec-9535-94b86d66fd1d_jpg.rf.sw0LGa7GO0dTa32IeuoU.jpg,0,1,0,0,0,1
musa-acuminata-freshripe-4615c8cf-2653-11ec-85ea-d8c4975e38aa_jpg.rf.tCL6Te2KDpoSs8mtAvgT.jpg,1,0,0,0,0,0
musa-acuminata-freshripe-79c07461-1d0a-11ec-a623-d8c4975e38aa_jpg.rf.sxnm5GoaL6t78Zmkpbfy.jpg,1,0,0,0,0,0
musa-acuminata-banana-f04b6083-394a-11ec-8174-d8c4975e38aa_jpg.rf.tHt2fj9TSt20HJVtb8Do.jpg,0,0,0,1,0,0
musa-acuminata-banana-e8d254d5-394a-11ec-b97e-d8c4975e38aa_jpg.rf.tO5Hy7wFdAUptPOhEbHo.jpg,0,0,0,1,0,0
musa-acuminata-banana-e78163cd-394a-11ec-a250-d8c4975e38aa_jpg.rf.tDN3jpyu9I64CTEALhq0.jpg,0,0,0,1,0,0
musa-acuminata-banana-9bf5151e-4037-11ec-ad7e-94b86d66fd1d_jpg.rf.tIZk2mZuj41lHNhGudKA.jpg,0,0,0,1,0,0
musa-acuminata-overripe-a1951685-1d0a-11ec-b163-d8c4975e38aa_jpg.rf.tPNxEkkGe7NyVqXyVO7J.jpg,0,0,1,0,0,0
musa-acuminata-rotten-bfc6ba55-1d0a-11ec-902f-d8c4975e38aa_jpg.rf.twocnN9c937QfRTfXNal.jpg,0,0,0,0,1,0
musa-acuminata-freshunripe-2605487b-2653-11ec-9669-d8c4975e38aa_jpg.rf.tkeGfEr2Ts54NuvTqnej.jpg,0,1,0,0,0,0
musa-acuminata-mold-e41547ae-1d0a-11ec-b617-d8c4975e38aa_jpg.rf.uDF3YQebcFme1HpBS0av.jpg,0,0,1,0,1,0
musa-acuminata-banana-8a761abb-394a-11ec-bd55-d8c4975e38aa_jpg.rf.uVPoDElUeI9NThedskpW.jpg,0,0,0,0,1,0
musa-acuminata-overripe-806a9443-2653-11ec-97ef-d8c4975e38aa_jpg.rf.ujeCx8ky3QCMWpygCS1O.jpg,0,0,1,0,0,0
musa-acuminata-overripe-a18206a0-1d0a-11ec-8b37-d8c4975e38aa_jpg.rf.uxfcvFjbgk6UGNonQkg4.jpg,0,0,1,0,0,0
musa-acuminata-banana-96f9e35b-394a-11ec-a47c-d8c4975e38aa_jpg.rf.ugnIVrydrs9U1dcVeivZ.jpg,0,0,0,0,1,0
musa-acuminata-banana-e5a2f5a2-394a-11ec-bb1e-d8c4975e38aa_jpg.rf.vGshPNVlLGFidv6pOOCw.jpg,1,0,0,1,0,0
musa-acuminata-banana-cc6c7826-4037-11ec-b694-94b86d66fd1d_jpg.rf.vYRrmSeZtqNLGL8398va.jpg,1,0,0,0,0,0
musa-acuminata-banana-aa77ce1a-394a-11ec-970a-d8c4975e38aa_jpg.rf.vfHFFs1qBpyjovY4hhDD.jpg,0,0,1,0,1,0
musa-acuminata-banana-f9084054-394a-11ec-a179-d8c4975e38aa_jpg.rf.vphpsF9BE996xHherTjn.jpg,0,0,0,1,0,0
musa-acuminata-ripe-9518ebdf-1d0a-11ec-84cd-d8c4975e38aa_jpg.rf.vlnSX3kU9sYiE8rHcrSq.jpg,0,0,0,1,0,0
musa-acuminata-unripe-902c15c0-1d0a-11ec-921b-d8c4975e38aa-1-_jpg.rf.vvhfwVSf9Of0q8iiTW0Z.jpg,0,0,0,0,0,1
musa-acuminata-rotten-a9ea91bf-1d0a-11ec-8793-d8c4975e38aa_jpg.rf.w4bRh8A7OD9vaGQOwyg6.jpg,0,0,0,0,1,0
musa-acuminata-banana-9cf121c3-394a-11ec-a4d9-d8c4975e38aa_jpg.rf.w609r53bKSsgyIy6qrsz.jpg,0,0,1,0,1,0
musa-acuminata-ripe-6c311ed7-2653-11ec-8927-d8c4975e38aa_jpg.rf.aPxgKS8U7cyQDnKTUEuT.jpg,0,0,0,1,0,0
musa-acuminata-rotten-870d9da7-2653-11ec-9e3e-d8c4975e38aa_jpg.rf.ws6q7YPa0PFbGw5JZE5S.jpg,0,0,0,0,1,0
musa-acuminata-banana-c3f322b7-4037-11ec-9e15-94b86d66fd1d_jpg.rf.bO7VwoUr4hAcRI4Um4nW.jpg,0,0,0,1,0,0
musa-acuminata-banana-a7b8918d-394a-11ec-a6b6-d8c4975e38aa_jpg.rf.ZMkCpdu3Wrto5QvGjjff.jpg,0,0,1,0,0,0
musa-acuminata-banana-d0a22a5e-4037-11ec-949d-94b86d66fd1d_jpg.rf.xRzqYKkRo1yomNO8w5i4.jpg,1,0,0,0,0,0
musa-acuminata-banana-c3701a74-394a-11ec-be9e-d8c4975e38aa_jpg.rf.xQLWhaxKDmV1m1EEgxRx.jpg,0,0,0,1,0,0
musa-acuminata-banana-9afb84bf-394a-11ec-80e5-d8c4975e38aa_jpg.rf.xW9kvqLV4w1w19RmLGlC.jpg,0,0,0,0,1,0
musa-acuminata-overripe-80700e95-2653-11ec-a8ea-d8c4975e38aa_jpg.rf.xGbDx9BvXGQcqd5VdMAl.jpg,0,0,1,0,0,0
musa-acuminata-banana-b1f14e9a-394a-11ec-a9e4-d8c4975e38aa_jpg.rf.BcE0ExxTR9llhE8OSdh6.jpg,0,0,0,1,0,0
musa-acuminata-ripe-99dad8a2-1d0a-11ec-8762-d8c4975e38aa_jpg.rf.BaOZsGfMlMBydzXHjafL.jpg,0,0,0,1,1,0
musa-acuminata-unripe-81c202ed-1d0a-11ec-963f-d8c4975e38aa-1-_jpg.rf.Bp10Hhgbn1wea3cfgZhC.jpg,0,0,0,0,0,1
musa-acuminata-unripe-8105b888-1d0a-11ec-a18a-d8c4975e38aa-1-_jpg.rf.BeKzAJWdFgdNNubAKbZu.jpg,0,0,0,0,1,1
musa-acuminata-ripe-6d5fd07a-2653-11ec-8d65-d8c4975e38aa_jpg.rf.BsjtCnX0j242OBLJpMZq.jpg,0,0,0,1,0,0
musa-acuminata-freshripe-50cd188b-2653-11ec-b6d4-d8c4975e38aa_jpg.rf.a6My10vBhBushupIY5RM.jpg,1,0,0,0,0,0
musa-acuminata-banana-9ac19037-394a-11ec-aa69-d8c4975e38aa_jpg.rf.aBDkP4iZX8N5oCtx3APs.jpg,0,0,0,0,1,0
musa-acuminata-freshunripe-75b449b8-1d0a-11ec-921b-d8c4975e38aa_jpg.rf.BtUNht5kbauZkJypI6H7.jpg,0,1,0,0,0,1
musa-acuminata-freshripe-465faa65-2653-11ec-8bfa-d8c4975e38aa_jpg.rf.C1KfkL5XEQlR5HuLQjCW.jpg,1,0,0,0,0,0
musa-acuminata-banana-a6bb796c-4037-11ec-ad0c-94b86d66fd1d_jpg.rf.CBl3TwF3p9v1QpZkZ9Mw.jpg,1,0,0,0,0,0
musa-acuminata-rotten-84101bde-2653-11ec-ad90-d8c4975e38aa_jpg.rf.CDiB2cWiUFCasro6nn6v.jpg,0,0,0,0,1,0
musa-acuminata-overripe-80267e5a-2653-11ec-bf6b-d8c4975e38aa_jpg.rf.CSDJBXpboJt33LLD1NQI.jpg,0,0,1,0,0,0
musa-acuminata-freshunripe-6db11869-1d0a-11ec-810f-d8c4975e38aa_jpg.rf.CT1foCM9fOgSgu8JoimM.jpg,0,1,0,0,0,0
musa-acuminata-overripe-9dac0cb7-1d0a-11ec-83da-d8c4975e38aa_jpg.rf.C9yqDfftaPlLX2hEk87Z.jpg,0,0,1,0,1,0
musa-acuminata-unripe-869c5163-1d0a-11ec-91a2-d8c4975e38aa-1-_jpg.rf.2zYYgCEvUXWsMiloo8ZM.jpg,0,0,0,0,1,1
musa-acuminata-mold-e3f8adc6-1d0a-11ec-b376-d8c4975e38aa_jpg.rf.CT42cZnX6iTweHE16sCg.jpg,0,0,1,0,0,0
musa-acuminata-banana-a961ed93-394a-11ec-9598-d8c4975e38aa_jpg.rf.CgFtDA3ypGryzq6VaATR.jpg,0,0,0,0,1,0
musa-acuminata-freshripe-7f252739-1d0a-11ec-bb42-d8c4975e38aa_jpg.rf.BzB2z0kiPUwNOtTfRQDN.jpg,1,0,0,0,0,0
musa-acuminata-ripe-9425ce9a-1d0a-11ec-a120-d8c4975e38aa_jpg.rf.DkVf7eWo5hHTmSl1rWVi.jpg,0,0,0,1,0,0
musa-acuminata-freshripe-781d375c-1d0a-11ec-9c74-d8c4975e38aa_jpg.rf.CuIwvjN2CJDW6FCzfXer.jpg,1,0,0,0,0,0
musa-acuminata-freshripe-79e683df-1d0a-11ec-9b2e-d8c4975e38aa_jpg.rf.CpdM0ROlVvwBm3LKb42u.jpg,1,0,0,0,0,0
musa-acuminata-ripe-74a07fb8-2653-11ec-805c-d8c4975e38aa_jpg.rf.D2o7uL9VTr6iTwJlXTdt.jpg,0,0,0,0,1,0
musa-acuminata-mold-e3a7a47d-1d0a-11ec-84fd-d8c4975e38aa_jpg.rf.DXcwCh3Svpev5jnLdBVN.jpg,0,0,1,0,1,0
musa-acuminata-banana-e3b4a62c-394a-11ec-8840-d8c4975e38aa_jpg.rf.DY92N54jnQZeQZW6hOw7.jpg,1,0,0,1,0,0
musa-acuminata-banana-8bacf244-394a-11ec-8292-d8c4975e38aa_jpg.rf.D8OrczxAUfVubGVEwzXS.jpg,0,0,0,0,1,0
musa-acuminata-banana-a7b06246-394a-11ec-8239-d8c4975e38aa_jpg.rf.DdbCQYcJ2xUi3SqfGcOr.jpg,0,0,1,0,0,0
musa-acuminata-freshunripe-2ef55eee-2653-11ec-83ff-d8c4975e38aa_jpg.rf.E5B5dNYX70B600GWSA4n.jpg,0,1,0,0,0,0
musa-acuminata-freshripe-46f37118-2653-11ec-8de3-d8c4975e38aa_jpg.rf.E6sP3H2kM6rskyj8tYx5.jpg,1,0,0,0,0,0
musa-acuminata-banana-ffd41366-394a-11ec-a0ca-d8c4975e38aa_jpg.rf.EALrc4wi1kj8Ds6DJonx.jpg,1,0,0,1,0,0
musa-acuminata-banana-9c83d094-4037-11ec-9bd2-94b86d66fd1d_jpg.rf.EGs4CRo5Oo3c88XenPNc.jpg,1,0,0,1,0,0
musa-acuminata-banana-aeb51a2a-4037-11ec-9795-94b86d66fd1d_jpg.rf.EKZKmKvle4Y46IwPrieL.jpg,0,1,0,0,0,1
musa-acuminata-freshunripe-692e4fe6-1d0a-11ec-afed-d8c4975e38aa_jpg.rf.ZhYivkMRThRlXrxijPSD.jpg,0,1,0,0,0,0
musa-acuminata-freshunripe-740bf393-1d0a-11ec-894e-d8c4975e38aa_jpg.rf.DsmjIPCucUjvYFSATWfS.jpg,0,1,0,0,0,0
musa-acuminata-banana-b3b38754-394a-11ec-a7e6-d8c4975e38aa_jpg.rf.DxzkWpQJZFZQUbI9zVNJ.jpg,1,0,0,0,0,0
musa-acuminata-banana-9effd5ae-394a-11ec-962c-d8c4975e38aa_jpg.rf.0MyDpgVNVjjbRnDKQpgA.jpg,0,0,0,0,1,0
musa-acuminata-rotten-838745d7-2653-11ec-a6dc-d8c4975e38aa_jpg.rf.0XkkaZg4CUBDpKkLGBxM.jpg,0,0,0,0,1,0
musa-acuminata-banana-b6dded1a-4037-11ec-a2c5-94b86d66fd1d_jpg.rf.0Zyi446fQ2ritUsDtbHl.jpg,0,1,0,0,0,0
musa-acuminata-rotten-a4163a8c-1d0a-11ec-a4a2-d8c4975e38aa_jpg.rf.0EJqE14NTvvGjMsAo8ew.jpg,0,0,0,0,1,0
musa-acuminata-ripe-71b8df1b-2653-11ec-ac1d-d8c4975e38aa_jpg.rf.0DTR1ZOetYFMTiY7UB0x.jpg,0,0,0,1,1,0
musa-acuminata-freshunripe-61f7dbaf-1d0a-11ec-9ba4-d8c4975e38aa_jpg.rf.0J3zr7F94iYnh4jw3SY8.jpg,0,1,0,0,0,0
musa-acuminata-overripe-9d91d4f6-1d0a-11ec-b3c9-d8c4975e38aa_jpg.rf.1LczjpbWiutJWquB5MWD.jpg,0,0,1,0,1,0
musa-acuminata-overripe-7dbd621c-2653-11ec-a5bf-d8c4975e38aa_jpg.rf.1bIHAhsZnXJUdwR17GcH.jpg,0,0,1,0,1,0
musa-acuminata-ripe-733fc09b-2653-11ec-a880-d8c4975e38aa_jpg.rf.1gTDnliwyOAS3OPZidnA.jpg,0,0,0,0,1,0
musa-acuminata-freshunripe-730b9895-1d0a-11ec-b7a6-d8c4975e38aa_jpg.rf.0k6OFSbfKiPUE2TVZg7K.jpg,0,1,0,0,0,0
musa-acuminata-banana-a478d684-394a-11ec-aa98-d8c4975e38aa_jpg.rf.0qTACefzNqnbifIBClOc.jpg,0,0,1,0,1,0
musa-acuminata-rotten-817feb16-2653-11ec-8c9f-d8c4975e38aa_jpg.rf.0yvDRnbGeoRCcWtbjLxP.jpg,0,0,0,0,1,0
musa-acuminata-ripe-6fe0f446-2653-11ec-836e-d8c4975e38aa_jpg.rf.1KHAY7OPLmPhdUiJ3aA7.jpg,0,0,0,1,1,0
musa-acuminata-freshripe-7c28a981-1d0a-11ec-9315-d8c4975e38aa_jpg.rf.0ybi9sR4KL4EvKAfnUQ9.jpg,1,0,0,0,0,0
musa-acuminata-freshunripe-72a22c76-1d0a-11ec-b138-d8c4975e38aa_jpg.rf.1heEPpvKVosFWO8IMpB9.jpg,0,1,0,0,0,0
musa-acuminata-mold-e698d051-1d0a-11ec-87b8-d8c4975e38aa_jpg.rf.1zYJTm1XkqYRbsmMnVQe.jpg,0,0,1,0,0,0
musa-acuminata-banana-88553e47-394a-11ec-b976-d8c4975e38aa_jpg.rf.zWFSI0CcUr8oMN5Jox6K.jpg,0,0,0,1,1,0
musa-acuminata-banana-a04851b2-394a-11ec-8db3-d8c4975e38aa_jpg.rf.1IESZSfQikty0He4IuYk.jpg,0,0,0,0,1,0
musa-acuminata-overripe-80e89c86-2653-11ec-a4d2-d8c4975e38aa_jpg.rf.2GqDA0fKndCShaNJb2ET.jpg,0,0,1,0,0,0
musa-acuminata-overripe-9d6952bf-1d0a-11ec-8925-d8c4975e38aa_jpg.rf.1x6cMdhDmx5tQGN44hFs.jpg,0,0,1,0,0,0
musa-acuminata-banana-ab784211-394a-11ec-aab4-d8c4975e38aa_jpg.rf.2wE44QgsvoA5Uu0ygIZh.jpg,0,0,1,1,0,0
musa-acuminata-banana-c437002a-394a-11ec-af92-d8c4975e38aa_jpg.rf.35p10istJKEJo3CjEToX.jpg,0,0,0,1,0,0
musa-acuminata-banana-c4afa687-394a-11ec-a5d4-d8c4975e38aa_jpg.rf.2wDzotizcN5O6JTSbkmE.jpg,0,0,0,1,0,0
musa-acuminata-rotten-b306b8e3-1d0a-11ec-a37d-d8c4975e38aa_jpg.rf.zP0p2hksGVrpZYZl9rrV.jpg,0,0,0,0,1,0
musa-acuminata-banana-e1388480-394a-11ec-8c3a-d8c4975e38aa_jpg.rf.3AbrH5KpLbSJInVbczx1.jpg,1,0,0,1,0,0
musa-acuminata-freshunripe-260ed218-2653-11ec-8cf7-d8c4975e38aa_jpg.rf.zPRpvvLhxZgGTh6PybnA.jpg,0,1,0,0,0,0
musa-acuminata-banana-84a48c02-394a-11ec-95b6-d8c4975e38aa_jpg.rf.zaKUTu29L5tPhnLPmcuC.jpg,0,0,1,0,0,0
musa-acuminata-banana-f5d2218b-394a-11ec-a828-d8c4975e38aa_jpg.rf.b0b3oLT249wvsMa8Jk3W.jpg,0,0,0,1,0,0
musa-acuminata-ripe-97d806da-1d0a-11ec-af42-d8c4975e38aa_jpg.rf.zddqJC1xtBRb04yofdRa.jpg,0,0,0,1,1,0
musa-acuminata-ripe-72562d6b-2653-11ec-9e9f-d8c4975e38aa_jpg.rf.zmfaQS7HY7uoSetPHiv5.jpg,0,0,0,1,1,0
musa-acuminata-rotten-bba24a19-1d0a-11ec-824d-d8c4975e38aa_jpg.rf.1foapYHketGdxKjMTuMt.jpg,0,0,0,0,1,0
musa-acuminata-rotten-845a72bd-2653-11ec-af83-d8c4975e38aa_jpg.rf.Gdz0E1Uw8QhWwrJhciuU.jpg,0,0,0,0,1,0
musa-acuminata-banana-c374f42b-394a-11ec-9d9f-d8c4975e38aa_jpg.rf.Gt8KP5EV9BpdoMmBJgzC.jpg,0,0,0,1,0,0
musa-acuminata-banana-b50e9132-4037-11ec-a75d-94b86d66fd1d_jpg.rf.GwOT3fk1aaVfOmukZIYr.jpg,0,1,0,0,0,0
musa-acuminata-banana-a6b992dc-394a-11ec-9d26-d8c4975e38aa_jpg.rf.GyePLOQNgG6ssC2kWxY3.jpg,0,0,1,0,1,0
musa-acuminata-banana-8631248d-394a-11ec-9b48-d8c4975e38aa_jpg.rf.zXAN7ipLdhJOWtSNOd8o.jpg,0,0,0,1,1,0
musa-acuminata-banana-ef32a9c5-394a-11ec-bc76-d8c4975e38aa_jpg.rf.zXkGBHF9GJ5RbU8qohAJ.jpg,0,0,0,1,0,0
musa-acuminata-banana-a566de6b-4037-11ec-98b2-94b86d66fd1d_jpg.rf.Hb4hgIfWwhtL7KoPjVo7.jpg,1,0,0,0,0,0
musa-acuminata-overripe-9d753e1b-1d0a-11ec-b933-d8c4975e38aa_jpg.rf.Hisbve6GBb2juuDiCDQ5.jpg,0,0,1,0,0,0
musa-acuminata-ripe-73ab01b1-2653-11ec-b2d4-d8c4975e38aa_jpg.rf.HizMomJ24qdTsVf86Seu.jpg,0,0,0,0,1,0
musa-acuminata-freshunripe-2c20cd56-2653-11ec-9439-d8c4975e38aa_jpg.rf.HpfWsS4m21ASE5juL8hu.jpg,0,1,0,0,0,0
musa-acuminata-banana-d7716895-4037-11ec-b593-94b86d66fd1d_jpg.rf.HtyzMcWGctQGNEqDk2uk.jpg,0,0,0,1,0,0
musa-acuminata-banana-8fc0c0b9-394a-11ec-8182-d8c4975e38aa_jpg.rf.HziIbQkQ8sA5zjtOBs05.jpg,0,0,0,0,1,0
musa-acuminata-freshripe-4d5b3af8-2653-11ec-9082-d8c4975e38aa_jpg.rf.IEyNXA0R6dyMwzkceWHp.jpg,1,0,0,0,0,0
musa-acuminata-ripe-97d0e058-1d0a-11ec-82e5-d8c4975e38aa_jpg.rf.IaUF7dZgKeSZfZv2F2qv.jpg,0,0,0,1,1,0
musa-acuminata-banana-b35f6397-394a-11ec-9199-d8c4975e38aa_jpg.rf.IbvA3IqpDdqWc0GvwHYK.jpg,1,0,0,0,0,0
musa-acuminata-banana-ac6922f3-394a-11ec-91c4-d8c4975e38aa_jpg.rf.H6dlqTFfooSkEbM732CV.jpg,0,0,1,1,1,0
musa-acuminata-freshripe-45d30aeb-2653-11ec-98bb-d8c4975e38aa_jpg.rf.H9wX5HwnWBMC6YDcpYU7.jpg,1,0,0,0,0,0
musa-acuminata-banana-99f0ef1c-394a-11ec-84a6-d8c4975e38aa_jpg.rf.H1YsoLUCJDvk0IM1QPOB.jpg,0,0,0,0,1,0
musa-acuminata-rotten-ab338a80-1d0a-11ec-a310-d8c4975e38aa_jpg.rf.IikNVOiTckEz3GNPuuoE.jpg,0,0,0,0,1,0
musa-acuminata-banana-d0e15beb-4037-11ec-b7e6-94b86d66fd1d_jpg.rf.IjGwumVB3wKeE5NMtsIf.jpg,1,0,0,0,0,0
musa-acuminata-unripe-5d768c4a-2653-11ec-b932-d8c4975e38aa---Copy_jpg.rf.Ill3gqg6MQc2oYcNDjrg.jpg,0,0,0,0,1,1
musa-acuminata-ripe-70db36c3-2653-11ec-bd28-d8c4975e38aa_jpg.rf.In9oMqagIIa9fKQOh558.jpg,0,0,0,0,1,0
musa-acuminata-banana-b0e8d086-394a-11ec-8995-d8c4975e38aa_jpg.rf.JE29IuJ76QKiy5yPqmpV.jpg,1,0,0,1,0,0
musa-acuminata-unripe-8587d50d-1d0a-11ec-8e61-d8c4975e38aa-1-_jpg.rf.JGDfTlhFa549KfGaN0Iw.jpg,0,0,0,0,1,1
musa-acuminata-freshunripe-2b078ee9-2653-11ec-b457-d8c4975e38aa_jpg.rf.HoGRn6YmnWKD82UolNKn.jpg,0,1,0,0,0,0
musa-acuminata-banana-8df1c4c1-394a-11ec-a081-d8c4975e38aa_jpg.rf.IderSb9fmMUsx1e8CcUL.jpg,0,0,0,0,1,0
musa-acuminata-banana-fc75b31d-394a-11ec-9b08-d8c4975e38aa_jpg.rf.gMsVPOFPkwuN8JVN6II8.jpg,1,0,0,0,0,0
musa-acuminata-ripe-9339d91e-1d0a-11ec-8df1-d8c4975e38aa_jpg.rf.gOYPMnvlfjsed9EKHhwy.jpg,0,0,0,1,0,0
musa-acuminata-ripe-6d53e5b4-2653-11ec-ba6d-d8c4975e38aa_jpg.rf.gR01JGMTm5FWSRU6ZuRU.jpg,0,0,0,1,0,0
musa-acuminata-freshripe-470b4580-2653-11ec-b207-d8c4975e38aa_jpg.rf.gcTHZGgoSqoh2WJFIF2q.jpg,1,0,0,0,0,0
musa-acuminata-rotten-aa2aec2a-1d0a-11ec-9c1c-d8c4975e38aa_jpg.rf.JJHnTOlVtJLfgLgw2FHH.jpg,0,0,0,0,1,0
musa-acuminata-freshunripe-34acca1a-2653-11ec-a54d-d8c4975e38aa_jpg.rf.IfvsLMJWnIb1Jr1FszPb.jpg,0,1,0,0,0,0
musa-acuminata-freshunripe-2c3b0524-2653-11ec-9af5-d8c4975e38aa_jpg.rf.JKR24jG34gKu7Zloh8tX.jpg,0,1,0,0,0,0
musa-acuminata-freshripe-7ba368bb-1d0a-11ec-ab64-d8c4975e38aa_jpg.rf.JM89BS9SHVxN0REPS0mX.jpg,1,0,0,0,0,0
musa-acuminata-mold-e48088ce-1d0a-11ec-92ed-d8c4975e38aa_jpg.rf.2ABX6unwftA6EI7zJac7.jpg,0,0,1,0,0,0
musa-acuminata-overripe-7e9456fd-2653-11ec-af4f-d8c4975e38aa_jpg.rf.JPbH83ZPkFKff8hn0SY3.jpg,0,0,1,0,0,0
musa-acuminata-freshunripe-6c45bdd2-1d0a-11ec-a986-d8c4975e38aa_jpg.rf.JEL5HULggjd9Gmg2Umam.jpg,0,1,0,0,0,0
musa-acuminata-ripe-6bdb5104-2653-11ec-9bca-d8c4975e38aa_jpg.rf.hXS8V0DAewuJhm9V1wg6.jpg,0,0,0,1,0,0
musa-acuminata-banana-ee4300f5-394a-11ec-b62a-d8c4975e38aa_jpg.rf.hvH5xgtFunNo2IwXYkni.jpg,0,0,0,1,0,0
musa-acuminata-overripe-7e7327c5-2653-11ec-8835-d8c4975e38aa_jpg.rf.aC5ux7S88DzvepTCUlP7.jpg,0,0,1,0,0,0
musa-acuminata-rotten-86c7aa98-2653-11ec-91fc-d8c4975e38aa_jpg.rf.hCuERkslesfHu16ag38u.jpg,0,0,0,0,1,0
musa-acuminata-unripe-62e1b307-2653-11ec-8d1b-d8c4975e38aa---Copy_jpg.rf.hFSoRqTVoo6bTh0DbxzN.jpg,0,0,0,0,1,0
musa-acuminata-banana-b2b044bf-394a-11ec-ab59-d8c4975e38aa_jpg.rf.1wvYFQZHirlrjHrcrCQd.jpg,0,0,0,1,0,0
musa-acuminata-unripe-627ffa7d-2653-11ec-9ea1-d8c4975e38aa---Copy_jpg.rf.hONneMM9lxMLicyp59NO.jpg,0,0,0,0,0,1
musa-acuminata-overripe-7f83cadf-2653-11ec-9aa6-d8c4975e38aa_jpg.rf.hJD1BGYZpZDJVSleFmEp.jpg,0,0,1,0,0,0
musa-acuminata-banana-f90c3115-394a-11ec-98d9-d8c4975e38aa_jpg.rf.jWXswNG4cM817nAFz57P.jpg,0,0,0,1,0,0
musa-acuminata-freshunripe-2602e524-2653-11ec-ae0d-d8c4975e38aa_jpg.rf.jXYc2lgDk9qF9gNsZjfW.jpg,0,1,0,0,0,0
musa-acuminata-rotten-8a7dc5c2-2653-11ec-96b0-d8c4975e38aa_jpg.rf.hrSK7zkQm33WTfTrQoKT.jpg,0,0,0,0,1,0
musa-acuminata-freshunripe-2ff6c570-2653-11ec-9465-d8c4975e38aa_jpg.rf.bLM2NX7Ybm2OoeIyMW6C.jpg,0,1,0,0,0,0
musa-acuminata-ripe-7359f848-2653-11ec-b4ad-d8c4975e38aa_jpg.rf.hxCTbFuz5CdAPe0zQkhI.jpg,0,0,0,0,1,0
musa-acuminata-mold-e57f8f8e-1d0a-11ec-8744-d8c4975e38aa_jpg.rf.ibEfnvd4D98g7Q3spuvW.jpg,0,0,1,0,1,0
musa-acuminata-overripe-9cbdb532-1d0a-11ec-95b0-d8c4975e38aa_jpg.rf.iKutoe5jxUaaazJ35jld.jpg,0,0,1,0,0,0
musa-acuminata-banana-a59f6701-394a-11ec-a1d2-d8c4975e38aa_jpg.rf.j7PNSKDY8obCgsYYGGgE.jpg,0,0,1,0,1,0
musa-acuminata-banana-a1780c87-394a-11ec-b52b-d8c4975e38aa_jpg.rf.j8fljjq2m7NEaFq7m9t2.jpg,0,0,1,0,0,0
musa-acuminata-banana-c86990a8-394a-11ec-aa59-d8c4975e38aa_jpg.rf.iHoeFE5H4ZEByZEkAbaZ.jpg,1,0,0,0,0,0
musa-acuminata-freshripe-77bc0083-1d0a-11ec-9a56-d8c4975e38aa_jpg.rf.i1mssGDOJZ3y8j5w5mMb.jpg,1,0,0,0,0,0
musa-acuminata-rotten-b684c338-1d0a-11ec-bb06-d8c4975e38aa_jpg.rf.lBXad8T0XMNBujxaJ5t8.jpg,0,0,0,0,1,0
musa-acuminata-mold-e30f1a67-1d0a-11ec-bdef-d8c4975e38aa_jpg.rf.lDJ5l22M56FW7fazrZ28.jpg,0,0,1,0,1,0
musa-acuminata-banana-f198418d-394a-11ec-bb59-d8c4975e38aa_jpg.rf.lN8149PxDtA5APGVbmSg.jpg,1,0,0,1,0,0
musa-acuminata-rotten-ba7e47bc-1d0a-11ec-972c-d8c4975e38aa_jpg.rf.MypayilbnVtdFqOIo1yC.jpg,0,0,0,0,1,0
musa-acuminata-unripe-54aa373b-2653-11ec-a314-d8c4975e38aa---Copy_jpg.rf.N7fripIFxVMtjbxNIptI.jpg,0,0,0,0,0,1
musa-acuminata-freshripe-7b02141f-1d0a-11ec-a78b-d8c4975e38aa_jpg.rf.il8vNPmI943btbZKSON0.jpg,1,0,0,0,0,0
musa-acuminata-overripe-7f03a6aa-2653-11ec-b327-d8c4975e38aa_jpg.rf.jZ7ATDIkZ1Y0EoNkCHHp.jpg,0,0,1,0,0,0
musa-acuminata-freshunripe-7248fe41-1d0a-11ec-b29d-d8c4975e38aa_jpg.rf.bCH0YP39VB7EBzpk77rd.jpg,0,1,0,0,0,0
musa-acuminata-freshripe-4a8dd20e-2653-11ec-aa66-d8c4975e38aa_jpg.rf.jotaOWoVDKSUaA1y16JS.jpg,1,0,0,0,0,0
musa-acuminata-banana-c7e4feed-394a-11ec-9883-d8c4975e38aa_jpg.rf.2XJrRVO50DTj1vS99172.jpg,0,0,0,1,0,0
musa-acuminata-overripe-9cc2796e-1d0a-11ec-9270-d8c4975e38aa_jpg.rf.kH2vQIO4MtEOv3BNfJFt.jpg,0,0,1,0,0,0
musa-acuminata-banana-8bfed94d-394a-11ec-bc46-d8c4975e38aa_jpg.rf.k5YcklcdgLQnyLPXR2AU.jpg,0,0,0,0,1,0
musa-acuminata-rotten-a20c426c-1d0a-11ec-9a8e-d8c4975e38aa_jpg.rf.kQF8iNRpGjkaXE3NzQ0t.jpg,0,0,0,0,1,0
musa-acuminata-banana-abb39c79-394a-11ec-876b-d8c4975e38aa_jpg.rf.kDnTzwfOEewz9QezUXSG.jpg,0,0,1,1,0,0
musa-acuminata-banana-892a952f-394a-11ec-b14f-d8c4975e38aa_jpg.rf.NVGQLI5Eozrft3paqP5A.jpg,0,0,0,0,1,0
musa-acuminata-unripe-89e3476e-1d0a-11ec-8eb5-d8c4975e38aa-1-_jpg.rf.Nd4NUEHv5ras65y2bHKF.jpg,0,0,0,0,0,1
musa-acuminata-rotten-aa3dfd2e-1d0a-11ec-89f6-d8c4975e38aa_jpg.rf.NhDFmlu5WJWRe6qSn2Hb.jpg,0,0,0,0,1,0
musa-acuminata-overripe-a18b8ddd-1d0a-11ec-8879-d8c4975e38aa_jpg.rf.NiMaFiyVhiDTP3LXTuxZ.jpg,0,0,1,0,0,0
musa-acuminata-unripe-8a770c03-1d0a-11ec-b439-d8c4975e38aa-1-_jpg.rf.NqlmcLMjNgOFjPppMeqV.jpg,0,1,0,0,0,1
musa-acuminata-banana-fc73baa8-394a-11ec-bc15-d8c4975e38aa_jpg.rf.NukLiTAujobGE0xBIjhO.jpg,1,0,0,1,0,0
musa-acuminata-banana-c83655b0-394a-11ec-bb2e-d8c4975e38aa_jpg.rf.b2NLAVDtNwKigG8qiZga.jpg,0,0,0,1,0,0
musa-acuminata-rotten-8c948236-2653-11ec-909a-d8c4975e38aa_jpg.rf.NuyIG0c2K9lHipRl6nMw.jpg,0,0,0,0,1,0
musa-acuminata-banana-a59731f5-4037-11ec-9d8a-94b86d66fd1d_jpg.rf.2ypPvnM8n7aBuT7m2bIR.jpg,1,0,0,0,0,0
musa-acuminata-banana-9fabfe7b-4037-11ec-9815-94b86d66fd1d_jpg.rf.NLO8blrZjBB2HlzLP5Az.jpg,1,0,0,0,0,0
musa-acuminata-freshunripe-759fd67f-1d0a-11ec-af1d-d8c4975e38aa_jpg.rf.N1vgwM7fgZo8oYnowBqd.jpg,0,1,0,0,0,0
musa-acuminata-banana-b5eaaaec-4037-11ec-a3d1-94b86d66fd1d_jpg.rf.N9VZLXlfmsEfhDL3JxG6.jpg,0,1,0,0,0,1
musa-acuminata-unripe-81081c47-1d0a-11ec-ab84-d8c4975e38aa-1-_jpg.rf.2aUtcTOGDEsKJ1qisqtH.jpg,0,0,0,0,1,1
musa-acuminata-banana-d8ea33db-4037-11ec-939a-94b86d66fd1d_jpg.rf.NAVJcP4kF67wK9hYvy74.jpg,0,0,0,1,0,0
musa-acuminata-banana-a99831d9-394a-11ec-b496-d8c4975e38aa_jpg.rf.NNEUZqcq7xIPyphoKtWK.jpg,0,0,0,0,1,0
musa-acuminata-unripe-80a07f46-1d0a-11ec-9b62-d8c4975e38aa_jpg.rf.NNTmw4vQd1BGW7mt8JH6.jpg,0,0,0,0,1,1
musa-acuminata-rotten-8708eac1-2653-11ec-8576-d8c4975e38aa_jpg.rf.OuKFENZPgMaFZQS8MmZN.jpg,0,0,0,0,1,0
musa-acuminata-banana-caa80719-394a-11ec-ac53-d8c4975e38aa_jpg.rf.PMeo2c5Yu0XFdNn7wfTR.jpg,1,0,0,0,0,0
musa-acuminata-banana-b176f623-394a-11ec-beb9-d8c4975e38aa_jpg.rf.Piv3KWfBI5Zp6DPb0Nzs.jpg,1,0,0,0,0,0
musa-acuminata-freshunripe-2ff4634e-2653-11ec-8162-d8c4975e38aa_jpg.rf.PjLCfxSR4jUFdJX4kmEE.jpg,0,1,0,0,0,0
musa-acuminata-overripe-75154958-2653-11ec-89d2-d8c4975e38aa_jpg.rf.Pot0qAHJ8zYxxYLoTKnB.jpg,0,0,1,0,0,0
musa-acuminata-banana-b4f715b3-394a-11ec-a0ad-d8c4975e38aa_jpg.rf.PqxF2iPFZc4rKEOsm0zf.jpg,0,0,0,1,0,0
musa-acuminata-freshunripe-2b052cb9-2653-11ec-bcdb-d8c4975e38aa_jpg.rf.Ptj3H75jhoEpMwxx3D4F.jpg,0,1,0,0,0,0
musa-acuminata-banana-a0a0f259-394a-11ec-bb29-d8c4975e38aa_jpg.rf.Q0jmRtCb7rbA7DdJKtDp.jpg,0,0,1,0,0,0
musa-acuminata-banana-ece4929f-394a-11ec-9d43-d8c4975e38aa_jpg.rf.8xgV7beujwFhUV07eMeX.jpg,1,0,0,1,0,0
musa-acuminata-freshripe-4c23009f-2653-11ec-8c36-d8c4975e38aa_jpg.rf.8zTgvc8U2O5W1wncEHCb.jpg,1,0,0,0,0,0
musa-acuminata-mold-e5bd89d8-1d0a-11ec-b3a3-d8c4975e38aa_jpg.rf.9h9B9XNAIVrkNvARuzKJ.jpg,0,0,1,0,0,0
musa-acuminata-banana-d95c74a7-4037-11ec-b93d-94b86d66fd1d_jpg.rf.OZ2crNn7m9m4piFFis7v.jpg,1,0,0,1,0,0
musa-acuminata-ripe-93d0010f-1d0a-11ec-a31d-d8c4975e38aa_jpg.rf.NvLPaH7IJT4K6tRuSAyM.jpg,0,0,0,1,0,0
musa-acuminata-banana-e523ea60-394a-11ec-9168-d8c4975e38aa_jpg.rf.OQb9YAOWnYwVCGSktOxJ.jpg,0,0,0,1,0,0
musa-acuminata-rotten-a3578e10-1d0a-11ec-9c9a-d8c4975e38aa_jpg.rf.OVY2RC1UJ3MHFRC646xH.jpg,0,0,0,0,1,0
musa-acuminata-freshripe-47b47fde-2653-11ec-9c54-d8c4975e38aa_jpg.rf.OlnGSJYRCpE4vusJRqdq.jpg,1,0,0,0,0,0
musa-acuminata-ripe-6ce17e2e-2653-11ec-8354-d8c4975e38aa_jpg.rf.Omo6ZQjziNAudE9M7hRQ.jpg,0,0,0,1,0,0
musa-acuminata-rotten-8f22c106-2653-11ec-b1ae-d8c4975e38aa_jpg.rf.OrXv13U1i9Qi1uUYGXNv.jpg,0,0,0,0,1,0
musa-acuminata-ripe-95acb045-1d0a-11ec-a3a1-d8c4975e38aa_jpg.rf.A20hG6NwDNXEkWeJcqIs.jpg,0,0,0,1,1,0
musa-acuminata-banana-9aba7060-394a-11ec-a9af-d8c4975e38aa_jpg.rf.A7jTekJbnSGMpUNltm14.jpg,0,0,0,0,1,0
musa-acuminata-banana-a4d2539a-394a-11ec-b89e-d8c4975e38aa_jpg.rf.ABy5hz9rlapEdZRzWXCt.jpg,0,0,0,1,0,0
musa-acuminata-banana-878ba94e-394a-11ec-8e63-d8c4975e38aa_jpg.rf.AElZ6dJjPyEgXUKtrVvi.jpg,0,0,1,0,1,0
musa-acuminata-banana-97bf0437-394a-11ec-a473-d8c4975e38aa_jpg.rf.AHk2zjenOFaBhytCpsTk.jpg,0,0,1,0,0,0
musa-acuminata-overripe-80ff3fdd-2653-11ec-9844-d8c4975e38aa_jpg.rf.ALGIHQ1HS2JiYACMTOPT.jpg,0,0,1,0,0,0
musa-acuminata-freshunripe-2848741d-2653-11ec-9675-d8c4975e38aa_jpg.rf.ANQdXY91KZVV87bdpjDm.jpg,0,1,0,0,0,0
musa-acuminata-unripe-8c79ddab-1d0a-11ec-91e7-d8c4975e38aa-1-_jpg.rf.AQH6awZgwSgiXlofdgwz.jpg,0,0,0,0,0,1
musa-acuminata-banana-c8e5105b-394a-11ec-9e55-d8c4975e38aa_jpg.rf.ATooCjoIygiZLB8kPxXI.jpg,0,0,0,1,0,0
musa-acuminata-overripe-9f0a6b31-1d0a-11ec-aca5-d8c4975e38aa_jpg.rf.9MmwtkAvZ2WNj1yugZv2.jpg,0,0,1,0,1,0
musa-acuminata-banana-eaca74e8-394a-11ec-974d-d8c4975e38aa_jpg.rf.9XyB37wr8zIrP3hf9mjX.jpg,0,0,0,1,0,0
musa-acuminata-banana-8505a1ce-394a-11ec-8508-d8c4975e38aa_jpg.rf.9a5BWKEtrB4sRkDoo06f.jpg,0,0,1,0,1,0
musa-acuminata-mold-e23898a1-1d0a-11ec-b49d-d8c4975e38aa_jpg.rf.9sATC0jK2jRvQs4HwOyH.jpg,0,0,1,0,0,0
musa-acuminata-banana-e5b78055-394a-11ec-9293-d8c4975e38aa_jpg.rf.ZXWd0GjVy61vgjfyB5FS.jpg,1,0,0,1,0,0
musa-acuminata-banana-91fe2aba-394a-11ec-8c6d-d8c4975e38aa_jpg.rf.9z6mzTRk22RzggDqbuYT.jpg,0,0,1,0,0,0
musa-acuminata-mold-e63715d1-1d0a-11ec-806b-d8c4975e38aa_jpg.rf.BwWKlvawTHa4jPXWyvEz.jpg,0,0,1,0,0,0
musa-acuminata-ripe-6ba943f6-2653-11ec-8aea-d8c4975e38aa_jpg.rf.CArb60VY4ZRiOvPJv6sc.jpg,0,0,0,1,0,0
musa-acuminata-banana-8bb0bc37-394a-11ec-b046-d8c4975e38aa_jpg.rf.CMCeLkyF6llv4WKJhNYn.jpg,0,0,0,0,1,0
musa-acuminata-overripe-800695c4-2653-11ec-a5c4-d8c4975e38aa_jpg.rf.CXHgjXgyXPk419zrBCo9.jpg,0,0,1,0,1,0
musa-acuminata-overripe-9eced3db-1d0a-11ec-862d-d8c4975e38aa_jpg.rf.bR43d23LwxfsyM4HXYNG.jpg,0,0,1,0,0,0
musa-acuminata-rotten-8ca25d97-2653-11ec-b75e-d8c4975e38aa_jpg.rf.AWC3OSuJTzRMUTLQ5VkI.jpg,0,0,0,0,1,0
musa-acuminata-rotten-a2110692-1d0a-11ec-b941-d8c4975e38aa_jpg.rf.AbZEFoQ1lKZZUZGUNuze.jpg,0,0,0,0,1,0
musa-acuminata-freshripe-45466bc7-2653-11ec-a916-d8c4975e38aa_jpg.rf.AUOAWWLHHKjngCvrqOin.jpg,1,0,0,0,0,0
musa-acuminata-unripe-8785e29a-1d0a-11ec-9844-d8c4975e38aa-1-_jpg.rf.AeZ6Gh70hgBdTJJCbsvg.jpg,0,0,0,0,1,1
musa-acuminata-banana-9b7fb50d-394a-11ec-b365-d8c4975e38aa_jpg.rf.B6O8rZpW6liR8YXl99Q9.jpg,0,0,0,0,1,0
musa-acuminata-unripe-5946026a-2653-11ec-bda9-d8c4975e38aa---Copy_jpg.rf.1t8m8IsQVmFufFd2Vrp3.jpg,0,0,0,0,1,1
musa-acuminata-unripe-877c59cc-1d0a-11ec-b49d-d8c4975e38aa-1-_jpg.rf.Bo6t6AsLtFtufefztHTa.jpg,0,0,0,0,0,1
musa-acuminata-banana-fd8abdeb-394a-11ec-b721-d8c4975e38aa_jpg.rf.ArtA57xX6BX73xhHmZOn.jpg,0,0,0,1,0,0
musa-acuminata-rotten-b1dbc3cf-1d0a-11ec-8618-d8c4975e38aa_jpg.rf.BUu6fdM5j7SHM2jm2VkA.jpg,0,0,0,0,1,0
musa-acuminata-rotten-bfcd3d6d-1d0a-11ec-889b-d8c4975e38aa_jpg.rf.BosSBV7tDXhkqHZdDFGg.jpg,0,0,0,0,1,0
musa-acuminata-banana-ce3cac6a-394a-11ec-9dfe-d8c4975e38aa_jpg.rf.cmH7owNSiPfsiomjmRtX.jpg,0,0,0,1,0,0
musa-acuminata-ripe-92f71e22-1d0a-11ec-8003-d8c4975e38aa_jpg.rf.cq0yAcrdhNMXetnzj3Ks.jpg,0,0,0,1,0,0
musa-acuminata-freshripe-4d436564-2653-11ec-a9cd-d8c4975e38aa_jpg.rf.d2r2vqvtBUt3vfszJbvb.jpg,1,0,0,0,0,0
musa-acuminata-mold-e4390815-1d0a-11ec-b2c1-d8c4975e38aa_jpg.rf.d6r1ha4BULpGd7tWn5CA.jpg,0,0,1,0,0,0
musa-acuminata-banana-b926ca4d-4037-11ec-b50b-94b86d66fd1d_jpg.rf.d7OuSndUy8iD1D1mnv4V.jpg,0,1,0,0,0,1
musa-acuminata-rotten-8825f079-2653-11ec-83f6-d8c4975e38aa_jpg.rf.dTrLeAYQjR89iFpf6sNU.jpg,0,0,0,0,1,0
musa-acuminata-banana-9c255dad-4037-11ec-929c-94b86d66fd1d_jpg.rf.dkNBPnTLkoFl28FW8sal.jpg,1,0,0,1,0,0
musa-acuminata-rotten-a40f1434-1d0a-11ec-91f3-d8c4975e38aa_jpg.rf.eIq9ZMbCBZLvYUt3tuMu.jpg,0,0,0,0,1,0
musa-acuminata-unripe-85156d5c-1d0a-11ec-9884-d8c4975e38aa-1-_jpg.rf.eL7JSnnVMbFBFuYEbZH3.jpg,0,0,0,0,1,1
musa-acuminata-freshunripe-6b71a964-1d0a-11ec-b6dd-d8c4975e38aa_jpg.rf.eLjrTofO00tiOVbOCZ8Q.jpg,0,1,0,0,0,0
musa-acuminata-unripe-89d4fa7a-1d0a-11ec-b985-d8c4975e38aa-1-_jpg.rf.erLiQdvYVCqnVjy5d4eW.jpg,0,0,0,0,0,1
musa-acuminata-freshunripe-35e2a221-2653-11ec-ae11-d8c4975e38aa_jpg.rf.bnlFV5BcpMpAoiSv60GC.jpg,0,1,0,0,0,0
musa-acuminata-banana-8d1daca3-394a-11ec-af30-d8c4975e38aa_jpg.rf.c3ZFYw14s0dW7keMG10f.jpg,0,0,0,0,1,0
musa-acuminata-banana-b63637cd-4037-11ec-ae27-94b86d66fd1d_jpg.rf.c2DDd1xTQiRP2mRBqpe5.jpg,0,1,0,0,0,0
musa-acuminata-ripe-9a43b77c-1d0a-11ec-a38b-d8c4975e38aa_jpg.rf.bpU1koE514t3AbQuudX4.jpg,0,0,0,1,1,0
musa-acuminata-overripe-80412fd6-2653-11ec-9fb8-d8c4975e38aa_jpg.rf.bkYXrJVIK0WLHgQgr3II.jpg,0,0,1,0,0,0
musa-acuminata-ripe-98dbd3cd-1d0a-11ec-9cf0-d8c4975e38aa_jpg.rf.cXFmUldAFNvEW93vrpTB.jpg,0,0,0,1,1,0
musa-acuminata-rotten-a9fb40cc-1d0a-11ec-b66b-d8c4975e38aa_jpg.rf.cdZVaoda2gOW24X8zVal.jpg,0,0,0,0,1,0
musa-acuminata-banana-c8d099ad-394a-11ec-8f3a-d8c4975e38aa_jpg.rf.cb9DJXlhCIduLnGlV5xG.jpg,0,0,0,1,0,0
musa-acuminata-rotten-b4312853-1d0a-11ec-92d6-d8c4975e38aa_jpg.rf.cMgmRxBG8glTSpI3TRGM.jpg,0,0,0,0,1,0
musa-acuminata-banana-eb8a331f-394a-11ec-93d5-d8c4975e38aa_jpg.rf.c2qg3K5AbzOkvSWcFLGW.jpg,1,0,0,0,0,0
musa-acuminata-freshunripe-31957c73-2653-11ec-a526-d8c4975e38aa_jpg.rf.fRKeacEkZWPWNscWS4SU.jpg,0,1,0,0,0,0
musa-acuminata-overripe-7d22321c-2653-11ec-8f42-d8c4975e38aa_jpg.rf.fiRIF07tNK0Q8ckIwzu7.jpg,0,0,1,0,0,0
musa-acuminata-overripe-806d9c28-2653-11ec-b059-d8c4975e38aa_jpg.rf.fzxxMoSO2i7wqiSx8T4t.jpg,0,0,1,0,0,0
musa-acuminata-banana-f2588cb6-394a-11ec-ae5d-d8c4975e38aa_jpg.rf.gKDHZmz24u3BWyQVpnuH.jpg,1,0,0,1,0,0
musa-acuminata-banana-f2d77a84-394a-11ec-93c1-d8c4975e38aa_jpg.rf.wCCl5Jw0wgq607CO2qd6.jpg,1,0,0,0,0,0
musa-acuminata-banana-af9aa749-394a-11ec-82e7-d8c4975e38aa_jpg.rf.wJWwj3c7dKYVVUE8Vvkm.jpg,1,0,0,0,0,0
musa-acuminata-rotten-b8157dee-1d0a-11ec-9cef-d8c4975e38aa_jpg.rf.wJpi0cnLWzybyVt0jRN6.jpg,0,0,0,1,1,0
musa-acuminata-banana-c49f95a2-394a-11ec-9bc4-d8c4975e38aa_jpg.rf.wUw75l8hB8tJcenZt4ul.jpg,0,0,0,1,0,0
musa-acuminata-banana-b1d75455-4037-11ec-a857-94b86d66fd1d_jpg.rf.wksvUa99EMdKo0g14PPP.jpg,0,1,0,0,0,1
musa-acuminata-ripe-74aecc9d-2653-11ec-9042-d8c4975e38aa_jpg.rf.wsbbcBQsFeksWryPyzsz.jpg,0,0,0,0,1,0
musa-acuminata-unripe-8cc8863a-1d0a-11ec-bb1a-d8c4975e38aa-1-_jpg.rf.wwZC16DfdsME7eghyjDW.jpg,0,0,0,0,0,1
musa-acuminata-banana-9bf35b47-394a-11ec-934c-d8c4975e38aa_jpg.rf.xJyyliKxRZ03blKtTzxc.jpg,0,0,0,0,1,0
musa-acuminata-unripe-804eb465-1d0a-11ec-8209-d8c4975e38aa_jpg.rf.xQTDmsfWqbz66gi2YwtR.jpg,0,0,0,0,1,1
musa-acuminata-banana-9ac9244c-394a-11ec-9094-d8c4975e38aa_jpg.rf.xQwVEkXmVj3LHh5Bf5DL.jpg,0,0,0,0,1,0
musa-acuminata-banana-de74e5e5-394a-11ec-adb1-d8c4975e38aa_jpg.rf.etrdCkhazLwN9kUPlKD3.jpg,0,0,0,1,0,0
musa-acuminata-rotten-a266d595-1d0a-11ec-90e4-d8c4975e38aa_jpg.rf.exRr20md5b8pIXm6sLRw.jpg,0,0,0,0,1,0
musa-acuminata-freshunripe-69ea7cc6-1d0a-11ec-8574-d8c4975e38aa_jpg.rf.fKsmNZOtHpb022mEHQQW.jpg,0,1,0,0,0,0
musa-acuminata-mold-e4a6ab2e-1d0a-11ec-ba68-d8c4975e38aa_jpg.rf.evgWqyiR5BMf6Q3fcouk.jpg,0,0,1,0,0,0
musa-acuminata-freshripe-4a1b6aaf-2653-11ec-9014-d8c4975e38aa_jpg.rf.xu9ToSvXwrRZHljNniMJ.jpg,1,0,0,0,0,0
musa-acuminata-mold-e4e7059b-1d0a-11ec-8abd-d8c4975e38aa_jpg.rf.xvH4gyohwrZTmEICo0vJ.jpg,0,0,1,0,1,0
musa-acuminata-unripe-90903064-1d0a-11ec-983a-d8c4975e38aa-1-_jpg.rf.xx2lwPRI4iujtjlreBGW.jpg,0,0,0,0,0,1
musa-acuminata-ripe-6c5c057b-2653-11ec-a4a9-d8c4975e38aa_jpg.rf.xzCy2XnjilQLEYuuRMcb.jpg,0,0,0,1,0,0
musa-acuminata-unripe-8c777bb1-1d0a-11ec-ae85-d8c4975e38aa-1-_jpg.rf.yS2lnXHYcSzvSWborEa8.jpg,0,0,0,0,0,1
musa-acuminata-ripe-72110efa-2653-11ec-b45f-d8c4975e38aa_jpg.rf.yTaHGdXC2rvj9mqTpqJi.jpg,0,0,0,1,1,0
musa-acuminata-rotten-b76eb36a-1d0a-11ec-ad61-d8c4975e38aa_jpg.rf.yZ2NHYACwM8RwT6xo2EY.jpg,0,0,0,0,1,0
musa-acuminata-ripe-73506fb8-2653-11ec-af29-d8c4975e38aa_jpg.rf.yZgPMZWLJrDyyJJz8gVc.jpg,0,0,0,0,1,0
musa-acuminata-freshripe-4bc86fc8-2653-11ec-bcc3-d8c4975e38aa_jpg.rf.ycRppsVSUisAkkIFPYCX.jpg,1,0,0,0,0,0
musa-acuminata-freshripe-7d1a1726-1d0a-11ec-9ce5-d8c4975e38aa_jpg.rf.yeCIRLS25x7btWJjiuP3.jpg,1,0,0,0,0,0
musa-acuminata-banana-ed599d6a-394a-11ec-a4e7-d8c4975e38aa_jpg.rf.zJrkZQFcbs2IiOFZbM0V.jpg,1,0,0,1,0,0
musa-acuminata-banana-ed9acc11-394a-11ec-95e9-d8c4975e38aa_jpg.rf.xa09l6nxDxIa8YTnyMrp.jpg,1,0,0,0,0,0
musa-acuminata-overripe-7e7ac31e-2653-11ec-a414-d8c4975e38aa_jpg.rf.xnRcW3PNJiaEuBeETA5P.jpg,0,0,1,0,0,0
musa-acuminata-banana-897c7ddd-394a-11ec-b912-d8c4975e38aa_jpg.rf.xhDchiYwuL9viIsJ1FkG.jpg,0,0,0,0,1,0
musa-acuminata-banana-f0aac77c-394a-11ec-bfdc-d8c4975e38aa_jpg.rf.xqoSusAb13ATbZTOq7Xr.jpg,1,0,0,0,0,0
musa-acuminata-rotten-ba76af78-1d0a-11ec-8328-d8c4975e38aa_jpg.rf.xs2ejGuNayj9P4YDFjpX.jpg,0,0,0,0,1,0
musa-acuminata-ripe-6aea9753-2653-11ec-a726-d8c4975e38aa_jpg.rf.xb8JadR5nKdU0kk9P7Zv.jpg,0,0,0,1,0,0
musa-acuminata-banana-ed9cc486-394a-11ec-8e8f-d8c4975e38aa_jpg.rf.xsZH1FvqsxfYtaMHS9wR.jpg,1,0,0,0,0,0
musa-acuminata-rotten-aaa2193b-1d0a-11ec-ab4b-d8c4975e38aa_jpg.rf.Qnv7Mb8t9pxraidreO9Q.jpg,0,0,0,0,1,0
musa-acuminata-freshunripe-36314796-2653-11ec-b294-d8c4975e38aa_jpg.rf.QpIzIlLKrbGmzhubWjb8.jpg,0,1,0,0,0,0
musa-acuminata-rotten-ad509419-1d0a-11ec-aa5c-d8c4975e38aa_jpg.rf.QqJeGLLXryAx6YWEG3kG.jpg,0,0,0,0,1,0
musa-acuminata-overripe-9ee6a965-1d0a-11ec-bee8-d8c4975e38aa_jpg.rf.QrExnrkGd9BWnRjePWEF.jpg,0,0,1,0,1,0
musa-acuminata-overripe-9ea64f36-1d0a-11ec-abd3-d8c4975e38aa_jpg.rf.QsmQXHS4MPItcToMyxQF.jpg,0,0,1,0,0,0
musa-acuminata-banana-ad628aed-394a-11ec-8ccd-d8c4975e38aa_jpg.rf.QwWuqUspgzQ6EaWSnBle.jpg,1,0,0,0,0,0
musa-acuminata-rotten-85bfd4c8-2653-11ec-a8dd-d8c4975e38aa_jpg.rf.R2ukhYxaEoCW4SIPMGI9.jpg,0,0,0,0,1,0
musa-acuminata-freshunripe-754b1a79-1d0a-11ec-b926-d8c4975e38aa_jpg.rf.R7oefFhlBh1bBFtt4yQR.jpg,0,1,0,0,0,0
musa-acuminata-banana-988f280c-394a-11ec-9eea-d8c4975e38aa_jpg.rf.RRUXKfuZooj9ErLK8SgE.jpg,0,0,1,0,0,0
musa-acuminata-freshunripe-1e57db85-2653-11ec-802f-d8c4975e38aa_jpg.rf.SDoMQ4qLnbI3VdMnm3Wz.jpg,0,1,0,0,0,0
musa-acuminata-banana-aa91deee-394a-11ec-b100-d8c4975e38aa_jpg.rf.Sa2SwhNEV2hUOWOxCAea.jpg,0,0,1,0,1,0
musa-acuminata-banana-fb77aad9-394a-11ec-9e66-d8c4975e38aa_jpg.rf.zGOWrhlLHC4XiD0kZlf4.jpg,0,0,0,1,0,0
musa-acuminata-banana-fd815839-394a-11ec-8124-d8c4975e38aa_jpg.rf.zNXyEH2nF9GknGRXFBHa.jpg,0,0,0,1,0,0
musa-acuminata-freshunripe-653f3cd9-1d0a-11ec-8253-d8c4975e38aa_jpg.rf.QKpW73OSqcZVy6awVcGF.jpg,0,1,0,0,0,0
musa-acuminata-banana-92b28b02-394a-11ec-a9ca-d8c4975e38aa_jpg.rf.QJCPmOmvoimcfpMYZEC2.jpg,0,0,1,0,0,0
musa-acuminata-banana-f04ce47b-394a-11ec-ba4b-d8c4975e38aa_jpg.rf.QeeX85PxPM4aoRYJmVUL.jpg,0,0,0,1,0,0
musa-acuminata-mold-e5d2faf6-1d0a-11ec-b9e8-d8c4975e38aa_jpg.rf.Qj8hqrGMicunJARvOq7P.jpg,0,0,1,0,0,0
musa-acuminata-freshripe-7a66e0a8-1d0a-11ec-85fc-d8c4975e38aa_jpg.rf.QdvLVUKgf5xQeZ2qpLrr.jpg,1,0,0,0,0,0
musa-acuminata-banana-9b90af04-394a-11ec-b91c-d8c4975e38aa_jpg.rf.TS94Tot1MYqEQUMDXKNH.jpg,0,0,0,0,1,0
musa-acuminata-freshripe-4bb09947-2653-11ec-8201-d8c4975e38aa_jpg.rf.Tjzkvc6Sidsr4toTwnvQ.jpg,1,0,0,0,0,0
musa-acuminata-mold-e2cec177-1d0a-11ec-91d2-d8c4975e38aa_jpg.rf.Tn1wTip3tMlkhcDZh1yp.jpg,0,0,1,0,0,0
musa-acuminata-unripe-8a724781-1d0a-11ec-ac61-d8c4975e38aa-1-_jpg.rf.TpObc2DcPf5Ib9tGmq8g.jpg,0,1,0,0,0,1
musa-acuminata-banana-a72a6754-394a-11ec-ad94-d8c4975e38aa_jpg.rf.Tsd89MwV1ohLTwpSPtCy.jpg,0,0,0,0,1,0
musa-acuminata-ripe-93292a0a-1d0a-11ec-9143-d8c4975e38aa_jpg.rf.Tz0mSSaQrMb3TxVqsJza.jpg,0,0,0,1,0,0
musa-acuminata-rotten-a26b98b6-1d0a-11ec-9f27-d8c4975e38aa_jpg.rf.U9WPfNQnqtqqdIKSizPy.jpg,0,0,0,0,1,0
musa-acuminata-banana-b6cd16ba-394a-11ec-ad56-d8c4975e38aa_jpg.rf.hgPl8DEEx5HQFkv70Z27.jpg,0,0,0,1,0,0
musa-acuminata-banana-d5302c68-4037-11ec-820e-94b86d66fd1d_jpg.rf.hilEc8Oq2J8DCElTZOC5.jpg,1,0,0,0,0,0
musa-acuminata-banana-9ef5871f-394a-11ec-93c8-d8c4975e38aa_jpg.rf.hmpJQMVcnOSO8TKTS3xx.jpg,0,0,0,0,1,0
musa-acuminata-banana-d339a657-394a-11ec-82e6-d8c4975e38aa_jpg.rf.hyhY64K0qm8SfnFGKJr0.jpg,1,0,0,1,0,0
musa-acuminata-overripe-a10ad974-1d0a-11ec-93bc-d8c4975e38aa_jpg.rf.i17VVHbi45uFghd89JQb.jpg,0,0,1,0,0,0
musa-acuminata-overripe-805717c4-2653-11ec-83b2-d8c4975e38aa_jpg.rf.i4jiwGzJxsKaHSdZLm58.jpg,0,0,1,0,0,0
musa-acuminata-freshripe-44b76a77-2653-11ec-b218-d8c4975e38aa_jpg.rf.RbWJ9KZFCVXY87x7oejG.jpg,1,0,0,0,0,0
musa-acuminata-banana-eb7767a6-394a-11ec-a4f6-d8c4975e38aa_jpg.rf.SxXTbobvjPQbqnwKhHcd.jpg,1,0,0,0,0,0
musa-acuminata-ripe-71277b99-2653-11ec-8756-d8c4975e38aa_jpg.rf.SiGFOOernfs0VatHS9VV.jpg,0,0,0,1,1,0
musa-acuminata-freshunripe-1fde7f1a-2653-11ec-864b-d8c4975e38aa_jpg.rf.T891YBcZtNmUJrRhtdSK.jpg,0,1,0,0,0,0
musa-acuminata-rotten-bb9d682a-1d0a-11ec-8a31-d8c4975e38aa_jpg.rf.ScC7mgfQnN81zYYhGCEI.jpg,0,0,0,0,1,0
musa-acuminata-mold-e57f8f8d-1d0a-11ec-8ba9-d8c4975e38aa_jpg.rf.TCGoXmpaQH0y6yyW4xdP.jpg,0,0,1,0,1,0
musa-acuminata-freshripe-7b77dadc-1d0a-11ec-88ca-d8c4975e38aa_jpg.rf.SmBuGu0KDvmQHFotK4Qi.jpg,1,0,0,0,0,0
musa-acuminata-banana-aa0ab310-4037-11ec-9a90-94b86d66fd1d_jpg.rf.jUSLoN6mBphlxwLebMsx.jpg,1,0,0,0,0,0
musa-acuminata-unripe-88cc69d1-1d0a-11ec-b3d9-d8c4975e38aa-1-_jpg.rf.jYfcHuVk0Mpi6txupxaW.jpg,0,0,0,0,0,1
musa-acuminata-unripe-9094f4b9-1d0a-11ec-b840-d8c4975e38aa-1-_jpg.rf.jZW7nxWVh33Z0RxhRbEH.jpg,0,0,0,0,0,1
musa-acuminata-banana-fc8185a4-394a-11ec-8424-d8c4975e38aa_jpg.rf.jhblSZgdxBaGpSLIuqUK.jpg,1,0,0,0,0,0
musa-acuminata-overripe-80f39cd6-2653-11ec-9aa7-d8c4975e38aa_jpg.rf.jiqodtvrKnd2PxtGpxro.jpg,0,0,1,0,0,0
musa-acuminata-banana-9aabbca9-394a-11ec-8bda-d8c4975e38aa_jpg.rf.js2fV05ZMnzdCoc30B8q.jpg,0,0,0,0,1,0
musa-acuminata-banana-da1acdb0-4037-11ec-812b-94b86d66fd1d_jpg.rf.k6aDdoWLNRZP5gL2HRpw.jpg,0,0,0,1,0,0
musa-acuminata-ripe-9722e2dd-1d0a-11ec-9535-d8c4975e38aa_jpg.rf.k8j7sMb4BpeOyN23grZO.jpg,0,0,0,1,1,0
musa-acuminata-freshunripe-319ca2f3-2653-11ec-8b6c-d8c4975e38aa_jpg.rf.kAFCN6H0B8lbSDFmTz4q.jpg,0,1,0,0,0,0
musa-acuminata-unripe-608913ae-2653-11ec-b360-d8c4975e38aa---Copy_jpg.rf.iCFwSeQSmAngbfndjMjl.jpg,0,0,0,0,1,0
musa-acuminata-banana-f0a09d4a-394a-11ec-b445-d8c4975e38aa_jpg.rf.ixIv10v22kFj7KblUmuN.jpg,1,0,0,0,0,0
musa-acuminata-ripe-923ad28e-1d0a-11ec-a10f-d8c4975e38aa_jpg.rf.j6FWZ380bi0tNrVN83Qe.jpg,0,0,0,1,0,0
musa-acuminata-banana-c6df7f3d-394a-11ec-8578-d8c4975e38aa_jpg.rf.jOCTYvykiFdJfJtO6Hom.jpg,1,0,0,0,0,0
musa-acuminata-rotten-b41e0e2e-1d0a-11ec-a309-d8c4975e38aa_jpg.rf.ix3FKCYf2D58wfriiw1E.jpg,0,0,0,0,1,0
musa-acuminata-rotten-bdf8aca1-1d0a-11ec-b802-d8c4975e38aa_jpg.rf.ZpkU114Qwx0bvBl987p6.jpg,0,0,0,0,1,0
musa-acuminata-rotten-ad470cd0-1d0a-11ec-8488-d8c4975e38aa_jpg.rf.ZxsHJRQoDRlx4xqCvb6Z.jpg,0,0,0,0,1,0
musa-acuminata-ripe-9778b08a-1d0a-11ec-8638-d8c4975e38aa_jpg.rf.Zynw04WnPpCmNyKySHll.jpg,0,0,0,1,1,0
musa-acuminata-banana-c2781ebc-394a-11ec-90d6-d8c4975e38aa_jpg.rf.aQdOIpWk1jBq38lmE8hx.jpg,0,0,0,1,0,0
musa-acuminata-rotten-82639d86-2653-11ec-bb31-d8c4975e38aa_jpg.rf.aR8108y6PgDKwqzU2aaD.jpg,0,0,0,0,1,0
musa-acuminata-freshripe-45def5c1-2653-11ec-b144-d8c4975e38aa_jpg.rf.ajivePp4q0znEp5MVX0I.jpg,1,0,0,0,0,0
musa-acuminata-ripe-72647a5e-2653-11ec-a365-d8c4975e38aa_jpg.rf.kLkN9QTni0iM72UpCKaS.jpg,0,0,0,1,1,0
musa-acuminata-rotten-a1dc973a-1d0a-11ec-908d-d8c4975e38aa_jpg.rf.kJ99EuZrpRBe2UOUjcs2.jpg,0,0,0,0,1,0
musa-acuminata-rotten-b6d76d34-1d0a-11ec-9dde-d8c4975e38aa_jpg.rf.l69DN8WovcNXbn6ys5VN.jpg,0,0,0,0,1,0
musa-acuminata-banana-a4e0e0ae-394a-11ec-8ca0-d8c4975e38aa_jpg.rf.kEByscUiBMMoIZZF4ljn.jpg,0,0,0,1,0,0
musa-acuminata-banana-8e402ae2-394a-11ec-bbbb-d8c4975e38aa_jpg.rf.kMDMGNsSdaUFNruiqBwF.jpg,0,0,0,0,1,0
musa-acuminata-unripe-8c1f4e8b-1d0a-11ec-8888-d8c4975e38aa-1-_jpg.rf.kOX1vcx2AOzPpZqgX3fJ.jpg,0,1,0,0,0,1
musa-acuminata-freshunripe-67c95007-1d0a-11ec-8374-d8c4975e38aa_jpg.rf.Zepx8ECdhokgb72HUFAZ.jpg,0,1,0,0,0,0
musa-acuminata-ripe-9377d137-1d0a-11ec-95a7-d8c4975e38aa_jpg.rf.lUCw6FRnOQyVhf6eezb0.jpg,0,0,0,1,0,0
musa-acuminata-freshripe-4b98c37c-2653-11ec-a708-d8c4975e38aa_jpg.rf.l1HdO84Az9YtQusbEAvX.jpg,1,0,0,0,0,0
musa-acuminata-freshripe-7ef23da1-1d0a-11ec-a69a-d8c4975e38aa_jpg.rf.kOCKUP6Q9cz3gjAE4U7y.jpg,1,0,0,0,0,0
musa-acuminata-overripe-7e79b2a2-2653-11ec-86dc-d8c4975e38aa_jpg.rf.lFQn2pxe31e0bwUOd8lZ.jpg,0,0,1,0,0,0
musa-acuminata-freshripe-4714ce19-2653-11ec-9ed7-d8c4975e38aa_jpg.rf.c85IToT1zeAtNW3dDL6x.jpg,1,0,0,0,0,0
musa-acuminata-rotten-a24a3a7e-1d0a-11ec-b00a-d8c4975e38aa_jpg.rf.cCYHowHIUK5TZRht2WLc.jpg,0,0,0,0,1,0
musa-acuminata-banana-8f7bc88d-394a-11ec-920a-d8c4975e38aa_jpg.rf.cFWlcRhynBZN1hhlO4Fq.jpg,0,0,0,0,1,0
musa-acuminata-mold-e396f688-1d0a-11ec-816e-d8c4975e38aa_jpg.rf.cHPPH9asvCf69CtVpsA9.jpg,0,0,1,0,1,0
musa-acuminata-banana-fc356f17-394a-11ec-acf2-d8c4975e38aa_jpg.rf.cNs7btfJnloDzOP8kkab.jpg,0,0,0,1,0,0
musa-acuminata-mold-e3ac6a2b-1d0a-11ec-99b3-d8c4975e38aa_jpg.rf.ceukgbeHGhM17ZzlAo9J.jpg,0,0,1,0,1,0
musa-acuminata-banana-b1642a90-394a-11ec-8894-d8c4975e38aa_jpg.rf.cvvwJTnAMhDe1pcfM0kp.jpg,1,0,0,0,0,0
musa-acuminata-overripe-761b7662-2653-11ec-8ea2-d8c4975e38aa_jpg.rf.cxaF23DM1GdGjBsRmMGF.jpg,0,0,1,0,0,0
musa-acuminata-freshunripe-1f295701-2653-11ec-9e54-d8c4975e38aa_jpg.rf.cyaObTgDSbIDe9NyLj4H.jpg,0,1,0,0,0,0
musa-acuminata-rotten-8c125eda-2653-11ec-b951-d8c4975e38aa_jpg.rf.dYL38PIIFqtuRisk4863.jpg,0,0,0,0,1,0
musa-acuminata-banana-fabd968c-394a-11ec-bc3c-d8c4975e38aa_jpg.rf.dtvzTSBYExkYp7xmq6G4.jpg,0,0,0,1,0,0
musa-acuminata-unripe-90cbc644-1d0a-11ec-bdbe-d8c4975e38aa-1-_jpg.rf.dvArzTYldrT6ENz53TV9.jpg,0,0,0,0,0,1
musa-acuminata-unripe-8add889a-1d0a-11ec-b0e0-d8c4975e38aa-1-_jpg.rf.e0OeN43WknrO7XDgiHwS.jpg,0,0,0,0,0,1
musa-acuminata-banana-a996d481-394a-11ec-9dfb-d8c4975e38aa_jpg.rf.e3H7oMZVNZRATxOCfcUP.jpg,0,0,0,0,1,0
musa-acuminata-mold-e201c6bb-1d0a-11ec-a9f5-d8c4975e38aa_jpg.rf.akBDnhBLGc3Dgpxv6Ghv.jpg,0,0,1,0,1,0
musa-acuminata-banana-e5b1494b-394a-11ec-b944-d8c4975e38aa_jpg.rf.b4960aYjMR6iWFY5lpGt.jpg,1,0,0,1,0,0
musa-acuminata-ripe-9383bd27-1d0a-11ec-98fe-d8c4975e38aa_jpg.rf.bGMHmF5pg8Wpab9O0ldr.jpg,0,0,0,1,0,0
musa-acuminata-overripe-7e991b2f-2653-11ec-8784-d8c4975e38aa_jpg.rf.bP87Q3g8wf8LS7SblQrm.jpg,0,0,1,0,0,0
musa-acuminata-unripe-628be57a-2653-11ec-a9c6-d8c4975e38aa---Copy_jpg.rf.bYTxnRrE1IUPCTvhJWBn.jpg,0,0,0,0,0,1
musa-acuminata-ripe-9158657f-1d0a-11ec-a9fa-d8c4975e38aa_jpg.rf.bIUb1EPsbjHtNN4Dqp0v.jpg,0,0,0,1,0,0
musa-acuminata-rotten-b8c44970-1d0a-11ec-b93c-d8c4975e38aa_jpg.rf.b78WMrIRTvT48I84xUgj.jpg,0,0,0,0,1,0
musa-acuminata-banana-da64bd99-394a-11ec-9ce9-d8c4975e38aa_jpg.rf.byer5YXnlV7P7le4kwDW.jpg,0,0,0,1,0,0
musa-acuminata-mold-e2c0734d-1d0a-11ec-aa1f-d8c4975e38aa_jpg.rf.ei1HTCqvUgR2xCSkC7SC.jpg,0,0,1,0,1,0
musa-acuminata-mold-e1cd5762-1d0a-11ec-8def-d8c4975e38aa_jpg.rf.ejDO34SZa8G3A52YOL4g.jpg,0,0,1,0,1,0
musa-acuminata-ripe-93e57488-1d0a-11ec-a1bd-d8c4975e38aa_jpg.rf.enXmk2BHJLDls4OV7URR.jpg,0,0,0,1,0,0
musa-acuminata-freshunripe-6d4134b0-1d0a-11ec-bdc2-d8c4975e38aa_jpg.rf.evrjnWeIpbSHgIRBZNGQ.jpg,0,1,0,0,0,0
musa-acuminata-banana-a1186461-394a-11ec-9afb-d8c4975e38aa_jpg.rf.exm9oVvCjzu7Fc52CoqX.jpg,0,0,1,0,0,0
musa-acuminata-overripe-76760851-2653-11ec-b006-d8c4975e38aa_jpg.rf.eyOldcL7PejMGppJOCLq.jpg,0,0,1,0,0,0
musa-acuminata-unripe-86e631eb-1d0a-11ec-92ad-d8c4975e38aa-1-_jpg.rf.e5bwO5uzcpo5ar3L4LQb.jpg,0,0,0,0,1,1
musa-acuminata-banana-84535fc0-394a-11ec-b376-d8c4975e38aa_jpg.rf.eT3wm6W2F0mU2a39mp6a.jpg,0,0,0,1,1,0
musa-acuminata-banana-cefc965f-4037-11ec-bc76-94b86d66fd1d_jpg.rf.eP4rak2YfaFAaimE0wZS.jpg,0,0,0,1,0,0
musa-acuminata-overripe-7ee5fb16-2653-11ec-b40e-d8c4975e38aa_jpg.rf.wlsnM6yvHiLeXFF2kznq.jpg,0,0,1,0,0,0
musa-acuminata-banana-f195d4d5-394a-11ec-8120-d8c4975e38aa_jpg.rf.zAEDE3jiyV0Dzs1zTPli.jpg,1,0,0,1,0,0
musa-acuminata-banana-8a82287a-394a-11ec-a64e-d8c4975e38aa_jpg.rf.zJ7pgnJSU742kpNROzlU.jpg,0,0,0,0,1,0
musa-acuminata-banana-e4d2aaee-394a-11ec-ac9d-d8c4975e38aa_jpg.rf.zOKTcPZscwG4U6X5oNXL.jpg,0,0,0,1,0,0
musa-acuminata-overripe-a0b50bc3-1d0a-11ec-8007-d8c4975e38aa_jpg.rf.uqZQYvSXnp7MCz5JU0Rn.jpg,0,0,1,0,0,0
musa-acuminata-banana-adaf78d0-394a-11ec-b89a-d8c4975e38aa_jpg.rf.ySUPW34oZ1yvKKhEHBEZ.jpg,1,0,0,0,0,0
musa-acuminata-overripe-803b3c13-2653-11ec-8d8a-d8c4975e38aa_jpg.rf.zy8iRvfPnYutU3wb0ejl.jpg,0,0,1,0,0,0
musa-acuminata-freshripe-7a84711a-1d0a-11ec-9403-d8c4975e38aa_jpg.rf.zxzq3ESjneiWktmKlL7K.jpg,1,0,0,0,0,0
musa-acuminata-banana-d0d7b012-394a-11ec-a704-d8c4975e38aa_jpg.rf.zQWgNcdQymrA8jQfCAPt.jpg,0,0,0,1,0,0
musa-acuminata-rotten-8a7f2318-2653-11ec-8257-d8c4975e38aa_jpg.rf.06v2QAQHN6wdihBe3urT.jpg,0,0,0,0,1,0
musa-acuminata-rotten-840c0508-2653-11ec-994e-d8c4975e38aa_jpg.rf.0XLifWLABWTB308VIgfI.jpg,0,0,0,0,1,0
musa-acuminata-rotten-bfcc0729-1d0a-11ec-ae97-d8c4975e38aa_jpg.rf.6nEDnvs3GpGcUQYoGeco.jpg,0,0,0,0,1,0
musa-acuminata-freshripe-77d128d7-1d0a-11ec-889d-d8c4975e38aa_jpg.rf.6nPDWwTSzZJu5Gc4vLCO.jpg,1,0,0,0,0,0
musa-acuminata-banana-b553346e-4037-11ec-9914-94b86d66fd1d_jpg.rf.6qT5ddyMrl7A6IUWDiJ1.jpg,0,1,0,0,0,1
musa-acuminata-unripe-90f1eb14-1d0a-11ec-934c-d8c4975e38aa-1-_jpg.rf.7AwVd8xYquA93VWFSvXF.jpg,0,0,0,0,0,1
musa-acuminata-unripe-8a2ac6d0-1d0a-11ec-9b65-d8c4975e38aa-1-_jpg.rf.0WQ1PPLS8WDEF1LzJndk.jpg,0,1,0,0,0,1
musa-acuminata-overripe-7ef2f78c-2653-11ec-99bd-d8c4975e38aa_jpg.rf.7DXcRchsUR5vvOOocgSy.jpg,0,0,1,0,0,0
musa-acuminata-overripe-7e35f920-2653-11ec-a5f2-d8c4975e38aa_jpg.rf.8mRPAYjCo7lGdECNNAst.jpg,0,0,1,0,0,0
musa-acuminata-ripe-9623dc30-1d0a-11ec-bbce-d8c4975e38aa_jpg.rf.7OSuZWTietQZ1sVfmk8s.jpg,0,0,0,1,1,0
musa-acuminata-banana-ac5d4c2f-4037-11ec-90dc-94b86d66fd1d_jpg.rf.8a9Wm4q8Sbv7DatFUCHm.jpg,1,0,0,0,0,0
musa-acuminata-unripe-86526c32-1d0a-11ec-9731-d8c4975e38aa-1-_jpg.rf.8jSh4efkQfn7ATPk4qh9.jpg,0,0,0,0,0,1
musa-acuminata-rotten-849256c2-2653-11ec-94d1-d8c4975e38aa_jpg.rf.7IT9AovDIJJJqOuyPQgi.jpg,0,0,0,0,1,0
musa-acuminata-banana-b4ac832d-394a-11ec-b749-d8c4975e38aa_jpg.rf.8xAepR562g92xKtHMQW3.jpg,1,0,0,0,0,0
musa-acuminata-unripe-9099b91b-1d0a-11ec-a136-d8c4975e38aa-1-_jpg.rf.A9c0M0vili1ZN5y5HQb6.jpg,0,0,0,0,0,1
musa-acuminata-banana-b31fa4d4-394a-11ec-85ff-d8c4975e38aa_jpg.rf.9VSxaCeJT2U2pl43Ox72.jpg,1,0,0,0,0,0
musa-acuminata-freshripe-49cf259c-2653-11ec-afd0-d8c4975e38aa_jpg.rf.wuDGH51AdZBPHSAmC5Eg.jpg,1,0,0,0,0,0
musa-acuminata-banana-a9583a45-394a-11ec-9f0a-d8c4975e38aa_jpg.rf.yfjuw6v4YDCOoHIo6Jmt.jpg,0,0,0,0,1,0
musa-acuminata-overripe-8037f15e-2653-11ec-828b-d8c4975e38aa_jpg.rf.AUy0W6AtH0upBUYkXDCs.jpg,0,0,1,0,0,0
musa-acuminata-freshunripe-67b28606-1d0a-11ec-8a6f-d8c4975e38aa_jpg.rf.AFYKMmwc29vj8pplB9JM.jpg,0,1,0,0,0,0
musa-acuminata-ripe-94a68321-1d0a-11ec-b986-d8c4975e38aa_jpg.rf.BCAJ2uk6GS3iADmRmaNv.jpg,0,0,0,1,0,0
musa-acuminata-overripe-7e77935f-2653-11ec-b21d-d8c4975e38aa_jpg.rf.BJxQIfoo1tdibZhBjIgu.jpg,0,0,1,0,0,0
musa-acuminata-ripe-947dfe70-1d0a-11ec-8307-d8c4975e38aa_jpg.rf.BVefnV6BkXczCS3ltTwC.jpg,0,0,0,1,0,0
musa-acuminata-banana-b6b1a68b-4037-11ec-b67c-94b86d66fd1d_jpg.rf.AZxoqN0HffQIkAI7TYKf.jpg,0,1,0,0,0,0
musa-acuminata-overripe-7f6e38f6-2653-11ec-a945-d8c4975e38aa_jpg.rf.AGxtUQ7El2LfoZtxZwtK.jpg,0,0,1,0,0,0
musa-acuminata-overripe-9dec6703-1d0a-11ec-a802-d8c4975e38aa_jpg.rf.AqKmTsaA194jK2UKR1UN.jpg,0,0,1,0,1,0
musa-acuminata-freshunripe-73142415-1d0a-11ec-b8d5-d8c4975e38aa_jpg.rf.Au42LsGk8EYxr9gF9Iku.jpg,0,1,0,0,0,0
musa-acuminata-banana-d7aa26e2-394a-11ec-b569-d8c4975e38aa_jpg.rf.Ax7xlAStEOnGBDQdvcJR.jpg,1,0,0,1,0,0
musa-acuminata-ripe-6c1222ce-2653-11ec-a022-d8c4975e38aa_jpg.rf.BuPUQTzK7R1AGymllACd.jpg,0,0,0,1,0,0
musa-acuminata-freshunripe-6930c23c-1d0a-11ec-a73b-d8c4975e38aa_jpg.rf.C2EVpB0v0Mv8Venebn4E.jpg,0,1,0,0,0,0
musa-acuminata-ripe-7301c8a5-2653-11ec-ad76-d8c4975e38aa_jpg.rf.DKCYNpnAxzffYmEAGkFK.jpg,0,0,0,0,1,0
musa-acuminata-ripe-947b9c45-1d0a-11ec-82c0-d8c4975e38aa_jpg.rf.8Ap8jzR343BeEBXjV2K7.jpg,0,0,0,1,0,0
musa-acuminata-banana-9b9fb070-394a-11ec-8cd0-d8c4975e38aa_jpg.rf.8PROcETbLOa2x0MCRbsZ.jpg,0,0,0,0,1,0
musa-acuminata-mold-e4b295f8-1d0a-11ec-8d79-d8c4975e38aa_jpg.rf.0Pr3eiT5nw7Yiodk4lDk.jpg,0,0,1,0,0,0
musa-acuminata-unripe-8e948520-1d0a-11ec-93b2-d8c4975e38aa-1-_jpg.rf.D8rhBbHTF7TI0KOQejlf.jpg,0,0,0,0,0,1
musa-acuminata-unripe-61cf9b21-2653-11ec-a09d-d8c4975e38aa---Copy_jpg.rf.DM9b2Huey4Kz8jlPf5JD.jpg,0,0,0,0,0,1
musa-acuminata-overripe-7efc8019-2653-11ec-9f95-d8c4975e38aa_jpg.rf.82fJGgAQg9ry39zmw7w5.jpg,0,0,1,0,0,0
musa-acuminata-freshunripe-2ed19c6a-2653-11ec-8034-d8c4975e38aa_jpg.rf.7rn3KOgD8m6JTY5Bug87.jpg,0,1,0,0,0,0
musa-acuminata-banana-e9d17117-394a-11ec-8b9f-d8c4975e38aa_jpg.rf.C3BC1LOOA8OFDz1REoP5.jpg,0,0,0,1,0,0
musa-acuminata-banana-ecde82a7-394a-11ec-8c4a-d8c4975e38aa_jpg.rf.BrFDasxlil4o4wNxIj0k.jpg,1,0,0,1,0,0
musa-acuminata-freshunripe-62743bdf-1d0a-11ec-b615-d8c4975e38aa_jpg.rf.8p1CxUNHrAOf206pInbd.jpg,0,1,0,0,0,0
musa-acuminata-overripe-9c9eb917-1d0a-11ec-b8bf-d8c4975e38aa_jpg.rf.9miJyLn4gh3ZcLIaXfYL.jpg,0,0,1,0,0,0
musa-acuminata-overripe-9fe81252-1d0a-11ec-b36b-d8c4975e38aa_jpg.rf.92mlgbnGRcP9DxvzNkUA.jpg,0,0,1,0,0,0
musa-acuminata-mold-e2801b5d-1d0a-11ec-a4bd-d8c4975e38aa_jpg.rf.BJ6RWUetkPWlOCPjivjM.jpg,0,0,1,0,1,0
musa-acuminata-ripe-99f2ae3b-1d0a-11ec-ae0c-d8c4975e38aa_jpg.rf.Ap7JxOVeGYZ4em9w3YEG.jpg,0,0,0,1,1,0
musa-acuminata-banana-8ec96ab5-394a-11ec-8bfc-d8c4975e38aa_jpg.rf.9U1tjYWkvCHQfrLjW39s.jpg,0,0,1,0,1,0
musa-acuminata-overripe-7e10ff37-2653-11ec-b64d-d8c4975e38aa_jpg.rf.9QUEeZMGY0nD8GPqIFp3.jpg,0,0,1,0,0,0
musa-acuminata-banana-a7236e33-394a-11ec-a760-d8c4975e38aa_jpg.rf.9JH4KoNY68qnjpuGj9oy.jpg,0,0,0,0,1,0
musa-acuminata-banana-c65b0701-394a-11ec-9844-d8c4975e38aa_jpg.rf.B5tHQ1Gn8vhrliwRS7sW.jpg,0,0,0,1,0,0
musa-acuminata-overripe-80961d0c-2653-11ec-993a-d8c4975e38aa_jpg.rf.B40OepDTtTCQGzg2BoBB.jpg,0,0,1,0,1,0
musa-acuminata-banana-a95d7f28-4037-11ec-9427-94b86d66fd1d_jpg.rf.AdL8ATjS5ZALKfqSQumc.jpg,1,0,0,0,0,0
musa-acuminata-rotten-a22da089-1d0a-11ec-b24a-d8c4975e38aa_jpg.rf.BDCv2yKvlFOWLTbsYSdU.jpg,0,0,0,0,1,0
musa-acuminata-mold-e45f2a75-1d0a-11ec-9b9b-d8c4975e38aa_jpg.rf.vmfodD32Zv4TDhV1KNfr.jpg,0,0,1,0,0,0
musa-acuminata-banana-b3f57602-394a-11ec-9ea4-d8c4975e38aa_jpg.rf.BBFRS9WGhc5KIOsDUiqA.jpg,0,0,0,1,0,0
musa-acuminata-banana-c7a114a1-394a-11ec-8767-d8c4975e38aa_jpg.rf.BLzznoqMjbDWzaZTdOOU.jpg,0,0,0,1,0,0
musa-acuminata-unripe-86a839f7-1d0a-11ec-a918-d8c4975e38aa-1-_jpg.rf.14nFxU1iQy2d9vHas7O1.jpg,0,0,0,0,1,1
musa-acuminata-freshripe-43de8666-2653-11ec-bbc2-d8c4975e38aa_jpg.rf.BRdoZH9T6VRU4WzABzcK.jpg,1,0,0,0,0,0
musa-acuminata-mold-e43b6a25-1d0a-11ec-bae7-d8c4975e38aa_jpg.rf.BTYQs88rcR8mEYe8rTBO.jpg,0,0,1,0,1,0
musa-acuminata-unripe-907abcfb-1d0a-11ec-8123-d8c4975e38aa-1-_jpg.rf.BYM9AfLyS1vHTW1ukwt6.jpg,0,0,0,0,0,1
musa-acuminata-overripe-9d66efa8-1d0a-11ec-8cc1-d8c4975e38aa_jpg.rf.C10NY3fBOKQNtr1oWsAw.jpg,0,0,1,0,0,0
musa-acuminata-freshunripe-3b1e1bff-2653-11ec-bbee-d8c4975e38aa_jpg.rf.CAg8ypgP5cDj0jnRqElK.jpg,0,1,0,0,0,0
musa-acuminata-ripe-9480609f-1d0a-11ec-aae2-d8c4975e38aa_jpg.rf.CIw1YNFYJEWstOpZ2g8Z.jpg,0,0,0,1,0,0
musa-acuminata-ripe-6f8d88ce-2653-11ec-a496-d8c4975e38aa_jpg.rf.CZ23Ptf1VGHr0tjYSEon.jpg,0,0,0,1,1,0
musa-acuminata-banana-9af6f891-394a-11ec-88cf-d8c4975e38aa_jpg.rf.yv1V7WlE0OVRfElyvGi5.jpg,0,0,0,0,1,0
musa-acuminata-banana-d7b208b1-394a-11ec-8997-d8c4975e38aa_jpg.rf.EEh3xDSaflXBxjo9jfQd.jpg,1,0,0,1,0,0
musa-acuminata-banana-85bdc14e-394a-11ec-9c31-d8c4975e38aa_jpg.rf.EVo0qByJbbJHkqfnOGRD.jpg,0,0,1,0,1,0
musa-acuminata-ripe-6c8bb07c-2653-11ec-a93a-d8c4975e38aa_jpg.rf.BzgjHKZyeeAii3KWOlD6.jpg,0,0,0,1,0,0
musa-acuminata-banana-e73e1e13-394a-11ec-8256-d8c4975e38aa_jpg.rf.15bLoZkkRK2fOJg8c53f.jpg,0,0,0,1,0,0
musa-acuminata-freshripe-7c59f2f1-1d0a-11ec-aad7-d8c4975e38aa_jpg.rf.C9pYfLcNd1JUl6YJ1kD8.jpg,1,0,0,0,0,0
musa-acuminata-banana-c722303a-394a-11ec-a7fc-d8c4975e38aa_jpg.rf.CEQzT3qBTd3gjfIPyEjB.jpg,1,0,0,0,0,0
musa-acuminata-banana-c35b7d54-394a-11ec-8feb-d8c4975e38aa_jpg.rf.CJducHxQRAFTVY1mW9cZ.jpg,0,0,0,1,0,0
musa-acuminata-banana-a8ef0824-394a-11ec-93e1-d8c4975e38aa_jpg.rf.CO7jVCOrM3qrb5C5vJDt.jpg,0,0,1,0,1,0
musa-acuminata-banana-a72de3ac-394a-11ec-b4b7-d8c4975e38aa_jpg.rf.COiAfZ6SyaRdwTaB4bZ4.jpg,0,0,0,0,1,0
musa-acuminata-overripe-804bfe4e-2653-11ec-8073-d8c4975e38aa_jpg.rf.CSpuzUq3h0L8agLDGjKE.jpg,0,0,1,0,0,0
musa-acuminata-overripe-7f789eca-2653-11ec-8e0b-d8c4975e38aa_jpg.rf.DiG9hPhn4Alpy6F6p4Hk.jpg,0,0,1,0,0,0
musa-acuminata-unripe-5cabf65e-2653-11ec-abcd-d8c4975e38aa---Copy_jpg.rf.DvMHUlXSzMc6Q3JpKiVX.jpg,0,0,0,0,1,1
musa-acuminata-freshunripe-34c70132-2653-11ec-a1e5-d8c4975e38aa_jpg.rf.E8XqNbBhRGkQEXchglD5.jpg,0,1,0,0,0,0
musa-acuminata-freshunripe-26d96716-2653-11ec-8613-d8c4975e38aa_jpg.rf.CUbSol25AphV35gGhxCe.jpg,0,1,0,0,0,0
musa-acuminata-banana-f2d999b0-394a-11ec-bfc7-d8c4975e38aa_jpg.rf.CVi9mv62XktNR7v5xVcg.jpg,1,0,0,0,0,0
musa-acuminata-overripe-a1251129-1d0a-11ec-91de-d8c4975e38aa_jpg.rf.CYWNcAbyXPBw14GhYnu4.jpg,0,0,1,0,1,0
musa-acuminata-banana-b628e638-394a-11ec-8c82-d8c4975e38aa_jpg.rf.CeB5E1S43lKMYxZRWs9I.jpg,1,0,0,1,1,0
musa-acuminata-banana-89ecd258-394a-11ec-8ac8-d8c4975e38aa_jpg.rf.CfRqba0KUkSzY5tbDggx.jpg,0,0,0,0,1,0
musa-acuminata-banana-e0744210-394a-11ec-b177-d8c4975e38aa_jpg.rf.CTREjnKZ99xYqRZB1e25.jpg,0,0,0,1,0,0
musa-acuminata-ripe-6a972bd8-2653-11ec-88ef-d8c4975e38aa_jpg.rf.DGuPnhe9e9doPmE6n22k.jpg,0,0,0,1,0,0
musa-acuminata-banana-c9b97ae1-4037-11ec-b9dd-94b86d66fd1d_jpg.rf.DI2sNva9JJ3ZTLddyOmk.jpg,0,0,0,1,0,0
musa-acuminata-overripe-9c3115de-1d0a-11ec-9f3f-d8c4975e38aa_jpg.rf.CZCCX7S05LJi5yMCmMih.jpg,0,0,1,0,0,0
musa-acuminata-banana-a7f58c25-394a-11ec-93b0-d8c4975e38aa_jpg.rf.CcUtF8vrOEXzdQoLZ2WV.jpg,0,0,1,0,0,0
musa-acuminata-banana-ea1ba485-394a-11ec-b2bd-d8c4975e38aa_jpg.rf.CgnMY60qana6CMqhYxNF.jpg,1,0,0,1,0,0
musa-acuminata-ripe-7042ac96-2653-11ec-b6e6-d8c4975e38aa_jpg.rf.CoeUJIRfd3laGvcWlXDx.jpg,0,0,0,0,1,0
musa-acuminata-unripe-616de2a1-2653-11ec-9b88-d8c4975e38aa---Copy_jpg.rf.CsJR6C2dtNe7gcAjjx70.jpg,0,0,0,0,0,1
musa-acuminata-mold-e5c24be1-1d0a-11ec-a529-d8c4975e38aa_jpg.rf.CldETVnjA6iaAilTXw5q.jpg,0,0,1,0,0,0
musa-acuminata-rotten-bc5bd30a-1d0a-11ec-b713-d8c4975e38aa_jpg.rf.D1fAbsSjsgcwp3GBvd5W.jpg,0,0,0,0,1,0
musa-acuminata-banana-e526cb93-394a-11ec-8a62-d8c4975e38aa_jpg.rf.DFjX31lwMyuSYxEFO7hz.jpg,1,0,0,0,0,0
musa-acuminata-ripe-94d3cc13-1d0a-11ec-8268-d8c4975e38aa_jpg.rf.DU114f267tM6ztZYLuUT.jpg,0,0,0,1,0,0
musa-acuminata-rotten-8fa10d43-2653-11ec-8ac3-d8c4975e38aa_jpg.rf.DWijwYD4r5NnwpYAGIfw.jpg,0,0,0,0,1,0
musa-acuminata-rotten-88ba0203-2653-11ec-8caa-d8c4975e38aa_jpg.rf.zGPBDWljHkXQOo5rN2OX.jpg,0,0,0,0,1,0
musa-acuminata-freshunripe-69dd7f0f-1d0a-11ec-9842-d8c4975e38aa_jpg.rf.urwLsmI4QRIwOXeOIrbZ.jpg,0,1,0,0,0,0
musa-acuminata-banana-b2e6a164-394a-11ec-8826-d8c4975e38aa_jpg.rf.wueNk5U6ldO9iruY8FrH.jpg,1,0,0,0,0,0
musa-acuminata-overripe-7662f739-2653-11ec-a8dd-d8c4975e38aa_jpg.rf.DZztMOYmdZM8nTqp55dd.jpg,0,0,1,0,0,0
musa-acuminata-banana-af1e9e10-394a-11ec-abc7-d8c4975e38aa_jpg.rf.oe5PWr8Ant2RTrZptSzR.jpg,0,0,0,1,0,0
musa-acuminata-rotten-bc672244-1d0a-11ec-8eab-d8c4975e38aa_jpg.rf.ohrNYVnCFpMs3wRDvoAu.jpg,0,0,0,0,1,0
musa-acuminata-banana-c3bc614e-394a-11ec-b6f5-d8c4975e38aa_jpg.rf.ooDkej6RieH9VKd6Od7T.jpg,0,0,0,1,0,0
musa-acuminata-unripe-51eb1b4a-2653-11ec-8daf-d8c4975e38aa---Copy_jpg.rf.opOw16R3whlXvtQn5Wob.jpg,0,0,0,0,0,1
musa-acuminata-freshunripe-2c4951f5-2653-11ec-8761-d8c4975e38aa_jpg.rf.oqupIMjHMtdEoI69P3B5.jpg,0,1,0,0,0,0
musa-acuminata-banana-e3ac5031-394a-11ec-8522-d8c4975e38aa_jpg.rf.DNAYEhBN0UwPkATtmWZL.jpg,1,0,0,1,0,0
musa-acuminata-rotten-8e2f71be-2653-11ec-97ba-d8c4975e38aa_jpg.rf.DQwfuaa7y3rFnBBRB9Do.jpg,0,0,0,0,1,0
musa-acuminata-freshripe-4d4829eb-2653-11ec-aa38-d8c4975e38aa_jpg.rf.09sHSuc29G76d5NGqc6n.jpg,1,0,0,0,0,0
musa-acuminata-banana-8f7f44d5-394a-11ec-abe3-d8c4975e38aa_jpg.rf.vs2PI9hU7gSpb6NTYU9e.jpg,0,0,0,0,1,0
musa-acuminata-banana-b1b631cd-394a-11ec-bba2-d8c4975e38aa_jpg.rf.DTQQXYjxbB1OlcenqDmz.jpg,1,0,0,0,0,0
musa-acuminata-freshunripe-69810752-1d0a-11ec-983a-d8c4975e38aa_jpg.rf.DODk9tytN0G068vSjJ6v.jpg,0,1,0,0,0,0
musa-acuminata-freshripe-4417ba31-2653-11ec-bea8-d8c4975e38aa_jpg.rf.p3XnVV21T8m4aIRSv2wz.jpg,1,0,0,0,0,0
musa-acuminata-freshripe-7b04852e-1d0a-11ec-aa3d-d8c4975e38aa_jpg.rf.qFQPZd8MKPVZsY567swW.jpg,1,0,0,0,0,0
musa-acuminata-banana-f259c3db-394a-11ec-a9c8-d8c4975e38aa_jpg.rf.qNe6mXBmGUzEUTLxZ4hN.jpg,1,0,0,1,0,0
musa-acuminata-banana-a04e1414-394a-11ec-9f2d-d8c4975e38aa_jpg.rf.qmoOB2OFKzYccZHqAnQf.jpg,0,0,1,0,0,0
musa-acuminata-mold-e59c2985-1d0a-11ec-9591-d8c4975e38aa_jpg.rf.qnYqyILYggwvz50zqjTI.jpg,0,0,1,0,0,0
musa-acuminata-freshripe-448a22ca-2653-11ec-ba6c-d8c4975e38aa_jpg.rf.r7AndYzm65iKzbDbwnaf.jpg,1,0,0,0,0,0
musa-acuminata-overripe-80d47afa-2653-11ec-96de-d8c4975e38aa_jpg.rf.rYMApUSMeLbisRjKUcEj.jpg,0,0,1,0,1,0
musa-acuminata-banana-aeda067e-4037-11ec-9ffd-94b86d66fd1d_jpg.rf.rkhsLqDmtkZtwyNK8K9h.jpg,0,1,0,0,0,1
musa-acuminata-banana-8e6d6355-394a-11ec-af01-d8c4975e38aa_jpg.rf.p1lTy1zpNjDxl73l7byx.jpg,0,0,1,0,1,0
musa-acuminata-banana-f2cb0cad-394a-11ec-a389-d8c4975e38aa_jpg.rf.p3Kd2N2uHHL3jbNd9dF3.jpg,1,0,0,0,0,0
musa-acuminata-ripe-6dec6f9a-2653-11ec-8c4e-d8c4975e38aa_jpg.rf.uBz3y6AoM8sUq8GlfILG.jpg,0,0,0,1,1,0
musa-acuminata-banana-a59a18c7-394a-11ec-88fc-d8c4975e38aa_jpg.rf.uL0jov4ELWYO1yaAc9tz.jpg,0,0,1,1,1,0
musa-acuminata-unripe-8fdb0c80-1d0a-11ec-b8d0-d8c4975e38aa-1-_jpg.rf.uNczMufl7HnXUiNMEmKc.jpg,0,0,0,0,0,1
musa-acuminata-banana-ed2941d9-394a-11ec-84f9-d8c4975e38aa_jpg.rf.uUIEMbKuOGJacHLAiRAw.jpg,1,0,0,1,0,0
musa-acuminata-unripe-5e6c0a6e-2653-11ec-8526-d8c4975e38aa---Copy_jpg.rf.uXh1JLc422LsC7OB4efH.jpg,0,0,0,0,0,1
musa-acuminata-mold-e6325383-1d0a-11ec-aee0-d8c4975e38aa_jpg.rf.ubpeVY220N84QHpHQ9H1.jpg,0,0,1,0,0,0
musa-acuminata-banana-87d30f8a-394a-11ec-9f37-d8c4975e38aa_jpg.rf.AE7ci6ocSCvDyyY7fWpC.jpg,0,0,1,0,1,0
musa-acuminata-banana-98479a5d-394a-11ec-93d7-d8c4975e38aa_jpg.rf.AHgrCT6ssqy5GYwSTIA9.jpg,0,0,1,1,0,0
musa-acuminata-banana-c4cdf373-4037-11ec-a5f4-94b86d66fd1d_jpg.rf.rqbPZwSyzak1F9ei4deg.jpg,1,0,0,1,0,0
musa-acuminata-freshripe-4a11e216-2653-11ec-95d4-d8c4975e38aa_jpg.rf.sPDsAVfK05UAPVd6CyDs.jpg,1,0,0,0,0,0
musa-acuminata-freshunripe-66a5498e-1d0a-11ec-983f-d8c4975e38aa_jpg.rf.t2TnfyG5i2QNInevuAN7.jpg,0,1,0,0,0,0
musa-acuminata-banana-a425a432-394a-11ec-bae8-d8c4975e38aa_jpg.rf.shy41xAnMmZVfqW0MX6S.jpg,0,0,1,0,1,0
musa-acuminata-rotten-8166441a-2653-11ec-a045-d8c4975e38aa_jpg.rf.t70HmtpYwpomWzDsgK2G.jpg,0,0,0,0,1,0
musa-acuminata-rotten-ae840a3e-1d0a-11ec-acdc-d8c4975e38aa_jpg.rf.tIzj0UaKJGnLJv1O4TRU.jpg,0,0,0,0,1,0
musa-acuminata-unripe-8d1e5271-1d0a-11ec-a509-d8c4975e38aa-1-_jpg.rf.tTMAn6gcMnA7gopjJseg.jpg,0,0,0,0,1,1
musa-acuminata-banana-b58e925a-394a-11ec-872d-d8c4975e38aa_jpg.rf.u1Y9hak3Fj6SKPCalOky.jpg,1,0,0,1,0,0
musa-acuminata-mold-e4f2f349-1d0a-11ec-a64a-d8c4975e38aa_jpg.rf.tZGyq71GU6mfbBljaqkK.jpg,0,0,1,0,1,0
musa-acuminata-overripe-9c278d2e-1d0a-11ec-b390-d8c4975e38aa_jpg.rf.0BlvhmllKy6X8ghz1LLf.jpg,0,0,1,0,0,0
musa-acuminata-banana-e130f068-394a-11ec-a5f6-d8c4975e38aa_jpg.rf.AJZ82tx1FKbqNeC8lPQf.jpg,1,0,0,1,0,0
musa-acuminata-overripe-9bb9ea15-1d0a-11ec-b4bc-d8c4975e38aa_jpg.rf.ALZ5uj379F5dwJUEF5cQ.jpg,0,0,1,0,0,0
musa-acuminata-rotten-893f9a2e-2653-11ec-a2e0-d8c4975e38aa_jpg.rf.AMXLafyA8DPGFdQClXvW.jpg,0,0,0,0,1,0
musa-acuminata-ripe-946aed38-1d0a-11ec-87c0-d8c4975e38aa_jpg.rf.AQgxPn4PW1CId7DsOtOC.jpg,0,0,0,1,0,0
musa-acuminata-freshunripe-70b786b7-1d0a-11ec-8009-d8c4975e38aa_jpg.rf.ASOERmjPlzrS6ymSjql7.jpg,0,1,0,0,0,0
musa-acuminata-freshunripe-2552857b-2653-11ec-aae2-d8c4975e38aa_jpg.rf.AWa4tGL9PILNqq52yQmZ.jpg,0,1,0,0,0,0
musa-acuminata-banana-caae63b0-394a-11ec-aefd-d8c4975e38aa_jpg.rf.AWhEaUfKZGbbNWPf4SSN.jpg,1,0,0,0,0,0
musa-acuminata-freshunripe-3959453d-2653-11ec-ab80-d8c4975e38aa_jpg.rf.AjAQXBgeUjytmZuxfeyf.jpg,0,1,0,0,0,0
musa-acuminata-rotten-a41afeec-1d0a-11ec-aa48-d8c4975e38aa_jpg.rf.B6PIANPRGMR2Dz0Us0ZX.jpg,0,0,0,0,1,0
musa-acuminata-mold-e1b0bd7a-1d0a-11ec-a43f-d8c4975e38aa_jpg.rf.1472IxERYnUtMRxbpu7y.jpg,0,0,1,0,1,0
musa-acuminata-rotten-86f05e8b-2653-11ec-9182-d8c4975e38aa_jpg.rf.AHzYYGb5vJCRohiyKUBH.jpg,0,0,0,0,1,0
musa-acuminata-freshunripe-7475ac88-1d0a-11ec-b95c-d8c4975e38aa_jpg.rf.AJNhFdS5ZQPXxaUSx0YH.jpg,0,1,0,0,0,0
musa-acuminata-unripe-8f3436ee-1d0a-11ec-ac88-d8c4975e38aa-1-_jpg.rf.BPAYyYSUy2aRWR30KbOA.jpg,0,0,0,0,0,1
musa-acuminata-banana-86ca7a3e-394a-11ec-9c06-d8c4975e38aa_jpg.rf.Ba3QzAKAxlAYLKEPspOv.jpg,0,0,1,0,1,0
musa-acuminata-rotten-a24c9ca0-1d0a-11ec-b965-d8c4975e38aa_jpg.rf.BdQLb7kQhrmfz4ySJHoP.jpg,0,0,0,0,1,0
musa-acuminata-banana-a0a27659-394a-11ec-8ddf-d8c4975e38aa_jpg.rf.Bdws1dwgMnQHbsMk0ruj.jpg,0,0,1,0,0,0
musa-acuminata-freshripe-7a2399c1-1d0a-11ec-ad8f-d8c4975e38aa_jpg.rf.BfgU6NLezaN9AqaI7Jju.jpg,1,0,0,0,0,0
musa-acuminata-unripe-888024d2-1d0a-11ec-b1ac-d8c4975e38aa-1-_jpg.rf.BfnzKMPrU4WrzOWW8FXG.jpg,0,0,0,0,0,1
musa-acuminata-banana-c9de71a7-394a-11ec-ae76-d8c4975e38aa_jpg.rf.Bpa3wfLf4IHe8fgjTOFc.jpg,0,0,0,1,0,0
musa-acuminata-banana-c82c7b78-394a-11ec-b3c8-d8c4975e38aa_jpg.rf.vCIpqIVFUNSY5XjXPyxt.jpg,1,0,0,0,0,0
musa-acuminata-unripe-832cc125-1d0a-11ec-b542-d8c4975e38aa-1-_jpg.rf.AoWmNruCxuAWR1N7oIIg.jpg,0,0,0,0,1,1
musa-acuminata-freshunripe-69cadb9d-1d0a-11ec-a2d5-d8c4975e38aa_jpg.rf.AmKDOra7rEPLqS4wLgR2.jpg,0,1,0,0,0,0
musa-acuminata-unripe-607d28e7-2653-11ec-b94b-d8c4975e38aa---Copy_jpg.rf.BDaiJQq4LZle8pr49eg8.jpg,0,0,0,0,1,0
musa-acuminata-overripe-a111ffd7-1d0a-11ec-b688-d8c4975e38aa_jpg.rf.AkR5FRQKPwWkyquobtD9.jpg,0,0,1,0,1,0
musa-acuminata-banana-e44f8f15-394a-11ec-b2d5-d8c4975e38aa_jpg.rf.AiJ3QEIEuCqOe0Gwg46R.jpg,1,0,0,0,0,0
musa-acuminata-unripe-5b08799f-2653-11ec-9388-d8c4975e38aa---Copy_jpg.rf.BLtdl2a45MCc2gUeH0lP.jpg,0,0,0,0,1,1
musa-acuminata-unripe-60b8bebc-2653-11ec-8dce-d8c4975e38aa---Copy_jpg.rf.BDCkqrupnsWLaMdsdipP.jpg,0,0,0,0,1,1
musa-acuminata-banana-d1034680-4037-11ec-87e0-94b86d66fd1d_jpg.rf.BMKFaGLYQIPhddWt2aIB.jpg,0,0,0,1,0,0
musa-acuminata-unripe-51efe13a-2653-11ec-8cff-d8c4975e38aa---Copy_jpg.rf.DetDwI9ivezxpdnmgu1b.jpg,0,0,0,0,0,1
musa-acuminata-ripe-97d3427b-1d0a-11ec-9e63-d8c4975e38aa_jpg.rf.DrPanq4KQWNMrPYjMnzP.jpg,0,0,0,1,1,0
musa-acuminata-rotten-a24efed0-1d0a-11ec-9575-d8c4975e38aa_jpg.rf.DyILrDEk0lS20XlrDXXz.jpg,0,0,0,0,1,0
musa-acuminata-ripe-6ee1edb6-2653-11ec-a60a-d8c4975e38aa_jpg.rf.E1Ca9tpw6Cnq2a3XvTa1.jpg,0,0,0,1,1,0
musa-acuminata-banana-ea13ac76-394a-11ec-bf32-d8c4975e38aa_jpg.rf.E4A2ZpLVuvMePQsoPOrt.jpg,1,0,0,1,0,0
musa-acuminata-ripe-6d88551b-2653-11ec-a284-d8c4975e38aa_jpg.rf.E5sokv21WdCSlgjGwaxQ.jpg,0,0,0,1,0,0
musa-acuminata-banana-b222b3b5-394a-11ec-b2c6-d8c4975e38aa_jpg.rf.EBdrGw9nuhVgYqZGyDlj.jpg,0,0,0,1,0,0
musa-acuminata-rotten-8fb3ffa3-2653-11ec-bd2f-d8c4975e38aa_jpg.rf.xtghUDeOvuxzLVlRvxSk.jpg,0,0,0,0,1,0
musa-acuminata-mold-e6645ff2-1d0a-11ec-b1f2-d8c4975e38aa_jpg.rf.EHT6fOlcT1Uyeqn3FKng.jpg,0,0,1,0,0,0
musa-acuminata-banana-b1b302f0-394a-11ec-9266-d8c4975e38aa_jpg.rf.EJxBrqR6dt816cnexZDj.jpg,1,0,0,0,0,0
musa-acuminata-rotten-82f4024a-2653-11ec-b0a5-d8c4975e38aa_jpg.rf.BOvZXBEDErr8VWDiwZaJ.jpg,0,0,0,0,1,0
musa-acuminata-banana-95371c34-4037-11ec-885d-94b86d66fd1d_jpg.rf.DaKZQBbRSZ86Ov1IQHHm.jpg,1,0,0,0,0,0
musa-acuminata-rotten-8eb9b199-2653-11ec-8526-d8c4975e38aa_jpg.rf.Bxrmu4ucq9MhTpwj6pqG.jpg,0,0,0,0,1,0
musa-acuminata-banana-87d7c26a-394a-11ec-a12b-d8c4975e38aa_jpg.rf.x2esrUZLPTJSdfcUX7Yw.jpg,0,0,1,0,1,0
musa-acuminata-ripe-6c1484bb-2653-11ec-96b0-d8c4975e38aa_jpg.rf.DbRled1avwpvBpmWa5QV.jpg,0,0,0,1,0,0
musa-acuminata-banana-c5c5afd9-394a-11ec-beb0-d8c4975e38aa_jpg.rf.DailppTyULu9SqyyZriE.jpg,1,0,0,1,0,0
musa-acuminata-banana-ac36f752-394a-11ec-b7f1-d8c4975e38aa_jpg.rf.DdevkSrD8rZHuTgfjnNi.jpg,0,0,1,1,0,0
musa-acuminata-freshunripe-65e1d8a5-1d0a-11ec-8251-d8c4975e38aa_jpg.rf.0NDE7FY48FXZJjte3cUL.jpg,0,1,0,0,0,0
musa-acuminata-banana-a725b444-394a-11ec-9fc1-d8c4975e38aa_jpg.rf.Edv1neYUQWysk2SSy4K5.jpg,0,0,0,0,1,0
musa-acuminata-banana-983e823a-394a-11ec-8605-d8c4975e38aa_jpg.rf.EdvsFXisnuyuBvkypEDp.jpg,0,0,1,0,0,0
musa-acuminata-banana-ed8a8043-394a-11ec-aaf2-d8c4975e38aa_jpg.rf.EflGqaKPVP9PgG50acys.jpg,1,0,0,0,0,0
musa-acuminata-ripe-91a2486d-1d0a-11ec-b784-d8c4975e38aa_jpg.rf.EhDNHaI61Tt6heUGEnYM.jpg,0,0,0,1,0,0
musa-acuminata-unripe-8bd306cd-1d0a-11ec-b937-d8c4975e38aa-1-_jpg.rf.EkR8iRM65y1zmg6kjtuV.jpg,0,0,0,0,0,1
musa-acuminata-overripe-7e9456fe-2653-11ec-96b6-d8c4975e38aa_jpg.rf.EoaYRXf8dv7yUwNto8St.jpg,0,0,1,0,0,0
musa-acuminata-ripe-92019ea5-1d0a-11ec-a565-d8c4975e38aa_jpg.rf.EqzgZmYFTc5vevifaGwl.jpg,0,0,0,1,0,0
musa-acuminata-freshripe-4511fe7f-2653-11ec-8604-d8c4975e38aa_jpg.rf.EtVuqXtBlPexabrwJPtQ.jpg,1,0,0,0,0,0
musa-acuminata-mold-e661fe90-1d0a-11ec-ae4a-d8c4975e38aa_jpg.rf.F9kLrha2TqTH6UMMCtII.jpg,0,0,1,0,0,0
musa-acuminata-freshripe-494e7130-2653-11ec-83f6-d8c4975e38aa_jpg.rf.FFDR7KBPgPX4o2ABtDLd.jpg,1,0,0,0,0,0
musa-acuminata-ripe-716c9a32-2653-11ec-8f3f-d8c4975e38aa_jpg.rf.8UVXhNaHWkbUqkxn5Ozk.jpg,0,0,0,1,1,0
musa-acuminata-unripe-623879e5-2653-11ec-abe3-d8c4975e38aa---Copy_jpg.rf.EMBVwrDntYohkquabxgu.jpg,0,0,0,0,0,1
musa-acuminata-banana-9eb93f16-394a-11ec-b55a-d8c4975e38aa_jpg.rf.EN8jXdB28gQHfy1YPBS0.jpg,0,0,0,0,1,0
musa-acuminata-banana-bac591e9-4037-11ec-bf0c-94b86d66fd1d_jpg.rf.E7vuxVBWs3P2oRT51sX0.jpg,0,1,0,0,0,0
musa-acuminata-rotten-b86a7db8-1d0a-11ec-818d-d8c4975e38aa_jpg.rf.EZTjWmNWscGCNihUSbVN.jpg,0,0,0,0,1,0
musa-acuminata-ripe-6bddb33a-2653-11ec-80c5-d8c4975e38aa_jpg.rf.EWhKTYKem6toWUJbqomx.jpg,0,0,0,1,0,0
musa-acuminata-overripe-9d2dbba0-1d0a-11ec-a52c-d8c4975e38aa_jpg.rf.EdFe5G7ldsYtQAjuSuVy.jpg,0,0,1,0,0,0
musa-acuminata-ripe-74438bc0-2653-11ec-942c-d8c4975e38aa_jpg.rf.EdNGWTlD5Z8HeBqhgNwd.jpg,0,0,0,0,1,0
musa-acuminata-ripe-92387045-1d0a-11ec-8d2d-d8c4975e38aa_jpg.rf.94Wg7UW66ijb9GEkKsUk.jpg,0,0,0,1,0,0
musa-acuminata-rotten-a2647219-1d0a-11ec-b498-d8c4975e38aa_jpg.rf.94nQVanHYoXkazyxwB8p.jpg,0,0,0,0,1,0
musa-acuminata-banana-974b6e6f-394a-11ec-82fa-d8c4975e38aa_jpg.rf.95b6M87Cg37895Ojyv70.jpg,0,0,1,0,1,0
musa-acuminata-mold-e360251e-1d0a-11ec-bd3b-d8c4975e38aa_jpg.rf.98VqZDKlSzSFf1HqGrxZ.jpg,0,0,1,0,0,0
musa-acuminata-freshunripe-2d7a65db-2653-11ec-9d57-d8c4975e38aa_jpg.rf.9C7YhISOr16Fvjn87TRH.jpg,0,1,0,0,0,0
musa-acuminata-overripe-7db203e1-2653-11ec-b1be-d8c4975e38aa_jpg.rf.9F15p09K26GISfsHVlNs.jpg,0,0,1,0,1,0
musa-acuminata-banana-a5f98fab-394a-11ec-9299-d8c4975e38aa_jpg.rf.9F8hMTuL6G8UCngEiPWY.jpg,0,0,1,0,1,0
musa-acuminata-unripe-88d5f27d-1d0a-11ec-90f0-d8c4975e38aa-1-_jpg.rf.9IfHmd7Q5muvonJFCkeu.jpg,0,0,0,0,0,1
musa-acuminata-banana-ecdc89f8-394a-11ec-ab08-d8c4975e38aa_jpg.rf.9P3LU7s7PuDBYtpl5CZB.jpg,1,0,0,1,0,0
musa-acuminata-overripe-9e6f7dc2-1d0a-11ec-a4c3-d8c4975e38aa_jpg.rf.9Qo6cNmwHrxtUDDFx1VF.jpg,0,0,1,0,1,0
musa-acuminata-ripe-972c6b77-1d0a-11ec-ba02-d8c4975e38aa_jpg.rf.9TIHDDgg7MiftuTckEUr.jpg,0,0,0,1,1,0
musa-acuminata-banana-b0f12479-394a-11ec-b99e-d8c4975e38aa_jpg.rf.9YPr2o9zVFvtqN1o9Z1h.jpg,1,0,0,1,0,0
musa-acuminata-freshripe-498ecb6a-2653-11ec-a9cc-d8c4975e38aa_jpg.rf.9aAXsc9HRvpZQW8uI6tP.jpg,1,0,0,0,0,0
musa-acuminata-banana-da8eef98-4037-11ec-9b8b-94b86d66fd1d_jpg.rf.9fyBcOdXVA5WYHJDwvLH.jpg,1,0,0,1,0,0
musa-acuminata-banana-c6c9dd0e-4037-11ec-9d7c-94b86d66fd1d_jpg.rf.9oAINfA9yRO2tyUbaeYm.jpg,0,0,0,1,0,0
musa-acuminata-banana-d1583548-4037-11ec-a13e-94b86d66fd1d_jpg.rf.9qNXT3z1qFF9wcUbWPGz.jpg,0,0,0,1,0,0
musa-acuminata-overripe-9c60c0fc-1d0a-11ec-83ff-d8c4975e38aa_jpg.rf.9qbF2D4X2Ebw9xads3U6.jpg,0,0,1,0,0,0
musa-acuminata-unripe-87eec399-1d0a-11ec-8732-d8c4975e38aa-1-_jpg.rf.8Ueo7qHxD3zkC0Q48eVv.jpg,0,0,0,0,1,1
musa-acuminata-banana-fe56331d-394a-11ec-879f-d8c4975e38aa_jpg.rf.8qOMfA2a6Nk2oi2YfD61.jpg,1,0,0,1,0,0
musa-acuminata-freshunripe-6824e440-1d0a-11ec-be10-d8c4975e38aa_jpg.rf.8nS74x8TO0vytkLXESjB.jpg,0,1,0,0,0,0
musa-acuminata-freshripe-782649a0-1d0a-11ec-8554-d8c4975e38aa_jpg.rf.8oznJ3ESnFCGqzDvUeFR.jpg,1,0,0,0,0,0
musa-acuminata-banana-9f9e7870-394a-11ec-9793-d8c4975e38aa_jpg.rf.93qPWDoOI2pSOHmXZEP7.jpg,0,0,0,0,1,0
musa-acuminata-mold-e63977af-1d0a-11ec-a16f-d8c4975e38aa_jpg.rf.8z0SCZnrBJjIUm2PjZbb.jpg,0,0,1,0,0,0
musa-acuminata-freshunripe-6becefec-1d0a-11ec-9ba7-d8c4975e38aa_jpg.rf.8fAHmpTKxghTGRAxRGVD.jpg,0,1,0,0,0,0
musa-acuminata-unripe-8f7bb7ee-1d0a-11ec-93f4-d8c4975e38aa-1-_jpg.rf.9uwXQou9brC1g2Qxengl.jpg,0,0,0,0,0,1
musa-acuminata-ripe-92255f2d-1d0a-11ec-83ad-d8c4975e38aa_jpg.rf.9vYp2PCsuE5dEWlmBlGa.jpg,0,0,0,1,0,0
musa-acuminata-rotten-8b59c5a8-2653-11ec-a2cf-d8c4975e38aa_jpg.rf.AByPPgXpjg7HaRlOzrJu.jpg,0,0,0,0,1,0
musa-acuminata-mold-e4618ca4-1d0a-11ec-9ca9-d8c4975e38aa_jpg.rf.ACXURCZaiXEtlhkROQSQ.jpg,0,0,1,0,0,0
musa-acuminata-rotten-8fb1b990-2653-11ec-80e7-d8c4975e38aa_jpg.rf.o1TqkXrGk7zWUo7qfKIp.jpg,0,0,0,0,1,0
musa-acuminata-rotten-814ca6bb-2653-11ec-9a00-d8c4975e38aa_jpg.rf.o9BxIGUSd0x6iOYblMmD.jpg,0,0,0,0,1,0
musa-acuminata-ripe-97d5a60b-1d0a-11ec-bc5a-d8c4975e38aa_jpg.rf.oCReLoIv0Lpn60XLXFHE.jpg,0,0,0,1,1,0
musa-acuminata-freshripe-44260719-2653-11ec-8154-d8c4975e38aa_jpg.rf.oRQMVDJhlzNgTqupn4Vi.jpg,1,0,0,0,0,0
musa-acuminata-banana-afe5c3df-4037-11ec-97b1-94b86d66fd1d_jpg.rf.oSTLsfGYJQN4QvX2QiUj.jpg,0,1,0,0,0,1
musa-acuminata-banana-bc3d7419-4037-11ec-adf3-94b86d66fd1d_jpg.rf.ogfdcdFyrcHubHaORqSm.jpg,1,0,0,1,0,0
musa-acuminata-banana-a51bfd70-394a-11ec-ae83-d8c4975e38aa_jpg.rf.okMK9KOyzcrhyKtltnHX.jpg,0,0,0,1,0,0
musa-acuminata-banana-85b84dde-394a-11ec-9f4a-d8c4975e38aa_jpg.rf.p3HmWDQTIcIMRyJutXl6.jpg,0,0,1,0,1,0
musa-acuminata-unripe-87d6edac-1d0a-11ec-a005-d8c4975e38aa-1-_jpg.rf.pMbY9hayrSmrvI4SqXGz.jpg,0,0,0,0,1,1
musa-acuminata-rotten-8ac33a3a-2653-11ec-8f3b-d8c4975e38aa_jpg.rf.pPq9tOEeIsinRLhbi7YU.jpg,0,0,0,0,1,0
musa-acuminata-freshunripe-69e67668-1d0a-11ec-9075-d8c4975e38aa_jpg.rf.pVKpbp3rGGQsISZMekB2.jpg,0,1,0,0,0,0
musa-acuminata-banana-ca756b8c-394a-11ec-bb4a-d8c4975e38aa_jpg.rf.pX12qGoYrlpnawS0laav.jpg,0,0,0,1,0,0
musa-acuminata-rotten-ba2f6aed-1d0a-11ec-9cc0-d8c4975e38aa_jpg.rf.pckNJUH0URHpqu4L3XDm.jpg,0,0,0,0,1,0
musa-acuminata-mold-e5af3c3b-1d0a-11ec-8d46-d8c4975e38aa_jpg.rf.prrCJD7tflxftqX1AmX7.jpg,0,0,1,0,0,0
musa-acuminata-mold-e5e14a2a-1d0a-11ec-9408-d8c4975e38aa_jpg.rf.9tjPZ6JXIvIQ58Dm03wI.jpg,0,0,1,0,0,0
musa-acuminata-freshunripe-6ec7567d-1d0a-11ec-b5dd-d8c4975e38aa_jpg.rf.s8sPi2hZyxsgxyXPLurq.jpg,0,1,0,0,0,0
musa-acuminata-banana-c6630e87-394a-11ec-9cd4-d8c4975e38aa_jpg.rf.sGl2fUo4tdhWGVpXIxPy.jpg,0,0,0,1,0,0
musa-acuminata-overripe-9be26ec9-1d0a-11ec-a958-d8c4975e38aa_jpg.rf.sVxolRjQ2f7Ww3kh1hZ4.jpg,0,0,1,0,0,0
musa-acuminata-unripe-6081ed75-2653-11ec-b5f0-d8c4975e38aa_jpg.rf.sZ3gQ6IqGW62o0ky3pHd.jpg,0,0,0,0,1,0
musa-acuminata-overripe-9c6cabcb-1d0a-11ec-b6be-d8c4975e38aa_jpg.rf.sasLuEKHGOAGloOWBVDu.jpg,0,0,1,0,0,0
musa-acuminata-rotten-8b45c3fc-2653-11ec-a891-d8c4975e38aa_jpg.rf.st1ue6oKeArHAUuPZaPf.jpg,0,0,0,0,1,0
musa-acuminata-rotten-8866be06-2653-11ec-9d14-d8c4975e38aa_jpg.rf.tBgY8DheiOrVxpy7AMMs.jpg,0,0,0,0,1,0
musa-acuminata-unripe-8a74a9ca-1d0a-11ec-9b21-d8c4975e38aa-1-_jpg.rf.tEPAtgAsY2U7w0jDoxfL.jpg,0,1,0,0,0,1
musa-acuminata-rotten-b556ccc4-1d0a-11ec-9cfe-d8c4975e38aa_jpg.rf.tfhFRwMxKGxXzJFMhtA0.jpg,0,0,0,0,1,0
musa-acuminata-freshunripe-63e45b3a-1d0a-11ec-aabb-d8c4975e38aa_jpg.rf.ttIPKHrw8Vw2ARvnXqS9.jpg,0,1,0,0,0,0
musa-acuminata-banana-c0f76b3e-4037-11ec-b9d9-94b86d66fd1d_jpg.rf.q48zLcOHDwOWVvsQ8EiM.jpg,1,0,0,1,0,0
musa-acuminata-freshripe-47b6e09a-2653-11ec-a50b-d8c4975e38aa_jpg.rf.qF7blEq8sfFcY0ehWSrr.jpg,1,0,0,0,0,0
musa-acuminata-banana-fb390fb0-394a-11ec-b2cf-d8c4975e38aa_jpg.rf.qVRLVPLiYGLMuHz3JF7s.jpg,1,0,0,1,0,0
musa-acuminata-mold-e647c494-1d0a-11ec-b111-d8c4975e38aa_jpg.rf.qZ4QP2EF4FgIyaCLx4KE.jpg,0,0,1,0,0,0
musa-acuminata-freshripe-446d878e-2653-11ec-9100-d8c4975e38aa_jpg.rf.rMMIxkWSEu94r4G9WQ38.jpg,1,0,0,0,0,0
musa-acuminata-freshunripe-2f8b8476-2653-11ec-ab13-d8c4975e38aa_jpg.rf.qrRlMoBM3Bp8RwtvNsHu.jpg,0,1,0,0,0,0
musa-acuminata-rotten-85bb249e-2653-11ec-b04d-d8c4975e38aa_jpg.rf.vI4FVeDHIHOFt22PFamL.jpg,0,0,0,0,1,0
musa-acuminata-freshripe-4bb55d7a-2653-11ec-82b4-d8c4975e38aa_jpg.rf.vUtrkNGPcH22nOmOQncj.jpg,1,0,0,0,0,0
musa-acuminata-overripe-9f5dd54f-1d0a-11ec-9a72-d8c4975e38aa_jpg.rf.vWNFUPx8PwuPaMFILiaM.jpg,0,0,1,0,0,0
musa-acuminata-mold-e2afc439-1d0a-11ec-b7ea-d8c4975e38aa_jpg.rf.vgMG9TRN5uzyZFHnFNAn.jpg,0,0,1,0,1,0
musa-acuminata-freshunripe-74ea5160-1d0a-11ec-bc96-d8c4975e38aa_jpg.rf.vmzpatNjwPDGFZaaqmR3.jpg,0,0,0,0,0,1
musa-acuminata-overripe-7ed43f3f-2653-11ec-ae99-d8c4975e38aa_jpg.rf.vpcJDH0cVUKAfIl6doiY.jpg,0,0,1,0,0,0
musa-acuminata-banana-a86bc5ba-394a-11ec-b779-d8c4975e38aa_jpg.rf.u01KI8DzPYQ5tEqn1ywo.jpg,0,0,0,0,1,0
musa-acuminata-ripe-6b5a9c8f-2653-11ec-b18b-d8c4975e38aa_jpg.rf.tkYm8hgVvUwWe2IiDqwV.jpg,0,0,0,1,0,0
musa-acuminata-banana-9a047e1d-394a-11ec-9d73-d8c4975e38aa_jpg.rf.uMRBxQwZePy2IO1ep7yx.jpg,0,0,0,0,1,0
musa-acuminata-freshripe-4facb3ec-2653-11ec-b221-d8c4975e38aa_jpg.rf.ugpm3ZsQsDYwAj8Urhgb.jpg,1,0,0,0,0,0
musa-acuminata-banana-9671cbaa-394a-11ec-b5c2-d8c4975e38aa_jpg.rf.uP2UHnXhGO3WEjfSBSPH.jpg,0,0,1,0,1,0
musa-acuminata-ripe-6e47017d-2653-11ec-93b6-d8c4975e38aa_jpg.rf.theO0LZDqAQLNv7WZ5Bp.jpg,0,0,0,1,1,0
musa-acuminata-banana-8a3594ab-394a-11ec-ac9d-d8c4975e38aa_jpg.rf.uML63Gw4wWBIdDNdYSjF.jpg,0,0,0,0,1,0
musa-acuminata-unripe-8dd5d8a4-1d0a-11ec-b0b5-d8c4975e38aa-1-_jpg.rf.vGRVGCjp5VYtgW2Bg2gV.jpg,0,1,0,0,0,0
musa-acuminata-banana-a82da21b-394a-11ec-8dbc-d8c4975e38aa_jpg.rf.unRsIC9DCNErtfwuqQca.jpg,0,0,0,0,1,0
musa-acuminata-overripe-7f811068-2653-11ec-ae9c-d8c4975e38aa_jpg.rf.yWND5K9WjcapVmettuh2.jpg,0,0,1,0,0,0
musa-acuminata-mold-e61f3fe4-1d0a-11ec-8cbc-d8c4975e38aa_jpg.rf.ytXD6BssXXurfUv8hv2b.jpg,0,0,1,0,0,0
musa-acuminata-ripe-6ba6e19d-2653-11ec-b792-d8c4975e38aa_jpg.rf.zBH9LYk9dxkscuMq6f0K.jpg,0,0,0,1,0,0
musa-acuminata-ripe-98755686-1d0a-11ec-93a2-d8c4975e38aa_jpg.rf.zEj8Mbp75u4zRb6rpfsK.jpg,0,0,0,1,1,0
musa-acuminata-freshunripe-2862aab7-2653-11ec-ad13-d8c4975e38aa_jpg.rf.zh5neEsiCZ0A66rFONRk.jpg,0,1,0,0,0,0
musa-acuminata-banana-b33662fb-394a-11ec-84bd-d8c4975e38aa_jpg.rf.FLRiVRitModVZQKtQMUE.jpg,1,0,0,0,0,0
musa-acuminata-freshunripe-2af21b80-2653-11ec-9a31-d8c4975e38aa_jpg.rf.FQnqAdGrKTSXMhQB6eyQ.jpg,0,1,0,0,0,0
musa-acuminata-banana-c3769ed5-394a-11ec-99d8-d8c4975e38aa_jpg.rf.FeDiuRCEWHlhFTjJUYDf.jpg,0,0,0,1,0,0
musa-acuminata-unripe-81b87a5c-1d0a-11ec-ae70-d8c4975e38aa-1-_jpg.rf.vumPN1b0L5fJqXSBXuCL.jpg,0,0,0,0,0,1
musa-acuminata-banana-835b57db-394a-11ec-85bd-d8c4975e38aa_jpg.rf.wUDVEypnBXMkiaOe2JfK.jpg,0,0,1,0,0,0
musa-acuminata-banana-ea9067c0-394a-11ec-9f6c-d8c4975e38aa_jpg.rf.xGE5hjs6132CXhPdo7II.jpg,1,0,0,1,0,0
musa-acuminata-rotten-b8afd5bd-1d0a-11ec-8233-d8c4975e38aa_jpg.rf.xFteVyfqU5PJPag5LdZo.jpg,0,0,0,0,1,0
musa-acuminata-ripe-6bbeb73b-2653-11ec-9dc9-d8c4975e38aa_jpg.rf.wWZCDCQSpgX3g7Cf2ZLJ.jpg,0,0,0,1,0,0
musa-acuminata-freshripe-7b23460e-1d0a-11ec-9d3d-d8c4975e38aa_jpg.rf.xeGrVfKILPOK9epS5LqX.jpg,1,0,0,0,0,0
musa-acuminata-banana-c45e1172-4037-11ec-ae8a-94b86d66fd1d_jpg.rf.xHP1INniDcTI8W8vnfa8.jpg,0,0,0,1,0,0
musa-acuminata-rotten-b9d16fb1-1d0a-11ec-b2b3-d8c4975e38aa_jpg.rf.xYDLZc3S0h2cwAG9yXH6.jpg,0,0,0,0,1,0
musa-acuminata-banana-bf3d062f-394a-11ec-ba60-d8c4975e38aa_jpg.rf.y94JcdOJ9oiG5tSststm.jpg,1,0,0,1,0,0
musa-acuminata-rotten-8ba3ef8b-2653-11ec-8778-d8c4975e38aa_jpg.rf.y3Z7wI51rjPwYflxwoQP.jpg,0,0,0,0,1,0
musa-acuminata-freshunripe-635c8fdf-1d0a-11ec-bafe-d8c4975e38aa_jpg.rf.G8M14FixnikrsZXWLtnx.jpg,0,1,0,0,0,0
musa-acuminata-rotten-8ec7fdfd-2653-11ec-bf43-d8c4975e38aa_jpg.rf.G9jQ5YhX0NTJieY5G9GH.jpg,0,0,0,0,1,0
musa-acuminata-unripe-6185b97f-2653-11ec-b467-d8c4975e38aa---Copy_jpg.rf.GAX8jsUl3ZtOuFCpIUwt.jpg,0,0,0,0,0,1
musa-acuminata-unripe-87327942-1d0a-11ec-a900-d8c4975e38aa-1-_jpg.rf.GAtyIhhoiirumhTdOf2E.jpg,0,0,0,0,0,1
musa-acuminata-unripe-62197f39-2653-11ec-b520-d8c4975e38aa---Copy_jpg.rf.GDqNi2f0JIaepUH5V5Iv.jpg,0,0,0,0,0,1
musa-acuminata-freshunripe-6b18ac8f-1d0a-11ec-8437-d8c4975e38aa_jpg.rf.GFaIXHbHzDGS4cpZXtk3.jpg,0,1,0,0,0,0
musa-acuminata-freshunripe-2082ff53-2653-11ec-a38d-d8c4975e38aa_jpg.rf.GHq31vH6M1twUNLtlDZp.jpg,0,1,0,0,0,0
musa-acuminata-freshripe-78afa324-1d0a-11ec-8150-d8c4975e38aa_jpg.rf.GIO3IlsN3AsNyshWfoyj.jpg,1,0,0,0,0,0
musa-acuminata-banana-d8c978fd-4037-11ec-8b5a-94b86d66fd1d_jpg.rf.FdcPQHRL2LhCTw0iiqxb.jpg,1,0,0,0,0,0
musa-acuminata-banana-a5045846-394a-11ec-a074-d8c4975e38aa_jpg.rf.FXX0GW1XfX4Z8c7yZFro.jpg,0,0,1,1,0,0
musa-acuminata-overripe-802109ae-2653-11ec-bd16-d8c4975e38aa_jpg.rf.FrBDlEFrfP81sJ2gwnoi.jpg,0,0,1,0,0,0
musa-acuminata-rotten-bb91e4af-1d0a-11ec-b463-d8c4975e38aa_jpg.rf.FqdJAUoVzwyUvFEjfPjc.jpg,0,0,0,0,1,0
musa-acuminata-unripe-5d1271ef-2653-11ec-a8dd-d8c4975e38aa---Copy_jpg.rf.FunjLBPyhY6VmX6LsDKG.jpg,0,0,0,0,1,1
musa-acuminata-banana-aa566076-394a-11ec-80f5-d8c4975e38aa_jpg.rf.FvsFYKjT6nF9kkykQENQ.jpg,0,0,1,0,0,0
musa-acuminata-banana-b65dbaea-4037-11ec-9e85-94b86d66fd1d_jpg.rf.FwXMidPMPuzkzP3zyJrc.jpg,0,1,0,0,0,1
musa-acuminata-freshunripe-2f86c029-2653-11ec-b741-d8c4975e38aa_jpg.rf.H1hZOGqnyk9uK7IFTnpD.jpg,0,1,0,0,0,0
musa-acuminata-unripe-8d76833b-1d0a-11ec-8fdb-d8c4975e38aa-1-_jpg.rf.H4e1wVYF82OEYlcbp1hm.jpg,0,0,0,0,0,1
musa-acuminata-freshunripe-2ef09879-2653-11ec-b645-d8c4975e38aa_jpg.rf.OhRPyvGMDyeVAVMLtq52.jpg,0,1,0,0,0,0
musa-acuminata-rotten-85b9aabd-2653-11ec-98a9-d8c4975e38aa_jpg.rf.OsNGIOVHC2XkVPrc4Z85.jpg,0,0,0,0,1,0
musa-acuminata-banana-de31996f-394a-11ec-8240-d8c4975e38aa_jpg.rf.PJ1u1JDCfwABIG0qwjZx.jpg,0,0,0,1,0,0
musa-acuminata-banana-d0caf4a1-394a-11ec-b951-d8c4975e38aa_jpg.rf.PNOkggL6Xs3HowlfHciE.jpg,0,0,0,1,0,0
musa-acuminata-ripe-981ac33c-1d0a-11ec-9b0e-d8c4975e38aa_jpg.rf.PZPY51O8GT8Bj9oDwe2l.jpg,0,0,0,1,1,0
musa-acuminata-banana-89350a5f-394a-11ec-a0bf-d8c4975e38aa_jpg.rf.G4eMwr6tDWHMJ8Flj8K2.jpg,0,0,0,0,1,0
musa-acuminata-unripe-8cd6d31a-1d0a-11ec-b74d-d8c4975e38aa-1-_jpg.rf.GvvXrw2r0Qiw5Qf480Ac.jpg,0,1,0,0,0,0
musa-acuminata-freshripe-7cb05ff8-1d0a-11ec-b91e-d8c4975e38aa_jpg.rf.GhAEO4tOZNd1iaYjGQTt.jpg,1,0,0,0,0,0
musa-acuminata-ripe-720c4ac3-2653-11ec-94ba-d8c4975e38aa_jpg.rf.GpiUdkB4bDFCiFJrbmJn.jpg,0,0,0,1,1,0
musa-acuminata-ripe-703b8801-2653-11ec-b619-d8c4975e38aa_jpg.rf.GnGyR9a1TPD0FCNM2khj.jpg,0,0,0,0,1,0
musa-acuminata-overripe-9bddaa6f-1d0a-11ec-aa64-d8c4975e38aa_jpg.rf.GuyoTvTMxgKVCcXCEw3c.jpg,0,0,1,0,0,0
musa-acuminata-unripe-908b6c28-1d0a-11ec-b679-d8c4975e38aa-1-_jpg.rf.GwoTObxnFGnbKlsFzE7R.jpg,0,0,0,0,0,1
musa-acuminata-overripe-a1bd9b24-1d0a-11ec-bf58-d8c4975e38aa_jpg.rf.GV06s6sDEbvAS0eO5WwX.jpg,0,0,1,0,0,0
musa-acuminata-banana-bedab5b4-4037-11ec-8e8d-94b86d66fd1d_jpg.rf.GR6Iv5FUspQvcjkWwB2c.jpg,1,0,0,1,0,0
musa-acuminata-ripe-6d58a9f0-2653-11ec-aa5e-d8c4975e38aa_jpg.rf.GtcIkk5jeQ213XQZvqsH.jpg,0,0,0,1,0,0
musa-acuminata-banana-ea11b3fc-394a-11ec-b096-d8c4975e38aa_jpg.rf.RMl80lgo1FFhnx8d6GzK.jpg,1,0,0,1,0,0
musa-acuminata-banana-ab7196c4-394a-11ec-8ce3-d8c4975e38aa_jpg.rf.RZtImHA2ylYI7IZ0EzvD.jpg,0,0,1,1,0,0
musa-acuminata-unripe-57243495-2653-11ec-a224-d8c4975e38aa---Copy_jpg.rf.RkdhiGWKAbmbDmXr8pg8.jpg,0,0,0,0,1,1
musa-acuminata-banana-d3f03186-4037-11ec-850a-94b86d66fd1d_jpg.rf.RmBYxTe3hXdhPN6M7fZb.jpg,1,0,0,0,0,0
musa-acuminata-rotten-bbeac012-1d0a-11ec-8428-d8c4975e38aa_jpg.rf.RmYKyZLdI2H9AgOZNOtw.jpg,0,0,0,0,1,0
musa-acuminata-mold-e65ad5d2-1d0a-11ec-acac-d8c4975e38aa_jpg.rf.RwpfuEvh7Cyh89JsxSIQ.jpg,0,0,1,0,0,0
musa-acuminata-freshunripe-617b30b6-1d0a-11ec-97ff-d8c4975e38aa_jpg.rf.S2J76xc8CDi2bfhwls7Q.jpg,0,1,0,0,0,0
musa-acuminata-unripe-51f242f6-2653-11ec-918b-d8c4975e38aa---Copy_jpg.rf.SEbWBH8C6O9BYGb5OvZt.jpg,0,0,0,0,0,1
musa-acuminata-freshripe-4b180f1f-2653-11ec-a705-d8c4975e38aa_jpg.rf.Q6ddEM0GYu1F8ZKUoHjP.jpg,1,0,0,0,0,0
musa-acuminata-overripe-7b96154b-2653-11ec-be56-d8c4975e38aa_jpg.rf.PQXvp3dxC9S22LkCQ8oY.jpg,0,0,1,0,1,0
musa-acuminata-overripe-9d5fc7c9-1d0a-11ec-ba58-d8c4975e38aa_jpg.rf.QRwYmHveJMSrHSL2Xqm0.jpg,0,0,1,0,0,0
musa-acuminata-ripe-9990f623-1d0a-11ec-8150-d8c4975e38aa_jpg.rf.QFk36tmyiMgvrM69TK5c.jpg,0,0,0,1,1,0
musa-acuminata-banana-c9ebc9b0-394a-11ec-ae35-d8c4975e38aa_jpg.rf.PY9iV4f1HQrYy35M6eXw.jpg,0,0,0,1,0,0
musa-acuminata-banana-c32db615-394a-11ec-9e4a-d8c4975e38aa_jpg.rf.RH7ypSOlpW6t76LiYiRz.jpg,0,0,0,1,0,0
musa-acuminata-freshripe-7796b2d4-1d0a-11ec-a8c8-d8c4975e38aa_jpg.rf.PnDacvgy1aop0XXpofaP.jpg,1,0,0,0,0,0
musa-acuminata-banana-f9e49501-394a-11ec-99e3-d8c4975e38aa_jpg.rf.R3lvjreiNkkE0agvlFB3.jpg,0,0,0,1,0,0
musa-acuminata-overripe-7f1456fc-2653-11ec-a753-d8c4975e38aa_jpg.rf.iUS8b4nRht8mUmTcw5P8.jpg,0,0,1,0,0,0
musa-acuminata-freshripe-4d7572aa-2653-11ec-aa03-d8c4975e38aa_jpg.rf.ietIVMWH5skpDAJWSNwh.jpg,1,0,0,0,0,0
musa-acuminata-freshripe-43dc2558-2653-11ec-92c0-d8c4975e38aa_jpg.rf.igH7ySQ1UIBN8kZQiNyG.jpg,1,0,0,0,0,0
musa-acuminata-banana-c9072b04-4037-11ec-8ccf-94b86d66fd1d_jpg.rf.igg57sBwrbziDSqeI4WN.jpg,0,0,0,1,0,0
musa-acuminata-overripe-7f29c8f7-2653-11ec-ad80-d8c4975e38aa_jpg.rf.iqNd11O4XfbpDz9vCgVX.jpg,0,0,1,0,0,0
musa-acuminata-freshunripe-6e5b180c-1d0a-11ec-ad2e-d8c4975e38aa_jpg.rf.SEfl205c9LGZAgKQME5b.jpg,0,1,0,0,0,0
musa-acuminata-unripe-851ef60d-1d0a-11ec-8aa7-d8c4975e38aa-1-_jpg.rf.SxOIzu2ISmnuCIFO1s0V.jpg,0,0,0,0,1,1
musa-acuminata-freshunripe-64a55fb9-1d0a-11ec-baef-d8c4975e38aa_jpg.rf.Si1rzQyJw1VCr4ipxOmJ.jpg,0,1,0,0,0,0
musa-acuminata-rotten-ae2718fa-1d0a-11ec-af41-d8c4975e38aa_jpg.rf.SPLoGVU4qvdtE1u2WoqM.jpg,0,0,0,0,1,0
musa-acuminata-ripe-6aa3169c-2653-11ec-81cb-d8c4975e38aa_jpg.rf.US0M3Gfz63HFv9aPw2Fs.jpg,0,0,0,1,0,0
musa-acuminata-banana-8c67d199-394a-11ec-9bac-d8c4975e38aa_jpg.rf.WG9d7fD3cjtfJFBWYHKv.jpg,0,0,0,0,1,0
musa-acuminata-ripe-947214fc-1d0a-11ec-be54-d8c4975e38aa_jpg.rf.UVfWKZ0CYKehs6qOzu5C.jpg,0,0,0,1,0,0
musa-acuminata-rotten-81697d5d-2653-11ec-a2d8-d8c4975e38aa_jpg.rf.VA8gbg301L6nXivylBr5.jpg,0,0,0,0,1,0
musa-acuminata-banana-aa486ee3-394a-11ec-96bf-d8c4975e38aa_jpg.rf.W2KkukAPvjh9TxEcI4Nn.jpg,0,0,1,0,0,0
musa-acuminata-banana-f9ec9da9-394a-11ec-a84a-d8c4975e38aa_jpg.rf.m55Ei45rNwoiwF25FdRC.jpg,0,0,0,1,0,0
musa-acuminata-rotten-b6d3c51d-1d0a-11ec-9f4a-d8c4975e38aa_jpg.rf.m7EZ1vFFnlgKWjLJnL6l.jpg,0,0,0,0,1,0
musa-acuminata-banana-cc378bab-394a-11ec-9d80-d8c4975e38aa_jpg.rf.m9T6GjmK1XhSolsQLC54.jpg,1,0,0,0,0,0
musa-acuminata-rotten-832a4ad6-2653-11ec-bcd7-d8c4975e38aa_jpg.rf.mKxKaIxGXR8tHk7QY81j.jpg,0,0,0,0,1,0
musa-acuminata-ripe-6c0637cf-2653-11ec-b8d3-d8c4975e38aa_jpg.rf.mbEAGgah4fwNE43rP8lX.jpg,0,0,0,1,0,0
musa-acuminata-banana-e48317e6-394a-11ec-beae-d8c4975e38aa_jpg.rf.mn8G44FkchMmqW3e8IQu.jpg,0,0,0,1,0,0
musa-acuminata-freshunripe-3b06464f-2653-11ec-940d-d8c4975e38aa_jpg.rf.mvMBaztGFTiDWrtZZljw.jpg,0,1,0,0,0,0
musa-acuminata-rotten-8fb6c301-2653-11ec-8127-d8c4975e38aa_jpg.rf.nSeLS9nzhcvoMTgKkBzv.jpg,0,0,0,0,1,0
musa-acuminata-freshripe-462678b7-2653-11ec-8c1d-d8c4975e38aa_jpg.rf.nYRmv1I8ORVxpnzVwtdt.jpg,1,0,0,0,0,0
musa-acuminata-unripe-8e9e0dc0-1d0a-11ec-a482-d8c4975e38aa-1-_jpg.rf.nyQ84A2uNlrkqIjKjE6H.jpg,0,0,0,0,0,1
musa-acuminata-banana-a7efcb49-394a-11ec-a3d4-d8c4975e38aa_jpg.rf.o6ohMQhAugzhBJvgluPA.jpg,0,0,1,0,0,0
musa-acuminata-banana-d9b58aa6-394a-11ec-84cd-d8c4975e38aa_jpg.rf.oA3LZ73dnoy4BmlCHqL5.jpg,0,0,0,1,0,0
musa-acuminata-overripe-9deec9ea-1d0a-11ec-8ac2-d8c4975e38aa_jpg.rf.lLm7RmkBgd1PV1Hy3N4r.jpg,0,0,1,0,1,0
musa-acuminata-banana-f5c5662a-394a-11ec-b6c9-d8c4975e38aa_jpg.rf.kANlPnrWN92fqoFIKEec.jpg,0,0,0,1,0,0
musa-acuminata-banana-8a1afa2f-394a-11ec-986e-d8c4975e38aa_jpg.rf.jxcksWlCFuGfwOPU5pMV.jpg,0,0,0,0,1,0
musa-acuminata-rotten-84631427-2653-11ec-9c63-d8c4975e38aa_jpg.rf.lNrsRSZoMQrFZLF8yO8c.jpg,0,0,0,0,1,0
musa-acuminata-banana-8f883615-394a-11ec-8a0d-d8c4975e38aa_jpg.rf.llOKugSrsPbC1luv6wgf.jpg,0,0,0,0,1,0
musa-acuminata-banana-fde8ebef-394a-11ec-bae4-d8c4975e38aa_jpg.rf.loDRp92mnrRlsSuIi5A5.jpg,0,0,0,1,0,0
musa-acuminata-banana-8de67900-394a-11ec-826f-d8c4975e38aa_jpg.rf.lpTw7P1qWUCZK9flw3Tw.jpg,0,0,0,0,1,0
musa-acuminata-ripe-92e40ca9-1d0a-11ec-b5f4-d8c4975e38aa_jpg.rf.ldEoD2CpJIBOtpKUpebQ.jpg,0,0,0,1,0,0
musa-acuminata-banana-b0244f29-394a-11ec-9f6a-d8c4975e38aa_jpg.rf.m0t1tXXtkR9S0G9JfUu2.jpg,0,0,0,1,0,0
musa-acuminata-rotten-8181481e-2653-11ec-811a-d8c4975e38aa_jpg.rf.jK9mmCwZ3eZGuNR9MuRX.jpg,0,0,0,0,1,0
musa-acuminata-freshunripe-717a0659-1d0a-11ec-a6d7-d8c4975e38aa_jpg.rf.loEo7dqiz8Gh1UZ48ffy.jpg,0,1,0,0,0,0
musa-acuminata-rotten-ba216fd9-1d0a-11ec-9dfc-d8c4975e38aa_jpg.rf.E5ODaaouolIWy9Mf38PY.jpg,0,0,0,0,1,0
musa-acuminata-banana-b05d4cb8-394a-11ec-9e3d-d8c4975e38aa_jpg.rf.EEiL3OPo0LG1Mokjvxrt.jpg,0,0,0,1,0,0
musa-acuminata-mold-e56c7f5e-1d0a-11ec-ba31-d8c4975e38aa_jpg.rf.EPfZ65HsMqaHJEr9GyYJ.jpg,0,0,1,0,1,0
musa-acuminata-freshunripe-753cda10-1d0a-11ec-ab69-d8c4975e38aa_jpg.rf.ERUgIX89VwnfS49xDPVG.jpg,0,1,0,0,0,0
musa-acuminata-unripe-857bea1d-1d0a-11ec-a43a-d8c4975e38aa-1-_jpg.rf.EdqhIvrkDgU5pmdvkvW7.jpg,0,0,0,0,1,1
musa-acuminata-banana-e070039f-394a-11ec-a3a5-d8c4975e38aa_jpg.rf.Ew6wsjT1qpHo4SOVqoCX.jpg,0,0,0,1,0,0
musa-acuminata-banana-b590d848-394a-11ec-9d1c-d8c4975e38aa_jpg.rf.GE5OWMOPJootwKahB6QU.jpg,1,0,0,1,0,0
musa-acuminata-rotten-bf310d4a-1d0a-11ec-badf-d8c4975e38aa_jpg.rf.GNMIoZ5kPKCjnxwq2Ona.jpg,0,0,0,0,1,0
musa-acuminata-banana-9678770e-394a-11ec-96ae-d8c4975e38aa_jpg.rf.GYl2u28VEoUStBLOU4E6.jpg,0,0,0,1,1,0
musa-acuminata-freshripe-4cb46420-2653-11ec-b7a6-d8c4975e38aa_jpg.rf.GoNUsmFYSiD5nowNHwfZ.jpg,1,0,0,0,0,0
musa-acuminata-overripe-7b915120-2653-11ec-a425-d8c4975e38aa_jpg.rf.GzrBP1WuuGOKn3Vpaxqd.jpg,0,0,1,0,1,0
musa-acuminata-banana-c6cef9c7-394a-11ec-8998-d8c4975e38aa_jpg.rf.o5nn5AQ9mY4J95EqfHZo.jpg,1,0,0,0,0,0
musa-acuminata-ripe-6bfa4cfe-2653-11ec-ae61-d8c4975e38aa_jpg.rf.oe0kZ4xuLVlqQa4fNqLl.jpg,0,0,0,1,0,0
musa-acuminata-mold-e64a290f-1d0a-11ec-ba17-d8c4975e38aa_jpg.rf.K6eDcTWNdgl81MQtjLt0.jpg,0,0,1,0,0,0
musa-acuminata-ripe-6d6bbb1a-2653-11ec-9ca4-d8c4975e38aa_jpg.rf.KDFnAOfeqxEMRXg8NS6u.jpg,0,0,0,1,0,0
musa-acuminata-freshunripe-704f6f47-1d0a-11ec-ba2c-d8c4975e38aa_jpg.rf.KGSuGIpsGFtkg1UzPzn1.jpg,0,1,0,0,0,0
musa-acuminata-freshripe-4a654d9a-2653-11ec-8305-d8c4975e38aa_jpg.rf.KMClluBG6ymNe5aywYeD.jpg,1,0,0,0,0,0
musa-acuminata-overripe-9e33e79e-1d0a-11ec-9174-d8c4975e38aa_jpg.rf.KSF1pQKfadXXPAehZ8uy.jpg,0,0,1,0,1,0
musa-acuminata-overripe-805f472f-2653-11ec-99ce-d8c4975e38aa_jpg.rf.KYfTfQKv8sSITiWcnuQJ.jpg,0,0,1,0,0,0
musa-acuminata-freshunripe-6ac33c46-1d0a-11ec-bc21-d8c4975e38aa_jpg.rf.KmEuinRnJTEoEzqOetbi.jpg,0,1,0,0,0,0
musa-acuminata-freshripe-4a202f09-2653-11ec-80b7-d8c4975e38aa_jpg.rf.IxNxPb0ZpcMimsR0TYSg.jpg,1,0,0,0,0,0
musa-acuminata-banana-a17aedf5-394a-11ec-ae02-d8c4975e38aa_jpg.rf.JCpWSykQrtEoKOMLn19z.jpg,0,0,0,1,0,0
musa-acuminata-banana-da690365-4037-11ec-a060-94b86d66fd1d_jpg.rf.JIIIu0CUmwWL8kbaLn8J.jpg,1,0,0,1,0,0
musa-acuminata-overripe-9bccfb53-1d0a-11ec-a324-d8c4975e38aa_jpg.rf.JNe1yjqyJqiTxdVCZm0H.jpg,0,0,1,0,0,0
musa-acuminata-rotten-855e9ad4-2653-11ec-a977-d8c4975e38aa_jpg.rf.HPsURr8WxVwD7LXv127K.jpg,0,0,0,0,1,0
musa-acuminata-overripe-a0f7c824-1d0a-11ec-8db9-d8c4975e38aa_jpg.rf.HTfIH5vN6nUVf3aQFnlA.jpg,0,0,1,0,0,0
musa-acuminata-unripe-53ad92e7-2653-11ec-b357-d8c4975e38aa---Copy_jpg.rf.HY7DIL8AZnpcP7rxfo1u.jpg,0,0,0,0,0,1
musa-acuminata-freshunripe-3b8e2150-2653-11ec-b2b7-d8c4975e38aa_jpg.rf.IN7zxxSNCrnEXubbBnk8.jpg,0,1,0,0,0,0
musa-acuminata-freshunripe-67c335a4-1d0a-11ec-adec-d8c4975e38aa_jpg.rf.JKwItx4T90L71V2KTeZs.jpg,0,1,0,0,0,0
musa-acuminata-banana-b2212fa6-394a-11ec-8571-d8c4975e38aa_jpg.rf.IanEO6AMmcbQKYHLIcUv.jpg,0,0,0,1,0,0
musa-acuminata-freshripe-7ba08c2a-1d0a-11ec-94da-d8c4975e38aa_jpg.rf.JAndHVFX4m4hCQ30XLC8.jpg,1,0,0,0,0,0
musa-acuminata-banana-ff019954-394a-11ec-9e7f-d8c4975e38aa_jpg.rf.IBF1uUYhSaevKJ0Q057L.jpg,1,0,0,1,0,0
musa-acuminata-overripe-9e8e79bc-1d0a-11ec-9788-d8c4975e38aa_jpg.rf.Jh6jjx7dvwIep1o02xW3.jpg,0,0,1,0,1,0
musa-acuminata-banana-a8e1b2d2-394a-11ec-8055-d8c4975e38aa_jpg.rf.IzHuCV892QDkOQIhjYgk.jpg,0,0,1,0,1,0
musa-acuminata-banana-9be6792c-394a-11ec-b4b7-d8c4975e38aa_jpg.rf.ICyjYvMiDwN15h7tWAe2.jpg,0,0,0,0,1,0
musa-acuminata-mold-e358fe9b-1d0a-11ec-9147-d8c4975e38aa_jpg.rf.IIkOTKHJhHxDrUqDaNbm.jpg,0,0,1,0,1,0
musa-acuminata-freshripe-44724c1b-2653-11ec-b724-d8c4975e38aa_jpg.rf.JQz1E7I9iIAfDaEfb5BF.jpg,1,0,0,0,0,0
musa-acuminata-banana-a9192b22-394a-11ec-978b-d8c4975e38aa_jpg.rf.JSe99YIZr0XfjaMSVxQg.jpg,0,0,1,0,1,0
musa-acuminata-banana-c3464871-4037-11ec-b24a-94b86d66fd1d_jpg.rf.JV9YkNxuuG6RSwsBKM8Y.jpg,0,0,0,1,0,0
musa-acuminata-banana-a67927f1-394a-11ec-8ba8-d8c4975e38aa_jpg.rf.JZIwtFzulnEwHSTSMSkP.jpg,0,0,1,0,1,0
musa-acuminata-banana-f0528015-394a-11ec-8382-d8c4975e38aa_jpg.rf.JajPkNdX5S0PtnfcVWyk.jpg,0,0,0,1,0,0
musa-acuminata-overripe-7ff8f166-2653-11ec-882e-d8c4975e38aa_jpg.rf.Jb9HYRTBTXIA1KZHCNeZ.jpg,0,0,1,0,0,0
musa-acuminata-banana-c7a333e1-394a-11ec-adba-d8c4975e38aa_jpg.rf.Jfchrg7f6Btgqdzgom7U.jpg,0,0,0,1,0,0
musa-acuminata-overripe-74d28e6f-2653-11ec-a1c3-d8c4975e38aa_jpg.rf.JqvHN2pJUOmEEznI6iCj.jpg,0,0,1,0,0,0
musa-acuminata-rotten-bfcacc65-1d0a-11ec-885c-d8c4975e38aa_jpg.rf.JroWkWdrWCPzNbo2TKsK.jpg,0,0,0,0,1,0
musa-acuminata-banana-eca2b739-394a-11ec-b779-d8c4975e38aa_jpg.rf.JwBK8kqdcff4QZIe3OEC.jpg,1,0,0,0,0,0
musa-acuminata-overripe-a03ddfe3-1d0a-11ec-9901-d8c4975e38aa_jpg.rf.K0NlzKCxOmZMquV8edme.jpg,0,0,1,0,1,0
musa-acuminata-banana-b3f0ea0c-394a-11ec-8a92-d8c4975e38aa_jpg.rf.K3QAH5Lt5DtZDYmi0nkB.jpg,0,0,0,1,0,0
musa-acuminata-unripe-85fc9e88-1d0a-11ec-980d-d8c4975e38aa-1-_jpg.rf.KFSYI5ZHcQtVF96uyftl.jpg,0,0,0,0,1,1
musa-acuminata-banana-aafb904f-4037-11ec-92b5-94b86d66fd1d_jpg.rf.JPeXQzMIUIGZgyidJoN7.jpg,1,0,0,0,0,0
musa-acuminata-banana-b693f063-394a-11ec-9889-d8c4975e38aa_jpg.rf.JQhaGCFgDlk9S2CYzYwt.jpg,1,0,0,1,1,0
musa-acuminata-rotten-a9f41a5a-1d0a-11ec-b613-d8c4975e38aa_jpg.rf.Kl3eEuovhpbn0sgd6g9l.jpg,0,0,0,0,1,0
musa-acuminata-ripe-93730ced-1d0a-11ec-8e7e-d8c4975e38aa_jpg.rf.H8SNbK3l3e4OAFZHU5Ek.jpg,0,0,0,1,0,0
musa-acuminata-unripe-85772654-1d0a-11ec-b372-d8c4975e38aa-1-_jpg.rf.HAbaKcHkFwsY7UppLOoD.jpg,0,0,0,0,0,1
musa-acuminata-unripe-59080b9d-2653-11ec-ad5a-d8c4975e38aa---Copy_jpg.rf.KLivU9OYZhrwvk3tdTk6.jpg,0,0,0,0,1,1
musa-acuminata-banana-c2764b6e-394a-11ec-894d-d8c4975e38aa_jpg.rf.KHVfHoQseSOIEJtgDbli.jpg,0,0,0,1,0,0
musa-acuminata-unripe-8f7e1861-1d0a-11ec-b781-d8c4975e38aa-1-_jpg.rf.KNB0TpMs0kk3NfaLYGbN.jpg,0,0,0,0,0,1
musa-acuminata-freshripe-4d4f501a-2653-11ec-989c-d8c4975e38aa_jpg.rf.KPzoNqm35mczL2IAXaAq.jpg,1,0,0,0,0,0
musa-acuminata-rotten-a5212c20-1d0a-11ec-8718-d8c4975e38aa_jpg.rf.K4grmsWvPp7FUqnKb9tg.jpg,0,0,0,0,1,0
musa-acuminata-banana-d97efe6d-4037-11ec-8800-94b86d66fd1d_jpg.rf.K6BiQMp75turcAYFmF81.jpg,0,0,0,1,0,0
musa-acuminata-freshripe-4a29b795-2653-11ec-b1e2-d8c4975e38aa_jpg.rf.Kgwqz94fzqcEQjyY7wVv.jpg,1,0,0,0,0,0
musa-acuminata-banana-b4b1d166-394a-11ec-b3cc-d8c4975e38aa_jpg.rf.KdqtNyIFFUZ5eVJckgXd.jpg,1,0,0,0,0,0
musa-acuminata-banana-fa465c6a-394a-11ec-a842-d8c4975e38aa_jpg.rf.KevjOEMYUfyE8TqTCKDR.jpg,0,0,0,1,0,0
musa-acuminata-ripe-98709319-1d0a-11ec-96f0-d8c4975e38aa_jpg.rf.KfPb9L4lGzD08ZZbtk0A.jpg,0,0,0,1,1,0
musa-acuminata-banana-86c0528c-394a-11ec-9f42-d8c4975e38aa_jpg.rf.IAuueR2sPQE5dAq0GD6t.jpg,0,0,1,0,1,0
musa-acuminata-banana-d5a27632-4037-11ec-97b5-94b86d66fd1d_jpg.rf.HIxhIeByv5ebOduDawVe.jpg,0,0,0,1,0,0
musa-acuminata-rotten-87c874fd-2653-11ec-89fd-d8c4975e38aa_jpg.rf.HLKuKdEOauQ2OxFgrASZ.jpg,0,0,0,0,1,0
musa-acuminata-freshunripe-6705cdaf-1d0a-11ec-97b5-d8c4975e38aa_jpg.rf.HNDbDCF4kX042JyYLEBv.jpg,0,1,0,0,0,0
musa-acuminata-freshunripe-6df81932-1d0a-11ec-afbb-d8c4975e38aa_jpg.rf.HcVZyxP7BN4HJvywo1LE.jpg,0,1,0,0,0,0
musa-acuminata-rotten-aa00051b-1d0a-11ec-96af-d8c4975e38aa_jpg.rf.I06rP62Vv3BiUiba2736.jpg,0,0,0,0,1,0
musa-acuminata-ripe-6b478b79-2653-11ec-b3b2-d8c4975e38aa_jpg.rf.Hi51d0fygjagJ4hoyduZ.jpg,0,0,0,1,0,0
musa-acuminata-ripe-6dea0d9d-2653-11ec-921c-d8c4975e38aa_jpg.rf.Hh9ifjLdfuN5VlxfRaYs.jpg,0,0,0,1,1,0
musa-acuminata-unripe-87e79c88-1d0a-11ec-8810-d8c4975e38aa-1-_jpg.rf.HTwDsyNAi2JieNX0I3sB.jpg,0,0,0,0,0,1
musa-acuminata-rotten-88682267-2653-11ec-baf1-d8c4975e38aa_jpg.rf.HvL0cpmdHLYlTrlt1nLo.jpg,0,0,0,0,1,0
musa-acuminata-banana-8ed12464-394a-11ec-b549-d8c4975e38aa_jpg.rf.I56cB8N7l8td87luwRfW.jpg,0,0,1,0,1,0
musa-acuminata-rotten-813efdca-2653-11ec-9f10-d8c4975e38aa_jpg.rf.I95e6ymOFHWUGMonLyr8.jpg,0,0,0,0,1,0
musa-acuminata-freshripe-4e95d962-2653-11ec-97f5-d8c4975e38aa_jpg.rf.ICa2oQ5ybfJUHTdoC5Qv.jpg,1,0,0,0,0,0
musa-acuminata-rotten-b6656a8f-1d0a-11ec-b7cd-d8c4975e38aa_jpg.rf.I5skLJ1JDdWDtskbOdoV.jpg,0,0,0,0,1,0
musa-acuminata-unripe-805117e4-1d0a-11ec-bfe3-d8c4975e38aa_jpg.rf.INlN2myxaIbI3CyqEYhP.jpg,0,0,0,0,1,1
musa-acuminata-freshripe-7e6bd389-1d0a-11ec-bdf2-d8c4975e38aa_jpg.rf.IE1lWYp2nXFvvaPg9K31.jpg,1,0,0,0,0,0
musa-acuminata-rotten-8c3ef9bd-2653-11ec-8a71-d8c4975e38aa_jpg.rf.IJptbFLwScWdly9gNuXh.jpg,0,0,0,0,1,0
musa-acuminata-ripe-94e6dd45-1d0a-11ec-9618-d8c4975e38aa_jpg.rf.IYoy9fGbPIYHEuvMKiGa.jpg,0,0,0,1,0,0
musa-acuminata-banana-a30983e3-4037-11ec-b410-94b86d66fd1d_jpg.rf.IYRBbo4RVz6UH9bKTTDs.jpg,0,0,0,1,0,0
musa-acuminata-banana-ce4295d3-394a-11ec-a28c-d8c4975e38aa_jpg.rf.IEZQIlqTliD8BEIpEaaT.jpg,0,0,0,1,0,0
musa-acuminata-rotten-810dbe94-2653-11ec-911e-d8c4975e38aa_jpg.rf.yxQv04hKhFWDGlTHeyr1.jpg,0,0,0,0,1,0
musa-acuminata-unripe-8568d9ff-1d0a-11ec-a3b2-d8c4975e38aa-1-_jpg.rf.ycs06xeGXtTzz5JbPzDq.jpg,0,0,0,0,1,1
musa-acuminata-ripe-71bb4179-2653-11ec-ab1f-d8c4975e38aa_jpg.rf.u7TyjbxWelgwRc2T2DJW.jpg,0,0,0,1,1,0
musa-acuminata-banana-f19ad538-394a-11ec-9059-d8c4975e38aa_jpg.rf.uAmmWnoeTRGpriYGMdOI.jpg,1,0,0,1,0,0
musa-acuminata-banana-91b3c963-394a-11ec-a5e6-d8c4975e38aa_jpg.rf.ummgos1f0sgyydvxeOMF.jpg,0,0,1,0,0,0
musa-acuminata-rotten-ba27de1d-1d0a-11ec-abfa-d8c4975e38aa_jpg.rf.t98g9Se5HJ6tjipaFIiT.jpg,0,0,0,0,1,0
musa-acuminata-ripe-98e55cbf-1d0a-11ec-81b7-d8c4975e38aa_jpg.rf.tbgPKeFJI6XZvjugvBMQ.jpg,0,0,0,1,1,0
musa-acuminata-ripe-6b17e059-2653-11ec-b3db-d8c4975e38aa_jpg.rf.uMswTi2gkPH0wTLaNcK9.jpg,0,0,0,1,0,0
musa-acuminata-freshunripe-32247de0-2653-11ec-a312-d8c4975e38aa_jpg.rf.v5NcS8nVzUxxy57pZyia.jpg,0,1,0,0,0,0
musa-acuminata-banana-a1133d17-394a-11ec-95a3-d8c4975e38aa_jpg.rf.uqA2SHHzjcBUDpHm1GuC.jpg,0,0,1,0,1,0
musa-acuminata-banana-fa40e65a-394a-11ec-a7d3-d8c4975e38aa_jpg.rf.vAznph7hC8m1vsPBAijY.jpg,0,0,0,1,0,0
musa-acuminata-freshunripe-2bc178d6-2653-11ec-9622-d8c4975e38aa_jpg.rf.v6pi7uuEGY4C00Al8gmi.jpg,0,1,0,0,0,0
musa-acuminata-mold-e5f1f6e4-1d0a-11ec-ada5-d8c4975e38aa_jpg.rf.sysaYbqVXmX9XrafnlWo.jpg,0,0,1,0,0,0
musa-acuminata-freshunripe-3411dd4d-2653-11ec-9302-d8c4975e38aa_jpg.rf.tI9TgTZxkbtaB7N5KYsG.jpg,0,1,0,0,0,0
musa-acuminata-rotten-beacfa48-1d0a-11ec-a89a-d8c4975e38aa_jpg.rf.ut6SQiMsZjZz56ttiM3G.jpg,0,0,0,0,1,0
musa-acuminata-rotten-b2fc6bb5-1d0a-11ec-a2d1-d8c4975e38aa_jpg.rf.vHX8e08TtjF3o9Im88wC.jpg,0,0,0,0,1,0
musa-acuminata-freshunripe-70b033d5-1d0a-11ec-8d75-d8c4975e38aa_jpg.rf.vSgglDIBkYZLOvi5394o.jpg,0,1,0,0,0,0
musa-acuminata-banana-9ee9856d-4037-11ec-b5ef-94b86d66fd1d_jpg.rf.zpAxcNfogN8k8K1s7XvX.jpg,0,0,0,1,0,0
musa-acuminata-banana-b3f91939-394a-11ec-9512-d8c4975e38aa_jpg.rf.vPXSn2OPQgo2rCB4pEs9.jpg,0,0,0,1,0,0
musa-acuminata-unripe-8c267394-1d0a-11ec-8f24-d8c4975e38aa-1-_jpg.rf.vIzNKS9Ooxf7ziAE71Kx.jpg,0,0,0,0,0,1
musa-acuminata-banana-a475336a-394a-11ec-8ec1-d8c4975e38aa_jpg.rf.vWRXEdG5hf2FA8vGe8Jp.jpg,0,0,1,0,0,0
musa-acuminata-banana-8e8b8f55-394a-11ec-a283-d8c4975e38aa_jpg.rf.vTxZbr2cmaqjO1S92sPl.jpg,0,0,1,0,1,0
musa-acuminata-banana-bf3ba7c8-394a-11ec-9301-d8c4975e38aa_jpg.rf.vdH3gaNkD6QgJ4o7u96e.jpg,1,0,0,1,0,0
musa-acuminata-ripe-929c8ad2-1d0a-11ec-aa7e-d8c4975e38aa_jpg.rf.vdLC9sbvzOWc05B8GedD.jpg,0,0,0,1,0,0
musa-acuminata-banana-844c8dc6-394a-11ec-a07f-d8c4975e38aa_jpg.rf.vXx70OLyTl8RkXHaTokl.jpg,0,0,1,0,1,0
musa-acuminata-banana-e69f57e8-394a-11ec-8f53-d8c4975e38aa_jpg.rf.vp1aL88AdzT2ckQaHy1u.jpg,0,0,0,1,0,0
musa-acuminata-overripe-80b57125-2653-11ec-bf0a-d8c4975e38aa_jpg.rf.wNXVjyUCGVUy8k6rUbZ0.jpg,0,0,1,0,1,0
musa-acuminata-banana-b5cefd24-394a-11ec-8f7c-d8c4975e38aa_jpg.rf.Z9xhFVyGyHoWCtB9az8N.jpg,1,0,0,1,1,0
musa-acuminata-banana-9a05b33c-394a-11ec-a3d4-d8c4975e38aa_jpg.rf.wWNhrlYc0ZTEscchQybl.jpg,0,0,0,0,1,0
musa-acuminata-mold-e61a7bb0-1d0a-11ec-89c7-d8c4975e38aa_jpg.rf.Zzp4t41vyH6jnIOxfAvR.jpg,0,0,1,0,0,0
musa-acuminata-banana-e8d8d963-394a-11ec-93cc-d8c4975e38aa_jpg.rf.ZMOR9EKx34mmBc2lcTme.jpg,0,0,0,1,0,0
musa-acuminata-ripe-942a92ee-1d0a-11ec-a379-d8c4975e38aa_jpg.rf.ZR3dz9Pv8HYbku7XNxoR.jpg,0,0,0,1,0,0
musa-acuminata-rotten-82197bd7-2653-11ec-a39c-d8c4975e38aa_jpg.rf.Zbf0LkH88roDKBmpKk2e.jpg,0,0,0,0,1,0
musa-acuminata-rotten-8d8abf59-2653-11ec-8e5c-d8c4975e38aa_jpg.rf.ZuLq0OgF02XbxfDy07fY.jpg,0,0,0,0,1,0
musa-acuminata-unripe-628720f1-2653-11ec-bdcc-d8c4975e38aa_jpg.rf.ZqMA47oguRjBKltAcqGb.jpg,0,0,0,0,0,1
musa-acuminata-overripe-7f9a069f-2653-11ec-83b8-d8c4975e38aa_jpg.rf.aISYhQjNrzWTFubWd0Km.jpg,0,0,1,0,0,0
musa-acuminata-unripe-81b61831-1d0a-11ec-90f1-d8c4975e38aa-1-_jpg.rf.aQ7dNA5YRfLEYlPf5kcV.jpg,0,0,0,0,1,1
musa-acuminata-unripe-83d1377a-1d0a-11ec-9bc9-d8c4975e38aa-1-_jpg.rf.aRtZXBcJiR9Bj5zqOiCG.jpg,0,0,0,0,0,1
musa-acuminata-overripe-7e314d1a-2653-11ec-a715-d8c4975e38aa_jpg.rf.ynKUu3j6UuAHrPPC2bkP.jpg,0,0,1,0,0,0
musa-acuminata-ripe-707e42a9-2653-11ec-94b4-d8c4975e38aa_jpg.rf.a6h4rmo5FChQAfuF1cO7.jpg,0,0,0,0,1,0
musa-acuminata-rotten-875bf8cb-2653-11ec-af27-d8c4975e38aa_jpg.rf.tcSEJoe5qWz2Px0FF25u.jpg,0,0,0,0,1,0
musa-acuminata-overripe-9d6e14dd-1d0a-11ec-8368-d8c4975e38aa_jpg.rf.apzX3zg1oWWdECXcjqpc.jpg,0,0,1,0,0,0
musa-acuminata-ripe-9b916588-1d0a-11ec-9b9e-d8c4975e38aa_jpg.rf.abA1R6K8QBaCk9Cn55S3.jpg,0,0,0,1,1,0
musa-acuminata-mold-e2cec178-1d0a-11ec-a80c-d8c4975e38aa_jpg.rf.afGdKQ6SXdZXt6SaWvhs.jpg,0,0,1,0,0,0
musa-acuminata-freshunripe-7307ef22-1d0a-11ec-a730-d8c4975e38aa_jpg.rf.ahhGf3ONoN2bhBXU38Ge.jpg,0,1,0,0,0,0
musa-acuminata-banana-ad460c01-394a-11ec-9268-d8c4975e38aa_jpg.rf.b1AOMFWGvPY5DA26uYzX.jpg,0,0,1,1,1,0
musa-acuminata-freshripe-4463ffa7-2653-11ec-99b3-d8c4975e38aa_jpg.rf.b9M8RAmRS9rq56w5wnPz.jpg,1,0,0,0,0,0
musa-acuminata-mold-e220c423-1d0a-11ec-958a-d8c4975e38aa_jpg.rf.yk1CwSzcwn258uC5wErz.jpg,0,0,1,0,1,0
musa-acuminata-ripe-930569aa-1d0a-11ec-b431-d8c4975e38aa_jpg.rf.zoyUOOZTdgzPxTS6XcTu.jpg,0,0,0,1,0,0
musa-acuminata-banana-e7495583-394a-11ec-9da6-d8c4975e38aa_jpg.rf.c7x9S5ltdN5xvBN8zZN2.jpg,0,0,0,1,0,0
musa-acuminata-freshripe-4c1bda4a-2653-11ec-9280-d8c4975e38aa_jpg.rf.bFeKpte9JMl3Uh40tNli.jpg,1,0,0,0,0,0
musa-acuminata-freshunripe-69781957-1d0a-11ec-a07c-d8c4975e38aa_jpg.rf.bf0Y8YkV2tdE4FDQN5FE.jpg,0,1,0,0,0,0
musa-acuminata-overripe-9cefc262-1d0a-11ec-b996-d8c4975e38aa_jpg.rf.bRZZqG8x1w7GALxBlXlU.jpg,0,0,1,0,0,0
musa-acuminata-banana-cc352015-394a-11ec-bfd5-d8c4975e38aa_jpg.rf.bgSDeBG2P5eCxBhEOkxb.jpg,1,0,0,0,0,0
musa-acuminata-banana-8e3ab622-394a-11ec-a2ef-d8c4975e38aa_jpg.rf.c4eeEHCtsyNQEusCcWda.jpg,0,0,0,0,1,0
musa-acuminata-banana-850f0785-394a-11ec-8f93-d8c4975e38aa_jpg.rf.bzTMrbgcWiKkFfnOE13P.jpg,0,0,1,0,1,0
musa-acuminata-freshunripe-6271568c-1d0a-11ec-b967-d8c4975e38aa_jpg.rf.bu6HsAHe4jcl4tV39Zoh.jpg,0,1,0,0,0,0
musa-acuminata-rotten-bd10894c-1d0a-11ec-a605-d8c4975e38aa_jpg.rf.zaBUJWUUm3f6VrHSxTe9.jpg,0,0,0,0,1,0
musa-acuminata-banana-a24e638a-4037-11ec-b543-94b86d66fd1d_jpg.rf.cTAmexGDY7LaSZAvzprq.jpg,0,0,0,1,0,0
musa-acuminata-overripe-7d5f8503-2653-11ec-971b-d8c4975e38aa_jpg.rf.u1P8ewWoLe8MrrHeJXIw.jpg,0,0,1,0,1,0
musa-acuminata-banana-b2eb7b00-394a-11ec-a70e-d8c4975e38aa_jpg.rf.cVOgFTNjtiNaLoKTfnKj.jpg,1,0,0,0,0,0
musa-acuminata-rotten-a2051bc8-1d0a-11ec-b16d-d8c4975e38aa_jpg.rf.cduOUJiDJ3bv6RNchPKu.jpg,0,0,0,0,1,0
musa-acuminata-freshripe-7c2b1a97-1d0a-11ec-83ba-d8c4975e38aa_jpg.rf.tjqmJgiDFSpmTqEhaXDK.jpg,1,0,0,0,0,0
musa-acuminata-freshripe-7c6fc651-1d0a-11ec-99bb-d8c4975e38aa_jpg.rf.oeqoOLZE3P2yKQi8fcU6.jpg,1,0,0,0,0,0
musa-acuminata-banana-89dc2761-394a-11ec-b839-d8c4975e38aa_jpg.rf.oqGLqcA2fd1panQkN4DZ.jpg,0,0,0,0,1,0
musa-acuminata-banana-be7c7e7b-4037-11ec-b7f9-94b86d66fd1d_jpg.rf.cKwMpugRILhFu37VlIZ8.jpg,1,0,0,1,0,0
musa-acuminata-banana-b05bef76-394a-11ec-8ce7-d8c4975e38aa_jpg.rf.cT7yhQzOkPvwLfbemjug.jpg,0,0,0,1,0,0
musa-acuminata-banana-c1b63360-4037-11ec-9e2c-94b86d66fd1d_jpg.rf.pEeEppbKii5B5fjQEZXD.jpg,0,0,0,1,0,0
musa-acuminata-rotten-ab31286a-1d0a-11ec-bdfe-d8c4975e38aa_jpg.rf.pFUIlLvsghVLey9QBcr3.jpg,0,0,0,0,1,0
musa-acuminata-overripe-a173b850-1d0a-11ec-a57a-d8c4975e38aa_jpg.rf.pNEdVAzB3sIY3S9I1Fyu.jpg,0,0,1,0,1,0
musa-acuminata-overripe-9f69c003-1d0a-11ec-a06d-d8c4975e38aa_jpg.rf.pRw2M62rDsPm9SYn4zbZ.jpg,0,0,1,0,0,0
musa-acuminata-ripe-73df7136-2653-11ec-803a-d8c4975e38aa_jpg.rf.pSu9etZfz69aXJHiHZUu.jpg,0,0,0,0,1,0
musa-acuminata-banana-b3baa6db-394a-11ec-b363-d8c4975e38aa_jpg.rf.pZeXDtPDYNwwFqcWILJz.jpg,1,0,0,0,0,0
musa-acuminata-ripe-6b55d84a-2653-11ec-ba65-d8c4975e38aa_jpg.rf.pjIrwyoNRfbXtKKU4tYK.jpg,0,0,0,1,0,0
musa-acuminata-ripe-9518ebde-1d0a-11ec-8439-d8c4975e38aa_jpg.rf.pq6cyESr5A15Xr6LaNLh.jpg,0,0,0,1,0,0
musa-acuminata-banana-a6378c47-394a-11ec-85b6-d8c4975e38aa_jpg.rf.zXbTaxAX6YtQqG6cTAz4.jpg,0,0,1,0,1,0
musa-acuminata-mold-e1a4d2b8-1d0a-11ec-af1f-d8c4975e38aa_jpg.rf.p3CgCtuOLi8AXYVwI18U.jpg,0,0,1,0,0,0
musa-acuminata-ripe-94fc50b2-1d0a-11ec-9260-d8c4975e38aa_jpg.rf.p1poaNKHVQwGKS7kPDFG.jpg,0,0,0,1,0,0
musa-acuminata-overripe-9f3a14d6-1d0a-11ec-b59a-d8c4975e38aa_jpg.rf.p3e2nXfk9O393AtqByDA.jpg,0,0,1,0,1,0
musa-acuminata-freshunripe-1f124cf3-2653-11ec-b5f4-d8c4975e38aa_jpg.rf.p24Q66ljnbfZaruZzZ3L.jpg,0,1,0,0,0,0
musa-acuminata-rotten-bf38cac5-1d0a-11ec-b7c2-d8c4975e38aa_jpg.rf.qexhKSYvMilfbQNhrY1a.jpg,0,0,0,0,1,0
musa-acuminata-banana-c0396206-4037-11ec-b241-94b86d66fd1d_jpg.rf.qgZROYfiUblPXGH0nSVB.jpg,1,0,0,1,0,0
musa-acuminata-overripe-9ca841ce-1d0a-11ec-b12e-d8c4975e38aa_jpg.rf.qpON7c92SRZhXyYXgem7.jpg,0,0,1,0,0,0
musa-acuminata-banana-bd8a73c7-4037-11ec-a3c6-94b86d66fd1d_jpg.rf.r2j07y5LPvxPcOG6oaoK.jpg,1,0,0,1,0,0
musa-acuminata-banana-b05ea9dc-394a-11ec-867a-d8c4975e38aa_jpg.rf.r659fcwYrEa24UOQovuT.jpg,0,0,0,1,0,0
musa-acuminata-ripe-6bb52e9c-2653-11ec-ba18-d8c4975e38aa_jpg.rf.rESF31zF3wiBf4aIhupA.jpg,0,0,0,1,0,0
musa-acuminata-mold-e4ebc9ba-1d0a-11ec-9cbb-d8c4975e38aa_jpg.rf.rJtYJItHKlwENTWh4XGj.jpg,0,0,1,0,1,0
musa-acuminata-unripe-8b22a738-1d0a-11ec-bab8-d8c4975e38aa-1-_jpg.rf.s76mBJkwZGI8yU3jU09C.jpg,0,1,0,0,0,1
musa-acuminata-banana-a73248ce-394a-11ec-95f1-d8c4975e38aa_jpg.rf.sL2KIcp3rcCDCcxrCdVQ.jpg,0,0,0,0,1,0
musa-acuminata-rotten-a51ec9f3-1d0a-11ec-b6cf-d8c4975e38aa_jpg.rf.sSDP11sj1dlyZALgokjL.jpg,0,0,0,0,1,0
musa-acuminata-freshripe-4d41035e-2653-11ec-89ea-d8c4975e38aa_jpg.rf.sYwLfzfxrZEQAlDLjkfB.jpg,1,0,0,0,0,0
musa-acuminata-banana-ce44175c-394a-11ec-9ec4-d8c4975e38aa_jpg.rf.qScFc4ASWJskdlyMnOQP.jpg,0,0,0,1,0,0
musa-acuminata-banana-a464ca0a-4037-11ec-a865-94b86d66fd1d_jpg.rf.qG0ItxF31ro8LDGBP2bK.jpg,1,0,0,0,0,0
musa-acuminata-unripe-5c1f561c-2653-11ec-b530-d8c4975e38aa---Copy_jpg.rf.sfCVI64BA8rWHZXK9xoj.jpg,0,0,0,0,1,1
musa-acuminata-unripe-809170be-1d0a-11ec-b054-d8c4975e38aa_jpg.rf.02fSku5aqaHi5QF3hvgh.jpg,0,0,0,0,1,1
musa-acuminata-unripe-81c46524-1d0a-11ec-b332-d8c4975e38aa-1-_jpg.rf.08786sqLxX3Pe8GLQAxa.jpg,0,0,0,0,0,1
musa-acuminata-overripe-800e5c07-2653-11ec-aea5-d8c4975e38aa_jpg.rf.09nze5Absx9J6KD5AGa5.jpg,0,0,1,0,1,0
musa-acuminata-freshunripe-2800f244-2653-11ec-8391-d8c4975e38aa_jpg.rf.wk0OEv6BR2UgsSWDbIcL.jpg,0,1,0,0,0,0
musa-acuminata-banana-ce7153eb-4037-11ec-ac3d-94b86d66fd1d_jpg.rf.wnd4HIZBhrExCkLJCbvI.jpg,0,0,0,1,0,0
musa-acuminata-ripe-9252a95e-1d0a-11ec-92e8-d8c4975e38aa_jpg.rf.x2gUiHGEVGRsG4Oo1Zj7.jpg,0,0,0,1,0,0
musa-acuminata-banana-e9c7bdc5-394a-11ec-8ecd-d8c4975e38aa_jpg.rf.xGSwNjCOVlhFD2kILE0N.jpg,0,0,0,1,0,0
musa-acuminata-banana-b78336e2-394a-11ec-bbe5-d8c4975e38aa_jpg.rf.xJBJOB7kmrLIN9uwjeX3.jpg,0,0,0,1,0,0
musa-acuminata-ripe-92cc373f-1d0a-11ec-bafc-d8c4975e38aa_jpg.rf.xNozMbWIo4uZJ4GgyX5h.jpg,0,0,0,1,0,0
musa-acuminata-ripe-957d0525-1d0a-11ec-ad9d-d8c4975e38aa_jpg.rf.saeljiaLuwJFNG9CJyV3.jpg,0,0,0,1,1,0
musa-acuminata-banana-a9d7c96b-394a-11ec-930c-d8c4975e38aa_jpg.rf.sdd7CO1NneRRPcfSNQk7.jpg,0,0,1,0,1,0
musa-acuminata-unripe-847f46c9-1d0a-11ec-9fed-d8c4975e38aa-1-_jpg.rf.xThLeCcceUI3WURMwYmz.jpg,0,0,0,0,1,1
musa-acuminata-mold-e65ad5d3-1d0a-11ec-bb45-d8c4975e38aa_jpg.rf.xVFmAlIMbqgCjrV3z22D.jpg,0,0,1,0,0,0
musa-acuminata-banana-f0353f54-394a-11ec-806f-d8c4975e38aa_jpg.rf.xbPEgBxIuNW6eza0H6Bx.jpg,0,0,0,1,0,0
musa-acuminata-overripe-7c3cdfd8-2653-11ec-942a-d8c4975e38aa_jpg.rf.xkyptXwZfi3HAoJoM3Pt.jpg,0,0,1,0,1,0
musa-acuminata-freshunripe-340f79e9-2653-11ec-bf3e-d8c4975e38aa_jpg.rf.xmhp5QSS8yIYI18Ba6nJ.jpg,0,1,0,0,0,0
musa-acuminata-banana-ef2f5434-394a-11ec-ae11-d8c4975e38aa_jpg.rf.y6HjvptzjrBKMCOHvn73.jpg,0,0,0,1,0,0
musa-acuminata-freshunripe-648d8933-1d0a-11ec-b67d-d8c4975e38aa_jpg.rf.yH6T1IReCEiHkLwC0HCP.jpg,0,1,0,0,0,0
musa-acuminata-banana-9d0d6b30-4037-11ec-b5aa-94b86d66fd1d_jpg.rf.zdX8uGHxqb7WSqxBEpuH.jpg,0,0,0,1,0,0
musa-acuminata-overripe-a18df166-1d0a-11ec-b3d9-d8c4975e38aa_jpg.rf.x74RN28HsYHz5Ro8JJfq.jpg,0,0,1,0,0,0
musa-acuminata-freshunripe-353bc998-2653-11ec-92bc-d8c4975e38aa_jpg.rf.zLJK0MUq7e50yv0h9N8V.jpg,0,1,0,0,0,0
musa-acuminata-rotten-8de58f1e-2653-11ec-aefd-d8c4975e38aa_jpg.rf.xPgIzasVgL0RyqyB02HQ.jpg,0,0,0,0,1,0
musa-acuminata-freshunripe-35f0eed7-2653-11ec-81bb-d8c4975e38aa_jpg.rf.xTUaAST7SW7RhAro5gOa.jpg,0,1,0,0,0,0
musa-acuminata-overripe-7cb3e163-2653-11ec-b459-d8c4975e38aa_jpg.rf.ytwIsk151CaYAkekTQLj.jpg,0,0,1,0,0,0
musa-acuminata-banana-87cdd565-394a-11ec-899b-d8c4975e38aa_jpg.rf.zAYs5wc7Tdpo9TZBxuiM.jpg,0,0,1,0,1,0
musa-acuminata-overripe-74f64d62-2653-11ec-88ab-d8c4975e38aa_jpg.rf.zl2ORHnCnJOG476Zch5h.jpg,0,0,1,0,0,0
musa-acuminata-banana-a5181da8-4037-11ec-9c2c-94b86d66fd1d_jpg.rf.zo9AfpZ3B3JJajtsg4Jf.jpg,1,0,0,0,0,0
musa-acuminata-ripe-6b6dade1-2653-11ec-9575-d8c4975e38aa_jpg.rf.zoGDVVVY1x6kk64Wu9gC.jpg,0,0,0,1,0,0
musa-acuminata-ripe-950a9ee6-1d0a-11ec-a571-d8c4975e38aa_jpg.rf.zyWPTOKkmF7t1kqivjbB.jpg,0,0,0,1,0,0
musa-acuminata-rotten-88fcdcab-2653-11ec-a68f-d8c4975e38aa_jpg.rf.nqE3Fq27XKNEmXsRKnDN.jpg,0,0,0,0,1,0
musa-acuminata-banana-b0e7713f-394a-11ec-a905-d8c4975e38aa_jpg.rf.nyavh0PNH9rHhegGRrhw.jpg,1,0,0,1,0,0
musa-acuminata-ripe-993d8a3f-1d0a-11ec-8c81-d8c4975e38aa_jpg.rf.nzKDhnDRMvyggCFS9o0W.jpg,0,0,0,1,1,0
musa-acuminata-overripe-9f7348b0-1d0a-11ec-ba65-d8c4975e38aa_jpg.rf.yT2Y1k4WQlnaXU57Zahp.jpg,0,0,1,0,0,0
musa-acuminata-mold-e48088cf-1d0a-11ec-b5ae-d8c4975e38aa_jpg.rf.ylbG9WIGrgtcX8gf9Zuu.jpg,0,0,1,0,0,0
musa-acuminata-banana-ee1bff96-394a-11ec-8067-d8c4975e38aa_jpg.rf.yklLm1a8nyWixmqFRwM0.jpg,0,0,0,1,0,0
musa-acuminata-banana-85bc63df-394a-11ec-8458-d8c4975e38aa_jpg.rf.ysSPKO5yGPaDMmIL7guA.jpg,0,0,1,0,1,0
musa-acuminata-ripe-6d1f763e-2653-11ec-9383-d8c4975e38aa_jpg.rf.yr6yPTOzjHhsBI7Qfw6y.jpg,0,0,0,1,0,0
musa-acuminata-unripe-5d0b4d13-2653-11ec-842a-d8c4975e38aa---Copy_jpg.rf.zN0YXt2gaQPDsRvm3dmq.jpg,0,0,0,0,1,1
musa-acuminata-unripe-62e8d962-2653-11ec-a4f1-d8c4975e38aa---Copy_jpg.rf.zenX4JlFHU9deSIh4jUX.jpg,0,0,0,0,1,0
musa-acuminata-freshunripe-1fe9b396-2653-11ec-90b8-d8c4975e38aa_jpg.rf.oIqtU0242zSXEQ3btSZy.jpg,0,1,0,0,0,0
musa-acuminata-rotten-8e2f71bf-2653-11ec-8bd0-d8c4975e38aa_jpg.rf.oYs0jRMX1mfNmlDBRBaa.jpg,0,0,0,0,1,0
musa-acuminata-unripe-5c8a98c8-2653-11ec-922e-d8c4975e38aa---Copy_jpg.rf.okByZLPZ14QqruaipXjD.jpg,0,0,0,0,1,1
musa-acuminata-overripe-7de20b08-2653-11ec-abeb-d8c4975e38aa_jpg.rf.oqyI83tITIREmqQ4P3Km.jpg,0,0,1,0,0,0
musa-acuminata-freshunripe-2e108ef7-2653-11ec-9144-d8c4975e38aa_jpg.rf.owmXGy2J2YRx29N0JJRO.jpg,0,1,0,0,0,0
musa-acuminata-freshunripe-1fdd22ae-2653-11ec-b174-d8c4975e38aa_jpg.rf.pIJ7fmfoMQ7tLF4kkW5J.jpg,0,1,0,0,0,0
musa-acuminata-rotten-8943169a-2653-11ec-b5e3-d8c4975e38aa_jpg.rf.pJq7A5c3WTWIc8zGJK28.jpg,0,0,0,0,1,0
musa-acuminata-banana-e27c36ae-394a-11ec-8b50-d8c4975e38aa_jpg.rf.pQRxlNeyXQIneA6wKTBk.jpg,1,0,0,1,0,0
musa-acuminata-freshunripe-3b207e26-2653-11ec-b0f9-d8c4975e38aa_jpg.rf.pb25pDT8fy1kUJ2G3O44.jpg,0,1,0,0,0,0
musa-acuminata-banana-f1a2f220-394a-11ec-8d44-d8c4975e38aa_jpg.rf.tpBR2Rec66ajTkV4sG2U.jpg,1,0,0,1,0,0
musa-acuminata-mold-e586b625-1d0a-11ec-be1f-d8c4975e38aa_jpg.rf.pf1325oTATRqD5YrArwT.jpg,0,0,1,0,0,0
musa-acuminata-banana-a68d6e81-4037-11ec-9708-94b86d66fd1d_jpg.rf.pruiGefeyQmz2K85iqcx.jpg,1,0,0,0,0,0
musa-acuminata-ripe-748b0c48-2653-11ec-8c3c-d8c4975e38aa_jpg.rf.zB2h0QrntHNf3ZD8eDLt.jpg,0,0,0,0,1,0
musa-acuminata-banana-df37cb83-394a-11ec-b220-d8c4975e38aa_jpg.rf.oGjC6jToQPowMD7uOrvd.jpg,0,0,0,1,0,0
musa-acuminata-mold-e1f379e0-1d0a-11ec-bac5-d8c4975e38aa_jpg.rf.o6EJC714fuf0cb01OC61.jpg,0,0,1,0,1,0
musa-acuminata-unripe-53ab3087-2653-11ec-91d7-d8c4975e38aa---Copy_jpg.rf.oG0SxtSGjQ24dwER1YhX.jpg,0,0,0,0,0,1
musa-acuminata-rotten-886b9e91-2653-11ec-a9bc-d8c4975e38aa_jpg.rf.qN6svDcURfoEuaZyVTuN.jpg,0,0,0,0,1,0
musa-acuminata-overripe-9d4cb678-1d0a-11ec-9c5e-d8c4975e38aa_jpg.rf.qTcbKnhsQ4j2nzQaiuJW.jpg,0,0,1,0,0,0
musa-acuminata-freshunripe-27f5078b-2653-11ec-9368-d8c4975e38aa_jpg.rf.qTkRP0jQTY9SED1BEzwz.jpg,0,1,0,0,0,0
musa-acuminata-overripe-9bab9d5c-1d0a-11ec-bd7a-d8c4975e38aa_jpg.rf.qX7WTi1TNEcm3Qzgkm5h.jpg,0,0,1,0,0,0
musa-acuminata-ripe-70392431-2653-11ec-8c38-d8c4975e38aa_jpg.rf.qbXyj9GYDaxXFP4D5L5b.jpg,0,0,0,0,1,0
musa-acuminata-freshripe-7d8c7ea3-1d0a-11ec-94af-d8c4975e38aa_jpg.rf.qcXfLXr9pvStT4whOA5b.jpg,1,0,0,0,0,0
musa-acuminata-freshripe-455bdf2a-2653-11ec-9de1-d8c4975e38aa_jpg.rf.qh1V48pAQgSFBOVxIYak.jpg,1,0,0,0,0,0
musa-acuminata-ripe-6b74d45b-2653-11ec-bebb-d8c4975e38aa_jpg.rf.qisslGhDNnErnW1dV7Cx.jpg,0,0,0,1,0,0
musa-acuminata-ripe-6d6e1d4a-2653-11ec-8342-d8c4975e38aa_jpg.rf.h4PosNgSluf8J2iCaOcg.jpg,0,0,0,1,0,0
musa-acuminata-ripe-920400c1-1d0a-11ec-80ec-d8c4975e38aa_jpg.rf.h5rTrgGLPhPGNyrNE1CO.jpg,0,0,0,1,0,0
musa-acuminata-banana-98c961c6-394a-11ec-808d-d8c4975e38aa_jpg.rf.h9QxqObNEUZJTX2OBHWr.jpg,0,0,0,0,1,0
musa-acuminata-freshunripe-68195489-1d0a-11ec-9b0b-d8c4975e38aa_jpg.rf.u5dwJFatXU4RmIaugEwo.jpg,0,1,0,0,0,0
musa-acuminata-banana-b43ad7d2-394a-11ec-9d84-d8c4975e38aa_jpg.rf.hCLDSxeD4Gg3gpJ1GYHu.jpg,1,0,0,0,0,0
musa-acuminata-freshunripe-296d9c3e-2653-11ec-813f-d8c4975e38aa_jpg.rf.hK3ERU2zhnUNgSSkRC7b.jpg,0,1,0,0,0,0
musa-acuminata-ripe-6ae83526-2653-11ec-bc06-d8c4975e38aa_jpg.rf.hLIBBOwqYY0XgnsioamN.jpg,0,0,0,1,0,0
musa-acuminata-rotten-8e8a03a3-2653-11ec-89a8-d8c4975e38aa_jpg.rf.q9ZToPIy2rjjpyOLoaPW.jpg,0,0,0,0,1,0
musa-acuminata-unripe-5fbc1b92-2653-11ec-9828-d8c4975e38aa---Copy_jpg.rf.q3wxGoLazbu7lAqImJ9F.jpg,0,0,0,0,0,1
musa-acuminata-rotten-825f5f6d-2653-11ec-af76-d8c4975e38aa_jpg.rf.qHuIooWrs8ORpXUyhgqD.jpg,0,0,0,0,1,0
musa-acuminata-banana-b45b0a4a-394a-11ec-bca6-d8c4975e38aa_jpg.rf.qJUAUymtzGAUSWn68bvT.jpg,1,0,0,0,0,0
musa-acuminata-banana-a867dc85-4037-11ec-9a7d-94b86d66fd1d_jpg.rf.q5EKLON8VH4JUujjSmQf.jpg,0,0,0,1,0,0
musa-acuminata-unripe-8975a42b-1d0a-11ec-8237-d8c4975e38aa-1-_jpg.rf.hTwIXOqsAAlVr803o6DC.jpg,0,0,0,0,0,1
musa-acuminata-overripe-9bd8e61b-1d0a-11ec-9b8b-d8c4975e38aa_jpg.rf.htAMX8nCbpaNSTGVWILG.jpg,0,0,1,0,0,0
musa-acuminata-banana-c8594392-4037-11ec-a9b9-94b86d66fd1d_jpg.rf.hxWXNxcTfUvtRUZfuofR.jpg,1,0,0,0,0,0
musa-acuminata-ripe-6c279617-2653-11ec-9bc3-d8c4975e38aa_jpg.rf.i1ohuu9QIUiY42Vf4S2X.jpg,0,0,0,1,0,0
musa-acuminata-ripe-92930248-1d0a-11ec-9050-d8c4975e38aa_jpg.rf.i2tcmNryEFxibNN5t2s1.jpg,0,0,0,1,0,0
musa-acuminata-ripe-95cbac53-1d0a-11ec-b4ba-d8c4975e38aa_jpg.rf.i3neb45swc9IGbl9YRis.jpg,0,0,0,1,1,0
musa-acuminata-banana-c71a76b0-394a-11ec-8a48-d8c4975e38aa_jpg.rf.iY5Gjr2DmrbjdESE3ReB.jpg,1,0,0,0,0,0
musa-acuminata-banana-adf61a58-394a-11ec-ba10-d8c4975e38aa_jpg.rf.ifwFrwbrOj5RZ6nGmrrE.jpg,0,0,0,1,0,0
musa-acuminata-banana-ef2aa164-394a-11ec-9943-d8c4975e38aa_jpg.rf.ihzJrFS9X6ePSGQDbQeT.jpg,0,0,0,1,0,0
musa-acuminata-freshripe-78d9439f-1d0a-11ec-a82c-d8c4975e38aa_jpg.rf.inbfNwl3b5LgdbWvJXoY.jpg,1,0,0,0,0,0
musa-acuminata-overripe-a0c81d02-1d0a-11ec-a3f1-d8c4975e38aa_jpg.rf.ipSEQQ7FvXmX4SO1tSYj.jpg,0,0,1,0,0,0
musa-acuminata-rotten-b674540e-1d0a-11ec-82e6-d8c4975e38aa_jpg.rf.yODdAez0S1DmdSymaU6G.jpg,0,0,0,0,1,0
musa-acuminata-ripe-947dfe72-1d0a-11ec-b341-d8c4975e38aa_jpg.rf.hRPIgV7LgqX8EwexbVDb.jpg,0,0,0,1,0,0
musa-acuminata-rotten-b6df002c-1d0a-11ec-a902-d8c4975e38aa_jpg.rf.hObMxYQJ5rO63klNb3ca.jpg,0,0,0,0,1,0
musa-acuminata-banana-a1763ae7-394a-11ec-8dd1-d8c4975e38aa_jpg.rf.zHlCzxpgdN8Xw3TxpKKC.jpg,0,0,1,0,0,0
musa-acuminata-ripe-94feb2e8-1d0a-11ec-b908-d8c4975e38aa_jpg.rf.k4CcU7YrBmYil2LiFxtE.jpg,0,0,0,1,0,0
musa-acuminata-ripe-96d69ddf-1d0a-11ec-bc76-d8c4975e38aa_jpg.rf.k9BE5GIGawOTStSe7QBY.jpg,0,0,0,1,1,0
musa-acuminata-banana-c71e662c-394a-11ec-a65e-d8c4975e38aa_jpg.rf.k9wkAMUrgcvS5boVr1ia.jpg,1,0,0,0,0,0
musa-acuminata-banana-a8e5a3a2-394a-11ec-a1a5-d8c4975e38aa_jpg.rf.kDkzlhg7wQkPGLDzHnhq.jpg,0,0,1,0,1,0
musa-acuminata-banana-e52ed416-394a-11ec-8df2-d8c4975e38aa_jpg.rf.kDtLQ4rIcDfwIS8jA6hd.jpg,0,0,0,1,0,0
musa-acuminata-banana-fddd8dbe-394a-11ec-9af5-d8c4975e38aa_jpg.rf.kGSAw3rzT7nz6JYwLDuM.jpg,0,0,0,1,0,0
musa-acuminata-overripe-a05cdca5-1d0a-11ec-af73-d8c4975e38aa_jpg.rf.kV0peOT65EyPo9naVpws.jpg,0,0,1,0,0,0
musa-acuminata-banana-edea85f0-394a-11ec-9ba8-d8c4975e38aa_jpg.rf.kbChnhWAGwc1SNVIl61u.jpg,0,0,0,1,0,0
musa-acuminata-rotten-aa4c4a21-1d0a-11ec-b660-d8c4975e38aa_jpg.rf.hXHV0t9RYMR9ggurk8VR.jpg,0,0,0,0,1,0
musa-acuminata-banana-9fe5dc3b-394a-11ec-b31c-d8c4975e38aa_jpg.rf.jCaJUxz8jVk91OCVO4F5.jpg,0,0,0,0,1,0
musa-acuminata-ripe-73579651-2653-11ec-8ff1-d8c4975e38aa_jpg.rf.iFnD0Ml9oP1Ed3Q8IwfY.jpg,0,0,0,0,1,0
musa-acuminata-freshunripe-1d9ee2a0-2653-11ec-bd53-d8c4975e38aa_jpg.rf.ix7gp1U2MEkS3Usu6NYY.jpg,0,1,0,0,0,0
musa-acuminata-banana-b3786884-394a-11ec-9c03-d8c4975e38aa_jpg.rf.j2GA6DYYhR5V72LqAiyG.jpg,1,0,0,0,0,0
musa-acuminata-ripe-94cca595-1d0a-11ec-be26-d8c4975e38aa_jpg.rf.jmyo9aP7R0j1hMkJbydr.jpg,0,0,0,1,0,0
musa-acuminata-overripe-9f13f264-1d0a-11ec-9b84-d8c4975e38aa_jpg.rf.jQQuN4dUK9PP8egtUvWR.jpg,0,0,1,0,1,0
musa-acuminata-rotten-865aeda0-2653-11ec-bd13-d8c4975e38aa_jpg.rf.jrt3sWdSsyNuooU6r6pn.jpg,0,0,0,0,1,0
musa-acuminata-banana-e448bd6b-394a-11ec-a083-d8c4975e38aa_jpg.rf.k1MUYIrywXL0i5EGPvZV.jpg,1,0,0,0,0,0
musa-acuminata-freshunripe-6b6a0a73-1d0a-11ec-9f3f-d8c4975e38aa_jpg.rf.lhtfxwTNU1HS2gQigRsU.jpg,0,1,0,0,0,0
musa-acuminata-banana-86aaa5c8-394a-11ec-9b3a-d8c4975e38aa_jpg.rf.lpzEh9rGqTSeL8VS8kzH.jpg,0,0,1,0,1,0
musa-acuminata-overripe-7e175cf8-2653-11ec-9262-d8c4975e38aa_jpg.rf.m4gAwQQRXh7ggpoVRGZr.jpg,0,0,1,0,0,0
musa-acuminata-freshunripe-74702d3f-1d0a-11ec-88ea-d8c4975e38aa_jpg.rf.m61A1Jzsc0yYmuz6008h.jpg,0,1,0,0,0,0
musa-acuminata-ripe-91bee3c8-1d0a-11ec-b978-d8c4975e38aa_jpg.rf.mAdYMYnQjYIWIzsV32xq.jpg,0,0,0,1,0,0
musa-acuminata-rotten-83cf3e52-2653-11ec-8a84-d8c4975e38aa_jpg.rf.mDsCfD75iyKaTAsewBtQ.jpg,0,0,0,0,1,0
musa-acuminata-banana-8e3c133d-394a-11ec-bc37-d8c4975e38aa_jpg.rf.mE2laPK9jJOnXZoZdEPE.jpg,0,0,0,0,1,0
musa-acuminata-overripe-9ea3ed06-1d0a-11ec-96ac-d8c4975e38aa_jpg.rf.mES6maLp998n4BEhr1hF.jpg,0,0,1,0,0,0
musa-acuminata-freshunripe-6c5e0968-1d0a-11ec-a48a-d8c4975e38aa_jpg.rf.mF7UaeDAh2T8bfbDMBwp.jpg,0,1,0,0,0,0
musa-acuminata-banana-c37150fa-394a-11ec-86a6-d8c4975e38aa_jpg.rf.kkWsujd0MpbgtxxKFVqN.jpg,0,0,0,1,0,0
musa-acuminata-banana-a9db9356-394a-11ec-8e71-d8c4975e38aa_jpg.rf.lCeVPD7STP4lffWAntyl.jpg,0,0,1,0,1,0
musa-acuminata-mold-e265e311-1d0a-11ec-adbd-d8c4975e38aa_jpg.rf.kvBQyScGYHALT83SCXEv.jpg,0,0,1,0,1,0
musa-acuminata-banana-a4017584-4037-11ec-b2bf-94b86d66fd1d_jpg.rf.ksbByudAvGzwahs1PXfk.jpg,1,0,0,1,0,0
musa-acuminata-overripe-9d779e96-1d0a-11ec-a4e9-d8c4975e38aa_jpg.rf.kw8WzeZXlxjOOgVbyWmx.jpg,0,0,1,0,0,0
musa-acuminata-mold-e59e8ba4-1d0a-11ec-ac0d-d8c4975e38aa_jpg.rf.lM78ynPvEWjOzN3z7wp8.jpg,0,0,1,0,0,0
musa-acuminata-rotten-bd16a4ff-1d0a-11ec-bfb9-d8c4975e38aa_jpg.rf.lVrfjWKedcQVtsRFgnfl.jpg,0,0,0,0,1,0
musa-acuminata-ripe-6d328784-2653-11ec-b48b-d8c4975e38aa_jpg.rf.IpyXZ9kXSzOGm8L0EzaA.jpg,0,0,0,1,0,0
musa-acuminata-overripe-9cb1ca59-1d0a-11ec-9471-d8c4975e38aa_jpg.rf.J157VCfqqj7bfcuBdny0.jpg,0,0,1,0,0,0
musa-acuminata-banana-e9395ca1-394a-11ec-a51a-d8c4975e38aa_jpg.rf.J6o02Fz2Cw2yrWvzgmaN.jpg,1,0,0,1,0,0
musa-acuminata-ripe-91ddde42-1d0a-11ec-bafa-d8c4975e38aa_jpg.rf.J7va6AveRJFYnASTWZkC.jpg,0,0,0,1,0,0
musa-acuminata-ripe-9acdf487-1d0a-11ec-a746-d8c4975e38aa_jpg.rf.J8w7UU39p9lLKZGWs3Ly.jpg,0,0,0,1,1,0
musa-acuminata-banana-aa8dd123-4037-11ec-b50a-94b86d66fd1d_jpg.rf.JNQr6lbY5lRPEjJ5WKzu.jpg,1,0,0,0,0,0
musa-acuminata-banana-ce2aed38-4037-11ec-8154-94b86d66fd1d_jpg.rf.JOYBy0YicQif1CF2IQxe.jpg,1,0,0,0,0,0
musa-acuminata-unripe-820be5bf-1d0a-11ec-b29a-d8c4975e38aa-1-_jpg.rf.JVHeBVfIXhuUgWoPiWwQ.jpg,0,0,0,0,0,1
musa-acuminata-overripe-7f6f6f29-2653-11ec-9d96-d8c4975e38aa_jpg.rf.Jv7y1X3oQyBLdTATvQHe.jpg,0,0,1,0,0,0
musa-acuminata-overripe-9d4a55a1-1d0a-11ec-8938-d8c4975e38aa_jpg.rf.n54EAFqzLf40lKZ1ZaZQ.jpg,0,0,1,0,0,0
musa-acuminata-mold-e1fd0281-1d0a-11ec-801c-d8c4975e38aa_jpg.rf.mf82AjZ1XKRP5wQwUkFN.jpg,0,0,1,0,1,0
musa-acuminata-ripe-935ffbb9-1d0a-11ec-9d36-d8c4975e38aa_jpg.rf.nBBkjCgtcvpSnr4AYM2t.jpg,0,0,0,1,0,0
musa-acuminata-overripe-9d2dbb9f-1d0a-11ec-b4a9-d8c4975e38aa_jpg.rf.njprdmkI0ywyRVV3T1IR.jpg,0,0,1,0,0,0
musa-acuminata-banana-c00f7b55-4037-11ec-a297-94b86d66fd1d_jpg.rf.nmoiGeH64K7cNu9De8RA.jpg,1,0,0,0,0,0
musa-acuminata-rotten-ba2436d8-1d0a-11ec-a5a5-d8c4975e38aa_jpg.rf.mGaI2R9eprtNVRhUG3B6.jpg,0,0,0,0,1,0
musa-acuminata-unripe-60d558b1-2653-11ec-9268-d8c4975e38aa---Copy_jpg.rf.nDcpeqaY9oNxHRsTqTFb.jpg,0,0,0,0,1,1
musa-acuminata-banana-de37a990-394a-11ec-97b8-d8c4975e38aa_jpg.rf.nHyy9cZ6u5oT31oJJXig.jpg,0,0,0,1,0,0
musa-acuminata-banana-ab279f4b-394a-11ec-9c3c-d8c4975e38aa_jpg.rf.KcJMQPoF1yZyYVyGrXp1.jpg,0,0,1,1,1,0
musa-acuminata-freshunripe-2972608a-2653-11ec-9d57-d8c4975e38aa_jpg.rf.KdCjFd6SFDE0TtauDOld.jpg,0,1,0,0,0,0
musa-acuminata-banana-8baeeab1-394a-11ec-84c0-d8c4975e38aa_jpg.rf.Ku6Bmnmu3v2CN65GLoIR.jpg,0,0,0,0,1,0
musa-acuminata-rotten-821ac108-2653-11ec-b45b-d8c4975e38aa_jpg.rf.L3UQimOETL85lHDBc3th.jpg,0,0,0,0,1,0
musa-acuminata-freshunripe-71172471-1d0a-11ec-8686-d8c4975e38aa_jpg.rf.LXCRmxkOJ6UR3r8NrigT.jpg,0,1,0,0,0,0
musa-acuminata-ripe-972080bd-1d0a-11ec-aac3-d8c4975e38aa_jpg.rf.LZ7gQs5k2hOce4wOoIBX.jpg,0,0,0,1,1,0
musa-acuminata-banana-a366c7ab-4037-11ec-94b5-94b86d66fd1d_jpg.rf.LdSbLWbDLDrptFa8dXR3.jpg,0,0,0,1,0,0
musa-acuminata-rotten-b8110a1c-1d0a-11ec-b80c-d8c4975e38aa_jpg.rf.Lg4j1aN0asxlavHN1rJD.jpg,0,0,0,0,1,0
musa-acuminata-banana-9eb7bb0b-394a-11ec-9a0a-d8c4975e38aa_jpg.rf.LlHyI8Wc0liJsRogdMcM.jpg,0,0,0,0,1,0
musa-acuminata-ripe-70cf4bd3-2653-11ec-974f-d8c4975e38aa_jpg.rf.JzS5Pn8laMmPQgog9fCV.jpg,0,0,0,0,1,0
musa-acuminata-mold-e5bfebf9-1d0a-11ec-a591-d8c4975e38aa_jpg.rf.K3FIkLU8tWkc8SUqneZc.jpg,0,0,1,0,0,0
musa-acuminata-freshunripe-69e7b139-1d0a-11ec-832f-d8c4975e38aa_jpg.rf.KRTbjfaJ1xzww00KZ6Du.jpg,0,1,0,0,0,0
musa-acuminata-rotten-84ac8f93-2653-11ec-ba1e-d8c4975e38aa_jpg.rf.KGAVf5pltPXapyUjjItY.jpg,0,0,0,0,1,0
musa-acuminata-banana-ce3e072c-394a-11ec-a395-d8c4975e38aa_jpg.rf.KWQITXmeUSD7N5cBMf0r.jpg,0,0,0,1,0,0
musa-acuminata-unripe-90ef899e-1d0a-11ec-954e-d8c4975e38aa-1-_jpg.rf.K0ih3DcFF8jYW8C6UmQI.jpg,0,0,0,0,0,1
musa-acuminata-ripe-6cd0cef7-2653-11ec-8e79-d8c4975e38aa_jpg.rf.uyBWiNBI9y08XLF77wLf.jpg,0,0,0,1,0,0
musa-acuminata-freshripe-7f0a645d-1d0a-11ec-89f8-d8c4975e38aa_jpg.rf.uybnNp9hHxJbRPLYiR8V.jpg,1,0,0,0,0,0
musa-acuminata-ripe-73f4e486-2653-11ec-baad-d8c4975e38aa_jpg.rf.vMJHAp5mGJRADyLW8O0A.jpg,0,0,0,0,1,0
musa-acuminata-rotten-aedeb164-1d0a-11ec-8719-d8c4975e38aa_jpg.rf.vMS3MEoWZHYfGaMiWpx7.jpg,0,0,0,0,1,0
musa-acuminata-unripe-9024ef53-1d0a-11ec-8a16-d8c4975e38aa-1-_jpg.rf.vWZlmHFhHjJjPrJLnkm2.jpg,0,0,0,0,0,1
musa-acuminata-overripe-a18b8ddc-1d0a-11ec-838a-d8c4975e38aa_jpg.rf.vZotWF8t7dPMnfk0NbBA.jpg,0,0,1,0,0,0
musa-acuminata-ripe-6abfb079-2653-11ec-90b8-d8c4975e38aa_jpg.rf.vbAHX1HhN5eir9LeYRhJ.jpg,0,0,0,1,0,0
musa-acuminata-banana-ce476cd1-394a-11ec-8da7-d8c4975e38aa_jpg.rf.vunkXO0U6si1o2TaVJbZ.jpg,0,0,0,1,0,0
musa-acuminata-freshripe-77b98e1a-1d0a-11ec-aaf9-d8c4975e38aa_jpg.rf.w0N19PQ1qFvIHrb85oYC.jpg,1,0,0,0,0,0
musa-acuminata-banana-fb82470a-394a-11ec-8863-d8c4975e38aa_jpg.rf.w2JaBNdIVvwSRy0LDM0n.jpg,0,0,0,1,0,0
musa-acuminata-banana-b40981d9-4037-11ec-a210-94b86d66fd1d_jpg.rf.JcO3t8hVn3DFXIo4vXxm.jpg,0,1,0,0,0,1
musa-acuminata-unripe-55288980-2653-11ec-9127-d8c4975e38aa---Copy_jpg.rf.LzebioHKdOuUA1eIweTN.jpg,0,0,0,0,0,1
musa-acuminata-banana-87d44799-394a-11ec-9623-d8c4975e38aa_jpg.rf.LnYnYfD2L3vT4AHpQmrN.jpg,0,0,1,0,1,0
musa-acuminata-freshunripe-27365b07-2653-11ec-8a13-d8c4975e38aa_jpg.rf.M1ZmFnIihJ0hXrLPBjAw.jpg,0,1,0,0,0,0
musa-acuminata-ripe-924de3ac-1d0a-11ec-abef-d8c4975e38aa_jpg.rf.uYmTUcXaFvCsjXBu3hIN.jpg,0,0,0,1,0,0
musa-acuminata-rotten-8a348308-2653-11ec-840d-d8c4975e38aa_jpg.rf.M1X6OqUoK5P8XcK8jCRO.jpg,0,0,0,0,1,0
musa-acuminata-banana-da5c8ec0-394a-11ec-a1ac-d8c4975e38aa_jpg.rf.ugF3LyTsLL36HQ43OzGV.jpg,0,0,0,1,0,0
musa-acuminata-overripe-760f8b9a-2653-11ec-9daf-d8c4975e38aa_jpg.rf.uvi6exRP2yhY4uHb86Ws.jpg,0,0,1,0,0,0
musa-acuminata-banana-8f85f021-394a-11ec-b8cd-d8c4975e38aa_jpg.rf.LzP4e5TQgKke5k5mRiz5.jpg,0,0,0,0,1,0
musa-acuminata-banana-8ecc2404-394a-11ec-bbae-d8c4975e38aa_jpg.rf.x8RpVMqQlsTH63zXivC5.jpg,0,0,1,0,1,0
musa-acuminata-overripe-7e2c7396-2653-11ec-8b08-d8c4975e38aa_jpg.rf.xBQ7V2ehu8kn0U6xdMrx.jpg,0,0,1,0,0,0
musa-acuminata-banana-e3b102d2-394a-11ec-bc87-d8c4975e38aa_jpg.rf.xLCV18WNFjEVrzXYFUy9.jpg,1,0,0,1,0,0
musa-acuminata-rotten-82660a70-2653-11ec-abf4-d8c4975e38aa_jpg.rf.xLOeiSOMEcfMWdCFRNk9.jpg,0,0,0,0,1,0
musa-acuminata-freshunripe-272f348e-2653-11ec-ac03-d8c4975e38aa_jpg.rf.xXQUqr55eoGGAC4t5xvr.jpg,0,1,0,0,0,0
musa-acuminata-rotten-817edb35-2653-11ec-967f-d8c4975e38aa_jpg.rf.xZUs1Dg9EZ714RILeCM9.jpg,0,0,0,0,1,0
musa-acuminata-rotten-8b0ff00c-2653-11ec-9c9d-d8c4975e38aa_jpg.rf.xfFdcWVs14i9jr6y34Dq.jpg,0,0,0,0,1,0
musa-acuminata-unripe-5db2223c-2653-11ec-bca0-d8c4975e38aa---Copy_jpg.rf.xh3lD3lq1bQgQQWNPqvL.jpg,0,0,0,0,1,1
musa-acuminata-overripe-7e91f470-2653-11ec-bd92-d8c4975e38aa_jpg.rf.xxlXBJCJhS0yec9W7LA5.jpg,0,0,1,0,0,0
musa-acuminata-freshripe-7877c896-1d0a-11ec-b8e1-d8c4975e38aa_jpg.rf.xymjAUmkByHBKVRzY4wl.jpg,1,0,0,0,0,0
musa-acuminata-rotten-8b0dd209-2653-11ec-b862-d8c4975e38aa_jpg.rf.y4s253s0NsHwj6FKyw1y.jpg,0,0,0,0,1,0
musa-acuminata-banana-a6c1e8f3-394a-11ec-8f7b-d8c4975e38aa_jpg.rf.w4oKBeHZyAMwrcp66iex.jpg,0,0,1,0,1,0
musa-acuminata-banana-a62cd968-4037-11ec-b213-94b86d66fd1d_jpg.rf.wFoaBB2eM7tg2zTdEc7w.jpg,1,0,0,0,0,0
musa-acuminata-banana-892cb451-394a-11ec-b900-d8c4975e38aa_jpg.rf.w90VqPxprdOZIuCJRxCp.jpg,0,0,0,0,1,0
musa-acuminata-freshripe-7af03bf9-1d0a-11ec-938f-d8c4975e38aa_jpg.rf.wTuWIhYDjVv9SAE2mxD8.jpg,1,0,0,0,0,0
musa-acuminata-rotten-ab907e9f-1d0a-11ec-98d9-d8c4975e38aa_jpg.rf.wnQM3ofYqBcOomyTEq2D.jpg,0,0,0,0,1,0
musa-acuminata-ripe-94d16a03-1d0a-11ec-9c5e-d8c4975e38aa_jpg.rf.sHq4QsWqfk9WDvt4pdKR.jpg,0,0,0,1,0,0
musa-acuminata-freshripe-48baaba0-2653-11ec-84c1-d8c4975e38aa_jpg.rf.sIg1l6l3ehhy6VFiPqbG.jpg,1,0,0,0,0,0
musa-acuminata-banana-bfe839fe-4037-11ec-9557-94b86d66fd1d_jpg.rf.sYt70SJgtrQ2CtMq7UqV.jpg,1,0,0,0,0,0
musa-acuminata-overripe-9ca841cf-1d0a-11ec-831f-d8c4975e38aa_jpg.rf.sh4mxMYTnDFe89QXakkR.jpg,0,0,1,0,0,0
musa-acuminata-ripe-92d0fb73-1d0a-11ec-be52-d8c4975e38aa_jpg.rf.snlYXJdryPOwfLCGMUH6.jpg,0,0,0,1,0,0
musa-acuminata-overripe-80802575-2653-11ec-b204-d8c4975e38aa_jpg.rf.tBpSNFBNyhdLuhnIavep.jpg,0,0,1,0,1,0
musa-acuminata-overripe-7f2c2c68-2653-11ec-9339-d8c4975e38aa_jpg.rf.tDgeGQHwyJUcaVxttKfp.jpg,0,0,1,0,0,0
musa-acuminata-banana-91a5d62f-394a-11ec-b118-d8c4975e38aa_jpg.rf.tF6ayGYeU1gQUWb0tD5w.jpg,0,0,1,0,0,0
musa-acuminata-banana-d90fe026-4037-11ec-aebc-94b86d66fd1d_jpg.rf.tOiXLBguaJIusrO9b7Rf.jpg,1,0,0,1,0,0
musa-acuminata-banana-dc66e45d-394a-11ec-9dba-d8c4975e38aa_jpg.rf.tSNUUahwzudmeeijQjFS.jpg,0,0,0,1,0,0
musa-acuminata-overripe-76b8c4c8-2653-11ec-bc89-d8c4975e38aa_jpg.rf.y9s7dLiXjhydJfAPlQgi.jpg,0,0,1,0,0,0
musa-acuminata-unripe-5c7c4a03-2653-11ec-a998-d8c4975e38aa---Copy_jpg.rf.rRwSmsSTYH3U3wIqRJIR.jpg,0,0,0,0,1,1
musa-acuminata-overripe-7c77b4f8-2653-11ec-b25a-d8c4975e38aa_jpg.rf.rbnAM8eCrsLxuAIVCrkZ.jpg,0,0,1,0,0,0
musa-acuminata-freshunripe-2b02ca92-2653-11ec-bcc3-d8c4975e38aa_jpg.rf.r1yow0Cd7sbXldegmqC1.jpg,0,1,0,0,0,0
musa-acuminata-banana-94adf701-394a-11ec-a89f-d8c4975e38aa_jpg.rf.rGluAXO9qoAacyh3sk3F.jpg,0,0,1,0,1,0
musa-acuminata-banana-910437c3-394a-11ec-b3b4-d8c4975e38aa_jpg.rf.sHarXZ2gW2WSiF1Gh5T8.jpg,0,0,0,1,1,0
musa-acuminata-banana-9b99a060-394a-11ec-8402-d8c4975e38aa_jpg.rf.rco0RJW7GVOuZ3nVZl6R.jpg,0,0,0,0,1,0
musa-acuminata-banana-ade1a77a-4037-11ec-94ac-94b86d66fd1d_jpg.rf.r36wntb29xGkQgH3C2db.jpg,1,0,0,0,0,0
musa-acuminata-banana-ea7545fd-394a-11ec-b506-d8c4975e38aa_jpg.rf.tiOvwSk3oC6U3OnmJ2tz.jpg,1,0,0,1,0,0
musa-acuminata-rotten-ba612b7f-1d0a-11ec-82f7-d8c4975e38aa_jpg.rf.tscBlLnMQdmOtYUGy9n0.jpg,0,0,0,0,1,0
musa-acuminata-ripe-6c9074cf-2653-11ec-9c8a-d8c4975e38aa_jpg.rf.u0FqPqMwb3lYKbyoTHsw.jpg,0,0,0,1,0,0
musa-acuminata-mold-e60043e2-1d0a-11ec-9b1e-d8c4975e38aa_jpg.rf.u6KByHxcK10bX2FZTHCN.jpg,0,0,1,0,0,0
musa-acuminata-overripe-80b92366-2653-11ec-80ba-d8c4975e38aa_jpg.rf.uLFyAseacjyMHNoJrPw8.jpg,0,0,1,0,1,0
musa-acuminata-banana-ca79aa08-394a-11ec-88d2-d8c4975e38aa_jpg.rf.uUEvfTpneJcEFqs4NAXh.jpg,0,0,0,1,0,0
musa-acuminata-freshripe-7c3bad36-1d0a-11ec-9a51-d8c4975e38aa_jpg.rf.uWXitHrrZ1H63JrDp5wo.jpg,1,0,0,0,0,0
musa-acuminata-freshunripe-36b45e1f-2653-11ec-865c-d8c4975e38aa_jpg.rf.4Qi1C551g7k7cNOyUj4J.jpg,0,1,0,0,0,0
musa-acuminata-ripe-91a2486e-1d0a-11ec-9f4c-d8c4975e38aa_jpg.rf.4VukrXhrv0naAKPCQaXy.jpg,0,0,0,1,0,0
musa-acuminata-freshripe-44ade1dc-2653-11ec-a75b-d8c4975e38aa_jpg.rf.4cTOee1MAKenUmmxutga.jpg,1,0,0,0,0,0
musa-acuminata-unripe-5fadcdd9-2653-11ec-a703-d8c4975e38aa---Copy_jpg.rf.4emXjt8YkE44F7KkWXRI.jpg,0,0,0,0,0,1
musa-acuminata-freshripe-4ca3b51a-2653-11ec-919e-d8c4975e38aa_jpg.rf.tU2trEsQsbDj5hH67kkf.jpg,1,0,0,0,0,0
musa-acuminata-banana-d2b5b3e5-4037-11ec-9ec7-94b86d66fd1d_jpg.rf.tYf1KpZGzOEAdrtOJQ9L.jpg,1,0,0,1,0,0
musa-acuminata-rotten-82f7f308-2653-11ec-b1d5-d8c4975e38aa_jpg.rf.tUWslbSAlen31Efn93MF.jpg,0,0,0,0,1,0
musa-acuminata-rotten-bacba324-1d0a-11ec-88ee-d8c4975e38aa_jpg.rf.tfrrAyWjWTjPZrj2l3aF.jpg,0,0,0,0,1,0
musa-acuminata-banana-b27074f2-394a-11ec-8630-d8c4975e38aa_jpg.rf.tfLIelQjvvXJRAQ16Ews.jpg,1,0,0,0,0,0
musa-acuminata-overripe-7f4d8ac5-2653-11ec-a95b-d8c4975e38aa_jpg.rf.tXCVs3FxtL2WOdNOCBV4.jpg,0,0,1,0,0,0
musa-acuminata-mold-e48088d0-1d0a-11ec-acd6-d8c4975e38aa_jpg.rf.z8D2rn0RfVvBHVjsD30R.jpg,0,0,1,0,0,0
musa-acuminata-rotten-8c056b4f-2653-11ec-b1f3-d8c4975e38aa_jpg.rf.5G59I9a8jUfOqL4BbWP5.jpg,0,0,0,0,1,0
musa-acuminata-overripe-7e4f2100-2653-11ec-ad18-d8c4975e38aa_jpg.rf.5L8rC1vnCNMOiOQUU5e7.jpg,0,0,1,0,0,0
musa-acuminata-banana-d9a137f3-4037-11ec-b954-94b86d66fd1d_jpg.rf.5WQ2MVluZ3ySaTcLxN76.jpg,0,0,0,1,0,0
musa-acuminata-banana-8984d409-394a-11ec-b148-d8c4975e38aa_jpg.rf.5vnzT4x5Q1glyHI6suM4.jpg,0,0,0,0,1,0
musa-acuminata-banana-e3aa577c-394a-11ec-a9c2-d8c4975e38aa_jpg.rf.6Xs7ODCxxRfNWa6klYfC.jpg,1,0,0,1,0,0
musa-acuminata-freshunripe-651b8af4-1d0a-11ec-92a8-d8c4975e38aa_jpg.rf.6ihPpGm7gusNQ0YMfc3n.jpg,0,1,0,0,0,0
musa-acuminata-overripe-9fb140b3-1d0a-11ec-84bb-d8c4975e38aa_jpg.rf.4J8KmyzHtUZEMN0ZX7Ox.jpg,0,0,1,0,0,0
musa-acuminata-mold-e1ff6497-1d0a-11ec-a991-d8c4975e38aa_jpg.rf.4oFayc0J7oNun4AURibc.jpg,0,0,1,0,0,0
musa-acuminata-freshunripe-36b6c1e8-2653-11ec-a606-d8c4975e38aa_jpg.rf.4k0WVCpG9g0C2qqNEZtZ.jpg,0,1,0,0,0,0
musa-acuminata-unripe-7fecfc48-1d0a-11ec-b38a-d8c4975e38aa-1-_jpg.rf.53BTAF0pphQ15AIuoVuP.jpg,0,0,0,0,0,1
musa-acuminata-overripe-7cac266c-2653-11ec-a19a-d8c4975e38aa_jpg.rf.4nLMKEathG4tUmvOit8r.jpg,0,0,1,0,0,0
musa-acuminata-overripe-9d28f646-1d0a-11ec-aaa7-d8c4975e38aa_jpg.rf.4x6MUvRlzOEsNLf7snts.jpg,0,0,1,0,0,0
musa-acuminata-banana-b77aba23-394a-11ec-9346-d8c4975e38aa_jpg.rf.7hV7RwgL4RanRqtEuUoO.jpg,0,0,0,1,0,0
musa-acuminata-banana-ba11da86-4037-11ec-b92c-94b86d66fd1d_jpg.rf.Fv7bEDyyKA8QEgJmE5Fz.jpg,0,1,0,0,0,0
musa-acuminata-banana-c9e9ce87-394a-11ec-ade7-d8c4975e38aa_jpg.rf.GCMSoswefmArgkBWs8HD.jpg,0,0,0,1,0,0
musa-acuminata-banana-90ad3f98-394a-11ec-91a2-d8c4975e38aa_jpg.rf.GHEOH26C55VHYrq6aEXe.jpg,0,0,1,0,1,0
musa-acuminata-overripe-80edce38-2653-11ec-b826-d8c4975e38aa_jpg.rf.GOnN7cnFq6OST7w8poCT.jpg,0,0,1,0,0,0
musa-acuminata-banana-adb92c0a-394a-11ec-8ed9-d8c4975e38aa_jpg.rf.GYkmV3t7svB8WhhngBOU.jpg,1,0,0,0,0,0
musa-acuminata-unripe-8d257905-1d0a-11ec-a410-d8c4975e38aa-1-_jpg.rf.GZ3t7oJQ96Gkf7kbqqdv.jpg,0,0,0,0,0,1
musa-acuminata-unripe-83790722-1d0a-11ec-be98-d8c4975e38aa-1-_jpg.rf.GhsH5VL2tErQDx48plPx.jpg,0,0,0,0,0,1
musa-acuminata-banana-ac6dfdec-394a-11ec-9fc3-d8c4975e38aa_jpg.rf.GlXRUr1wWoqPWeVMcjr1.jpg,0,0,1,1,1,0
musa-acuminata-rotten-bb4ad3b8-1d0a-11ec-9f01-d8c4975e38aa_jpg.rf.6CU15T6EcNDGjITQdTC0.jpg,0,0,0,0,1,0
musa-acuminata-freshunripe-369eeaa8-2653-11ec-a52b-d8c4975e38aa_jpg.rf.6cPNsR2Ey6kHcZciQwbc.jpg,0,1,0,0,0,0
musa-acuminata-banana-a7b3437f-394a-11ec-bf28-d8c4975e38aa_jpg.rf.6TnLk2VW39DwJlpldONe.jpg,0,0,1,0,0,0
musa-acuminata-overripe-9d85ebaa-1d0a-11ec-860b-d8c4975e38aa_jpg.rf.513pfl8WSz0sL3NH6Rg4.jpg,0,0,1,0,1,0
musa-acuminata-unripe-8fcf21b3-1d0a-11ec-84bd-d8c4975e38aa-1-_jpg.rf.6s5uBUq4R8zk1nsyEQSm.jpg,0,0,0,0,0,1
musa-acuminata-overripe-a0f5661d-1d0a-11ec-8193-d8c4975e38aa_jpg.rf.73cosMcWdcNySFLQGoXI.jpg,0,0,1,0,0,0
musa-acuminata-banana-c65fb910-394a-11ec-8444-d8c4975e38aa_jpg.rf.5pgKg6J3QldD6He5XUuG.jpg,0,0,0,1,0,0
musa-acuminata-freshripe-4c209e80-2653-11ec-9b49-d8c4975e38aa_jpg.rf.7JBbhRbDYEEFxAEJnjvF.jpg,1,0,0,0,0,0
musa-acuminata-freshunripe-6922f99d-1d0a-11ec-8c90-d8c4975e38aa_jpg.rf.6xBkIYRPZqJgQzcqYMtA.jpg,0,1,0,0,0,0
musa-acuminata-freshunripe-72af1a5f-1d0a-11ec-820d-d8c4975e38aa_jpg.rf.6xP3sVo3Oa5oq2uYkGzJ.jpg,0,1,0,0,0,0
musa-acuminata-banana-fafcf188-394a-11ec-8290-d8c4975e38aa_jpg.rf.7bjrXrAJ9XxpySDtcrlk.jpg,1,0,0,1,0,0
musa-acuminata-banana-b1813277-394a-11ec-8c53-d8c4975e38aa_jpg.rf.7KYKvRnb4BcBH7cBaG64.jpg,1,0,0,0,0,0
musa-acuminata-banana-a7dfdf50-394a-11ec-88ff-d8c4975e38aa_jpg.rf.7YNCZ0zaNnhi58BWiieb.jpg,0,0,1,0,0,0
musa-acuminata-freshripe-7c45b546-1d0a-11ec-afe1-d8c4975e38aa_jpg.rf.GqXlkn3pjTd1jJLGZfUe.jpg,1,0,0,0,0,0
musa-acuminata-ripe-6d40d44b-2653-11ec-9b3a-d8c4975e38aa_jpg.rf.Gsj7g8u5aGKFHwlt6F8g.jpg,0,0,0,1,0,0
musa-acuminata-overripe-9bb78926-1d0a-11ec-a910-d8c4975e38aa_jpg.rf.H3pWPfLYnwpmUhHW3i9N.jpg,0,0,1,0,0,0
musa-acuminata-banana-a7f1c210-394a-11ec-8abb-d8c4975e38aa_jpg.rf.HEyIio1OZgHVfIE9qYFn.jpg,0,0,1,0,0,0
musa-acuminata-overripe-a141aafa-1d0a-11ec-ae40-d8c4975e38aa_jpg.rf.HF79joMh56B6uMg4LB97.jpg,0,0,1,0,1,0
musa-acuminata-banana-e52a2161-394a-11ec-8161-d8c4975e38aa_jpg.rf.HJGa289rT4Y3QhX4Y1YD.jpg,0,0,0,1,0,0
musa-acuminata-mold-e1e9f149-1d0a-11ec-b039-d8c4975e38aa_jpg.rf.HODgBi3Zj8bJ4N7OhgEB.jpg,0,0,1,0,1,0
musa-acuminata-banana-a9d2c922-394a-11ec-92f0-d8c4975e38aa_jpg.rf.HP8IL6LzPBkYbmsdGFWO.jpg,0,0,1,0,1,0
musa-acuminata-rotten-8412afea-2653-11ec-82b4-d8c4975e38aa_jpg.rf.HPEgwrPfZLlJULJd1olD.jpg,0,0,0,0,1,0
musa-acuminata-ripe-6c894e6e-2653-11ec-948a-d8c4975e38aa_jpg.rf.HhUdH1WCnRk0k4EMQEwm.jpg,0,0,0,1,0,0
musa-acuminata-freshunripe-75b92bb3-1d0a-11ec-be36-d8c4975e38aa_jpg.rf.HiSyWgxUChWDsKFdBS03.jpg,0,0,0,0,0,1
musa-acuminata-rotten-8ac75098-2653-11ec-b097-d8c4975e38aa_jpg.rf.HiazclZR4EWLAkljMfwj.jpg,0,0,0,0,1,0
musa-acuminata-unripe-5e7f1b99-2653-11ec-a468-d8c4975e38aa---Copy_jpg.rf.I6DnfbMFJ2fnAyn00Zf5.jpg,0,0,0,0,0,1
musa-acuminata-banana-e6f4d934-394a-11ec-96e0-d8c4975e38aa_jpg.rf.I6qVjoj3Tjl1rJ5q2hm8.jpg,0,0,0,1,0,0
musa-acuminata-freshripe-7ce0998f-1d0a-11ec-bed4-d8c4975e38aa_jpg.rf.IC5NTKfOgRGAru2b4DU4.jpg,1,0,0,0,0,0
musa-acuminata-overripe-9f35509d-1d0a-11ec-b25e-d8c4975e38aa_jpg.rf.IHmFDx9CXqC69vVz5UOh.jpg,0,0,1,0,0,0
musa-acuminata-overripe-74f188f8-2653-11ec-87c3-d8c4975e38aa_jpg.rf.PkQTyN9fKnBLThOrdZmB.jpg,0,0,1,0,0,0
musa-acuminata-freshripe-7ef3787a-1d0a-11ec-9e24-d8c4975e38aa_jpg.rf.GnPewmFdKgLKPVaaeUzO.jpg,1,0,0,0,0,0
musa-acuminata-unripe-55bc504b-2653-11ec-80cb-d8c4975e38aa_jpg.rf.GoBy1IuJ9meV44W3MYJ7.jpg,0,0,0,0,0,1
musa-acuminata-overripe-801c8120-2653-11ec-b898-d8c4975e38aa_jpg.rf.GpBaghAYMwrdlu4HLYx2.jpg,0,0,1,0,0,0
musa-acuminata-freshripe-7d9df055-1d0a-11ec-a621-d8c4975e38aa_jpg.rf.QCL4Uz9kKUQ38bP19Xks.jpg,1,0,0,0,0,0
musa-acuminata-ripe-93888048-1d0a-11ec-af7c-d8c4975e38aa_jpg.rf.QCT1aTvDBZn6ysgsbC9t.jpg,0,0,0,1,0,0
musa-acuminata-freshripe-4d4a8be5-2653-11ec-9699-d8c4975e38aa_jpg.rf.QFvKkNR5ss8EoNyWmrYl.jpg,1,0,0,0,0,0
musa-acuminata-overripe-7e14f045-2653-11ec-8ab5-d8c4975e38aa_jpg.rf.QX6aW8hmvfqYebbNCrVj.jpg,0,0,1,0,0,0
musa-acuminata-freshunripe-71be7d35-1d0a-11ec-a17d-d8c4975e38aa_jpg.rf.QZDH4qxOxXWic832hk5W.jpg,0,1,0,0,0,0
musa-acuminata-freshripe-4b2d8281-2653-11ec-90e2-d8c4975e38aa_jpg.rf.QjXJDMDwknjYuh9wDCKd.jpg,1,0,0,0,0,0
musa-acuminata-freshripe-7d2fab14-1d0a-11ec-be78-d8c4975e38aa_jpg.rf.QsX4xNw8iILj7lbi5rFs.jpg,1,0,0,0,0,0
musa-acuminata-overripe-9e2a5f34-1d0a-11ec-8d26-d8c4975e38aa_jpg.rf.QuIRnUveQcHCjpPNAq2B.jpg,0,0,1,0,0,0
musa-acuminata-freshunripe-3baf7f86-2653-11ec-9fe7-d8c4975e38aa_jpg.rf.Qv8s6IK2CDULWIlYsXN1.jpg,0,1,0,0,0,0
musa-acuminata-rotten-aa9fb738-1d0a-11ec-abeb-d8c4975e38aa_jpg.rf.RDbbPy1DMMdaFjh7yQeX.jpg,0,0,0,0,1,0
musa-acuminata-banana-b7017cb4-4037-11ec-b707-94b86d66fd1d_jpg.rf.HFUn1JQd6ALcsMLFTiwY.jpg,0,1,0,0,0,1
musa-acuminata-rotten-aa8ca457-1d0a-11ec-a39a-d8c4975e38aa_jpg.rf.Hd31sS35m9TBoHd0mY6s.jpg,0,0,0,0,1,0
musa-acuminata-banana-9100e0c4-394a-11ec-9173-d8c4975e38aa_jpg.rf.PzOULBZOARts7rzmH3Dw.jpg,0,0,1,0,1,0
musa-acuminata-freshunripe-6a5233cf-1d0a-11ec-8f17-d8c4975e38aa_jpg.rf.Q4NRyl5rktPayZDeQWbG.jpg,0,1,0,0,0,0
musa-acuminata-banana-8d243108-394a-11ec-ad8c-d8c4975e38aa_jpg.rf.I8RamwJJgEh8xLPqCjhS.jpg,0,0,0,0,1,0
musa-acuminata-unripe-87e9ffbb-1d0a-11ec-99a5-d8c4975e38aa-1-_jpg.rf.SJlR1IzdwzcqmaUebiJd.jpg,0,0,0,0,1,1
musa-acuminata-unripe-8dceb219-1d0a-11ec-8474-d8c4975e38aa-1-_jpg.rf.SNTVvF1cK1PNVm2wn014.jpg,0,1,0,0,0,0
musa-acuminata-freshunripe-72b3fc51-1d0a-11ec-a068-d8c4975e38aa_jpg.rf.SWS51Ksv0YZMry9gJKb1.jpg,0,1,0,0,0,0
musa-acuminata-banana-b126d06c-394a-11ec-bff2-d8c4975e38aa_jpg.rf.SgtIdnIYPaODlwnjB8b2.jpg,1,0,0,1,0,0
musa-acuminata-freshunripe-337bb438-2653-11ec-8d97-d8c4975e38aa_jpg.rf.R28zhOqxlE8ndKvHBJPL.jpg,0,1,0,0,0,0
musa-acuminata-banana-accd9ac8-394a-11ec-bc80-d8c4975e38aa_jpg.rf.Rd1ZwxqtWiFdXXO3zBRH.jpg,0,0,1,1,1,0
musa-acuminata-banana-a90ac57f-394a-11ec-939d-d8c4975e38aa_jpg.rf.RFAmf1pus9Mb1vCRpOqh.jpg,0,0,1,0,1,0
musa-acuminata-banana-d0dcb08c-394a-11ec-b01a-d8c4975e38aa_jpg.rf.RXjUJHTVUDbAcWt7c4qu.jpg,0,0,0,1,0,0
musa-acuminata-banana-ebc4a6b8-394a-11ec-9314-d8c4975e38aa_jpg.rf.RdhyP9r1yfuHhAThkHsN.jpg,1,0,0,0,0,0
musa-acuminata-rotten-b9c50215-1d0a-11ec-aa9b-d8c4975e38aa_jpg.rf.S23DgjgNpYmCsrYj4Wm2.jpg,0,0,0,0,1,0
musa-acuminata-freshripe-7be55fdc-1d0a-11ec-9710-d8c4975e38aa_jpg.rf.RImGjUOSGevcknGfbiCf.jpg,1,0,0,0,0,0
musa-acuminata-banana-d92f3f96-394a-11ec-9c44-d8c4975e38aa_jpg.rf.SD54a29kY05mQfffZfDn.jpg,0,0,0,1,0,0
musa-acuminata-banana-967cdc40-394a-11ec-b8d8-d8c4975e38aa_jpg.rf.ROhumXp5h5sVubxhnofj.jpg,0,0,1,0,1,0
musa-acuminata-banana-a809bfdb-4037-11ec-aaa2-94b86d66fd1d_jpg.rf.mhPRvxtdiB9HClIZmy2P.jpg,0,0,0,1,0,0
musa-acuminata-freshunripe-67ca0e45-1d0a-11ec-ba8e-d8c4975e38aa_jpg.rf.mpiFe2s67c7vMZfswTga.jpg,0,1,0,0,0,0
musa-acuminata-banana-b3e55c81-4037-11ec-9718-94b86d66fd1d_jpg.rf.mpodfy9rLmOLboF6knDQ.jpg,0,1,0,0,0,1
musa-acuminata-freshunripe-2ff6c56f-2653-11ec-ba30-d8c4975e38aa_jpg.rf.mr0MWTPiaQm0MYB8hdzr.jpg,0,1,0,0,0,0
musa-acuminata-banana-ad8c0d9a-4037-11ec-8160-94b86d66fd1d_jpg.rf.mrqrS8vh60Gx1STAPvg3.jpg,1,0,0,0,0,0
musa-acuminata-freshripe-78b34c9a-1d0a-11ec-b6b0-d8c4975e38aa_jpg.rf.mt0ylKSjwWAt8LrSClzG.jpg,1,0,0,0,0,0
musa-acuminata-rotten-b2f789aa-1d0a-11ec-be4b-d8c4975e38aa_jpg.rf.nC1M6U0IVPgqmEYTixSv.jpg,0,0,0,0,1,0
musa-acuminata-banana-c4ab51c5-4037-11ec-94b2-94b86d66fd1d_jpg.rf.nPftKQsnn3QlUOXVfFA4.jpg,1,0,0,1,0,0
musa-acuminata-freshunripe-319f0516-2653-11ec-98a6-d8c4975e38aa_jpg.rf.nkNBv1QKp7JcdkzTsYXO.jpg,0,1,0,0,0,0
musa-acuminata-ripe-93d26327-1d0a-11ec-9e04-d8c4975e38aa_jpg.rf.nsBgaB983ca6sSkg9rOf.jpg,0,0,0,1,0,0
musa-acuminata-banana-83523fcb-394a-11ec-be78-d8c4975e38aa_jpg.rf.nwkqKJJevki5ZuixWJ8R.jpg,0,0,1,0,1,0
musa-acuminata-banana-8786f8ef-394a-11ec-9572-d8c4975e38aa_jpg.rf.S45FkVggbANWHT2txFZm.jpg,0,0,1,0,1,0
musa-acuminata-banana-c8ec0b29-4037-11ec-83d5-94b86d66fd1d_jpg.rf.Srm7P4Fm0qJRyVAfxCJt.jpg,0,0,0,1,0,0
musa-acuminata-mold-e3ac6a2c-1d0a-11ec-b96f-d8c4975e38aa_jpg.rf.llPfWCNDo1Uy4uPPhhPC.jpg,0,0,1,0,1,0
musa-acuminata-overripe-7e59489b-2653-11ec-9e53-d8c4975e38aa_jpg.rf.lemgYxLFuQVp7H7BoM4f.jpg,0,0,1,0,0,0
musa-acuminata-freshunripe-297986eb-2653-11ec-b75a-d8c4975e38aa_jpg.rf.laArH5jQ5SdETtlEaAry.jpg,0,1,0,0,0,0
musa-acuminata-banana-b5bcf3b7-394a-11ec-84e2-d8c4975e38aa_jpg.rf.SiFheBAXPsksMlZXBNVf.jpg,1,0,0,1,1,0
musa-acuminata-banana-87db3ea6-394a-11ec-b380-d8c4975e38aa_jpg.rf.lxUWUBeCxZuCP3e53eTJ.jpg,0,0,1,0,1,0
musa-acuminata-banana-c7efc097-394a-11ec-9a97-d8c4975e38aa_jpg.rf.lqUnzxw95ISLZfsjDH7M.jpg,0,0,0,1,0,0
musa-acuminata-rotten-881bee40-2653-11ec-9237-d8c4975e38aa_jpg.rf.lp0pf29DeaqWfWig257Z.jpg,0,0,0,0,1,0
musa-acuminata-freshripe-7aa283ee-1d0a-11ec-8f04-d8c4975e38aa_jpg.rf.mVvVGuopaRrp1bQmCqlb.jpg,1,0,0,0,0,0
musa-acuminata-overripe-7e8970a9-2653-11ec-85a9-d8c4975e38aa_jpg.rf.ltGexAs740GhZf4O1xl5.jpg,0,0,1,0,0,0
musa-acuminata-freshunripe-1e2d45d7-2653-11ec-a4e3-d8c4975e38aa_jpg.rf.Ssvq0MGPZapGbHEsaRsc.jpg,0,1,0,0,0,0
musa-acuminata-banana-a7ba89fe-394a-11ec-a361-d8c4975e38aa_jpg.rf.o6Kn7uj9kZkzsZKa2RQe.jpg,0,0,1,0,0,0
musa-acuminata-banana-fe4340cc-394a-11ec-ab08-d8c4975e38aa_jpg.rf.o7p5JOUZ4tjavbXAq7d8.jpg,1,0,0,1,0,0
musa-acuminata-banana-8b6bc840-394a-11ec-b09c-d8c4975e38aa_jpg.rf.oDNbPd9BAhZSZ5exkOnr.jpg,0,0,0,0,1,0
musa-acuminata-rotten-a2fa99f2-1d0a-11ec-9e29-d8c4975e38aa_jpg.rf.oPCbKgAXHmgQsoe30xl7.jpg,0,0,0,0,1,0
musa-acuminata-banana-e9350a19-394a-11ec-8eca-d8c4975e38aa_jpg.rf.oVdeMBy4U0XEILXYpHQ5.jpg,1,0,0,1,0,0
musa-acuminata-banana-a758a19c-394a-11ec-98fa-d8c4975e38aa_jpg.rf.oVeS9j6C1JQHVRHmOuTw.jpg,0,0,0,0,1,0
musa-acuminata-rotten-8d3de9da-2653-11ec-8b5d-d8c4975e38aa_jpg.rf.obLEf2NMsU8ZjV17DwQv.jpg,0,0,0,0,1,0
musa-acuminata-freshripe-44b50884-2653-11ec-b84d-d8c4975e38aa_jpg.rf.objAxkOuM56yFiG91QcS.jpg,1,0,0,0,0,0
musa-acuminata-banana-96fbd964-394a-11ec-b2ce-d8c4975e38aa_jpg.rf.PChGV615EEB5EIi4nwzO.jpg,0,0,0,0,1,0
musa-acuminata-ripe-91c3a7d8-1d0a-11ec-96ef-d8c4975e38aa_jpg.rf.POZNxrRBQ3t0OMRwQUDq.jpg,0,0,0,1,0,0
musa-acuminata-rotten-85f1072c-2653-11ec-9c84-d8c4975e38aa_jpg.rf.PRu75OSMRCvh7SZYi1ZF.jpg,0,0,0,0,1,0
musa-acuminata-banana-9eb1840f-394a-11ec-9a5c-d8c4975e38aa_jpg.rf.o5s1Ye08lUttVnlxwhlo.jpg,0,0,0,0,1,0
musa-acuminata-freshunripe-6bf98eaf-1d0a-11ec-a932-d8c4975e38aa_jpg.rf.o5oQy1Fnrbpr28BnZ5q1.jpg,0,1,0,0,0,0
musa-acuminata-mold-e4be8234-1d0a-11ec-b31a-d8c4975e38aa_jpg.rf.QuRnpSrW08I3t3hOtjwW.jpg,0,0,1,0,0,0
musa-acuminata-ripe-91a70cb3-1d0a-11ec-ab9b-d8c4975e38aa_jpg.rf.RGRslnItN3z0PF54Wvrg.jpg,0,0,0,1,0,0
musa-acuminata-overripe-9c16de32-1d0a-11ec-a6ef-d8c4975e38aa_jpg.rf.RKdQ5dIUiFEUghkCFxtx.jpg,0,0,1,0,0,0
musa-acuminata-ripe-968f1d36-1d0a-11ec-b698-d8c4975e38aa_jpg.rf.RmagEKwOVYRpAL07ZyWX.jpg,0,0,0,1,1,0
musa-acuminata-rotten-a221b5b5-1d0a-11ec-ba13-d8c4975e38aa_jpg.rf.RqtUmoleH7g8DGgbJ7w6.jpg,0,0,0,0,1,0
musa-acuminata-unripe-5c241b6c-2653-11ec-8660-d8c4975e38aa---Copy_jpg.rf.RuCnVjei1DINGvlyBfKQ.jpg,0,0,0,0,1,1
musa-acuminata-banana-ed98d4d7-394a-11ec-aaab-d8c4975e38aa_jpg.rf.oWi6qswW1SP65yIZjuOR.jpg,1,0,0,0,0,0
musa-acuminata-overripe-7f86f54b-2653-11ec-a686-d8c4975e38aa_jpg.rf.Pq2wCvWP7kc5ZP45fQl5.jpg,0,0,1,0,0,0
musa-acuminata-rotten-85bc599e-2653-11ec-8958-d8c4975e38aa_jpg.rf.Pec2kXu0nzbT3IGhEUV7.jpg,0,0,0,0,1,0
musa-acuminata-banana-fb7c3717-394a-11ec-9be7-d8c4975e38aa_jpg.rf.PiHIT1zIX3cmtAP8e0Ug.jpg,0,0,0,1,0,0
musa-acuminata-overripe-9ec7ad65-1d0a-11ec-b896-d8c4975e38aa_jpg.rf.QY9FsfEwCX7ZhTlJDOwN.jpg,0,0,1,0,0,0
musa-acuminata-ripe-6b1f06aa-2653-11ec-8495-d8c4975e38aa_jpg.rf.PsmQnpx6xXcSBkPTNh9T.jpg,0,0,0,1,0,0
musa-acuminata-ripe-98ea1ebf-1d0a-11ec-b550-d8c4975e38aa_jpg.rf.Pl8UWrSa5jDkQLeMzsKX.jpg,0,0,0,1,1,0
musa-acuminata-banana-ab7fd629-394a-11ec-855b-d8c4975e38aa_jpg.rf.PxiLisU6rFQieBmhEmel.jpg,0,0,1,1,0,0
musa-acuminata-freshunripe-7232310b-1d0a-11ec-a5bb-d8c4975e38aa_jpg.rf.QHrIkveOOPlV5euvMMGT.jpg,0,1,0,0,0,0
musa-acuminata-banana-a86f1b7b-394a-11ec-89c1-d8c4975e38aa_jpg.rf.PusWGBMbwUtXttyNqGht.jpg,0,0,0,0,1,0
musa-acuminata-banana-c5c7cf02-394a-11ec-85ab-d8c4975e38aa_jpg.rf.Qmf4iwxub52osX1wzYhr.jpg,1,0,0,1,0,0
musa-acuminata-banana-979b3d9d-394a-11ec-81bb-d8c4975e38aa_jpg.rf.QCMRWL5XSps8INS9Vjvi.jpg,0,0,1,0,1,0
musa-acuminata-banana-fb68d05e-394a-11ec-beb9-d8c4975e38aa_jpg.rf.SMi2OVCf1gS3SNVfQ83t.jpg,0,0,0,1,0,0
musa-acuminata-freshripe-4b0c2453-2653-11ec-8e82-d8c4975e38aa_jpg.rf.SIS4jiWGaSSvkmWEbEW9.jpg,1,0,0,0,0,0
musa-acuminata-ripe-6d72e1a4-2653-11ec-93e9-d8c4975e38aa_jpg.rf.SOT4HbVsLb9IrCRPXHIB.jpg,0,0,0,1,0,0
musa-acuminata-freshunripe-6d348b6e-1d0a-11ec-b361-d8c4975e38aa_jpg.rf.SPVJzMgVvIpC6y9QdGfR.jpg,0,1,0,0,0,0
musa-acuminata-rotten-88f96aa0-2653-11ec-bcb5-d8c4975e38aa_jpg.rf.S8xAF9mdTF7CaAHyKDES.jpg,0,0,0,0,1,0
musa-acuminata-freshripe-7a2e1c34-1d0a-11ec-9936-d8c4975e38aa_jpg.rf.SY0fWhMsZu6jPphCaVAN.jpg,1,0,0,0,0,0
musa-acuminata-overripe-a1761a6f-1d0a-11ec-8256-d8c4975e38aa_jpg.rf.S30aJVj0cvLO4A9evSFY.jpg,0,0,1,0,1,0
musa-acuminata-banana-c5806f40-394a-11ec-b3f7-d8c4975e38aa_jpg.rf.Sdv23XWrApwa0N0ynEJs.jpg,1,0,0,1,0,0
musa-acuminata-freshripe-7e75e9bc-1d0a-11ec-83fe-d8c4975e38aa_jpg.rf.ScIT3ltQzr8texumX6Xn.jpg,1,0,0,0,0,0
musa-acuminata-banana-a8d2b060-394a-11ec-9891-d8c4975e38aa_jpg.rf.Sceylf5xIv5b1ICyTGHX.jpg,0,0,1,0,1,0
musa-acuminata-rotten-bbe1ea90-1d0a-11ec-9603-d8c4975e38aa_jpg.rf.vszWAUz6oZBhls8UzxES.jpg,0,0,0,0,1,0
musa-acuminata-overripe-7ec78f87-2653-11ec-ac0a-d8c4975e38aa_jpg.rf.9nRg7OdXFQlBpNwEGmdA.jpg,0,0,1,0,1,0
musa-acuminata-unripe-851a31b5-1d0a-11ec-b4d4-d8c4975e38aa-1-_jpg.rf.vsoR6qkyFgOrypE1Kc9E.jpg,0,0,0,0,1,1
musa-acuminata-freshunripe-6e59df76-1d0a-11ec-b918-d8c4975e38aa_jpg.rf.9twcyhdmO1KRBc1Af24e.jpg,0,1,0,0,0,0
musa-acuminata-banana-a6772f89-394a-11ec-9202-d8c4975e38aa_jpg.rf.8f5W6AuTMc6LwsG7uR7p.jpg,0,0,1,0,1,0
musa-acuminata-banana-d1ede7d7-4037-11ec-84f4-94b86d66fd1d_jpg.rf.A10vD6SyQSB5gUMJpH6u.jpg,1,0,0,0,0,0
musa-acuminata-ripe-9233abed-1d0a-11ec-b957-d8c4975e38aa_jpg.rf.9yPjgI64QlfuEoyybmC5.jpg,0,0,0,1,0,0
musa-acuminata-banana-cab351df-394a-11ec-84f0-d8c4975e38aa_jpg.rf.8mYO9iHvhH0QAPE8770C.jpg,1,0,0,0,0,0
musa-acuminata-ripe-6a998e08-2653-11ec-9477-d8c4975e38aa_jpg.rf.AJFQEr4VGcFIQyctgnDV.jpg,0,0,0,1,0,0
musa-acuminata-freshripe-779441d9-1d0a-11ec-9064-d8c4975e38aa_jpg.rf.AlkJpWY7Li3fOV8sUnas.jpg,1,0,0,0,0,0
musa-acuminata-banana-e6fa2636-394a-11ec-b517-d8c4975e38aa_jpg.rf.AMYNUZqlarG6mOoryQWX.jpg,0,0,0,1,0,0
musa-acuminata-rotten-8134d8f4-2653-11ec-ae58-d8c4975e38aa_jpg.rf.AcdpEtVjEGr99XBFEnIy.jpg,0,0,0,0,1,0
musa-acuminata-overripe-754e7d16-2653-11ec-9fb4-d8c4975e38aa_jpg.rf.vw73j991N1BysbDjb3VA.jpg,0,0,1,0,1,0
musa-acuminata-overripe-7b9d3bc8-2653-11ec-91a4-d8c4975e38aa_jpg.rf.AoBQhCvsXzJFvaDn12K1.jpg,0,0,1,0,1,0
musa-acuminata-ripe-6ca5e869-2653-11ec-83cf-d8c4975e38aa_jpg.rf.BE77IK6WOSiB40KiOELI.jpg,0,0,0,1,0,0
musa-acuminata-banana-c3f97685-394a-11ec-9b2c-d8c4975e38aa_jpg.rf.B8BHxIOe0AoGXPTJHR9A.jpg,0,0,0,1,0,0
musa-acuminata-overripe-9d327efa-1d0a-11ec-b8a3-d8c4975e38aa_jpg.rf.BGA16hI77vXGikUydhyS.jpg,0,0,1,0,0,0
musa-acuminata-ripe-98cd87ba-1d0a-11ec-9639-d8c4975e38aa_jpg.rf.9DNkc6VOadPgQou4WfNc.jpg,0,0,0,1,1,0
musa-acuminata-rotten-8d8d2c8b-2653-11ec-81ca-d8c4975e38aa_jpg.rf.BNOAAPHIIzxFMveOsPHI.jpg,0,0,0,0,1,0
musa-acuminata-overripe-7df1bcc9-2653-11ec-969b-d8c4975e38aa_jpg.rf.BVv51E3KN60caLLLxQGq.jpg,0,0,1,0,0,0
musa-acuminata-freshripe-7c64694b-1d0a-11ec-9932-d8c4975e38aa_jpg.rf.BbcHKc8goXLo7U90OVfJ.jpg,1,0,0,0,0,0
musa-acuminata-banana-ae4bde59-394a-11ec-8880-d8c4975e38aa_jpg.rf.BcuSFGguHUGoVkUCaQJ8.jpg,0,0,0,1,0,0
musa-acuminata-banana-971cb2dd-4037-11ec-a077-94b86d66fd1d_jpg.rf.BjvCvTMK4JptjyVcqrtp.jpg,1,0,0,0,0,0
musa-acuminata-banana-85765f41-394a-11ec-b7c3-d8c4975e38aa_jpg.rf.wEEv1qaPYHoKJwcWYpEJ.jpg,0,0,0,1,1,0
musa-acuminata-banana-c61bf418-394a-11ec-a18c-d8c4975e38aa_jpg.rf.wJzS2o3gvGrLNA2XrxnI.jpg,1,0,0,1,0,0
musa-acuminata-freshunripe-66a410e5-1d0a-11ec-bed5-d8c4975e38aa_jpg.rf.wLfyFGSg7cUfOMUgN52J.jpg,0,1,0,0,0,0
musa-acuminata-freshripe-4cd36024-2653-11ec-a835-d8c4975e38aa_jpg.rf.wWKEkPXJ59ILfCJLzTJU.jpg,1,0,0,0,0,0
musa-acuminata-banana-d7b036fc-394a-11ec-a51c-d8c4975e38aa_jpg.rf.wjHD1gdAiqtKRNqxTXPF.jpg,1,0,0,1,0,0
musa-acuminata-freshunripe-71d6e2c3-1d0a-11ec-988f-d8c4975e38aa_jpg.rf.wmTkkd2eImpzjQt2he2f.jpg,0,1,0,0,0,0
musa-acuminata-banana-c6a6f60e-394a-11ec-8b36-d8c4975e38aa_jpg.rf.weCevneTZLCtz4jjfYtu.jpg,1,0,0,0,0,0
musa-acuminata-unripe-8a796e0e-1d0a-11ec-b972-d8c4975e38aa-1-_jpg.rf.wgHOx6fe5chTwMFqyXWa.jpg,0,1,0,0,0,1
musa-acuminata-rotten-811b21a6-2653-11ec-89fa-d8c4975e38aa_jpg.rf.wrBdxp4IdlGyIiXPukqW.jpg,0,0,1,0,0,0
musa-acuminata-rotten-82617cb4-2653-11ec-9f34-d8c4975e38aa_jpg.rf.wz9YqGy6drkkJKHLATOY.jpg,0,0,0,0,1,0
musa-acuminata-freshripe-7cc20bc2-1d0a-11ec-9203-d8c4975e38aa_jpg.rf.xCPJvyrW0aUmYypbmiKJ.jpg,1,0,0,0,0,0
musa-acuminata-unripe-8a63faa8-1d0a-11ec-aaf1-d8c4975e38aa-1-_jpg.rf.x2BSlyImNv0oH1kDbrnn.jpg,0,1,0,0,0,1
musa-acuminata-banana-c6f45c4c-4037-11ec-ada2-94b86d66fd1d_jpg.rf.xEkGhGmbydiaXT8UV1co.jpg,0,0,0,1,0,0
musa-acuminata-mold-e4ca6de8-1d0a-11ec-8593-d8c4975e38aa_jpg.rf.9RFNLwNun0ZS7B3rShuB.jpg,0,0,1,0,0,0
musa-acuminata-mold-e34389ef-1d0a-11ec-af2b-d8c4975e38aa_jpg.rf.xKMJ1B2OFNGvM2DOKPs0.jpg,0,0,1,0,0,0
musa-acuminata-banana-c72a8641-394a-11ec-ab0a-d8c4975e38aa_jpg.rf.wpj8aPm4HVGTBtKPIfKn.jpg,1,0,0,0,0,0
musa-acuminata-unripe-9132432b-1d0a-11ec-8027-d8c4975e38aa-1-_jpg.rf.xW5sSFcNrwGYQtHdhkPA.jpg,0,1,0,0,0,0
musa-acuminata-banana-e5155d2f-394a-11ec-8bee-d8c4975e38aa_jpg.rf.xGI5dzmPQwRftXV7phON.jpg,0,0,0,1,0,0
musa-acuminata-mold-e3b5f18e-1d0a-11ec-bf37-d8c4975e38aa_jpg.rf.xVKkDEdVFhfXT4bAwEjn.jpg,0,0,1,0,1,0
musa-acuminata-unripe-914c7af0-1d0a-11ec-b3de-d8c4975e38aa-1-_jpg.rf.xkDBhrDqP50278YCi2hD.jpg,0,1,0,0,0,1
musa-acuminata-banana-a09f209d-394a-11ec-a911-d8c4975e38aa_jpg.rf.8gt15fcTbpOM3hMvKJGo.jpg,0,0,0,0,1,0
musa-acuminata-banana-8d846bc9-394a-11ec-a0b3-d8c4975e38aa_jpg.rf.8iTiT2w3eXPrKDb6Ms9q.jpg,0,0,1,0,0,0
musa-acuminata-banana-8e33a8ea-394a-11ec-81f1-d8c4975e38aa_jpg.rf.xrD6BzxV6JB3US3NdVbW.jpg,0,0,0,0,1,0
musa-acuminata-banana-f0476f97-394a-11ec-b832-d8c4975e38aa_jpg.rf.xzBAuyzVw6i1Fpvj1wTp.jpg,0,0,0,1,0,0
musa-acuminata-freshripe-7e3f3574-1d0a-11ec-90f8-d8c4975e38aa_jpg.rf.xrDvP1LpTryJKGWlhcs5.jpg,1,0,0,0,0,0
musa-acuminata-rotten-beb70a20-1d0a-11ec-9a49-d8c4975e38aa_jpg.rf.yDVsTOvGqF7ApI5Oo6xQ.jpg,0,0,0,0,1,0
musa-acuminata-banana-bd697e6c-4037-11ec-9936-94b86d66fd1d_jpg.rf.yGXERSgBMfidoQkHynBx.jpg,0,0,0,1,0,0
musa-acuminata-rotten-b814fd83-1d0a-11ec-8d9a-d8c4975e38aa_jpg.rf.y0smvVFj7KXl0L8Zuvoi.jpg,0,0,0,1,1,0
musa-acuminata-rotten-8f6bce8f-2653-11ec-90aa-d8c4975e38aa_jpg.rf.yUf6DNdmqGyiiCA3EzaS.jpg,0,0,0,1,1,0
musa-acuminata-ripe-6b9af6c7-2653-11ec-abf6-d8c4975e38aa_jpg.rf.yXMRw6Hx0Ho9ubdNrpfY.jpg,0,0,0,1,0,0
musa-acuminata-freshunripe-6e039ee8-1d0a-11ec-acb6-d8c4975e38aa_jpg.rf.yXVDQyQ85pAkmeQOo5ra.jpg,0,1,0,0,0,0
musa-acuminata-ripe-6c35e2e6-2653-11ec-a920-d8c4975e38aa_jpg.rf.vzXTb5aGMJYGNAR5GgYL.jpg,0,0,0,1,0,0
musa-acuminata-freshunripe-3885242f-2653-11ec-803c-d8c4975e38aa_jpg.rf.xlI5ttGxjYewioPvQgKS.jpg,0,1,0,0,0,0
musa-acuminata-mold-e52c26de-1d0a-11ec-bda5-d8c4975e38aa_jpg.rf.y2Qt0UCkzmhqJZWFOMCt.jpg,0,0,1,0,0,0
musa-acuminata-ripe-92740625-1d0a-11ec-ad44-d8c4975e38aa_jpg.rf.mcx88vpwGJy9uDoLMlnW.jpg,0,0,0,1,0,0
musa-acuminata-ripe-72b7e71b-2653-11ec-a72d-d8c4975e38aa_jpg.rf.nPqySsV12X06DhNIWi7P.jpg,0,0,0,0,1,0
musa-acuminata-banana-aecb6d18-394a-11ec-b938-d8c4975e38aa_jpg.rf.nRVPijsu5UnPLSJHavCd.jpg,0,0,0,1,0,0
musa-acuminata-banana-8f156f1f-394a-11ec-be9a-d8c4975e38aa_jpg.rf.mjqwqH2oqklVSkrPl5Eb.jpg,0,0,1,0,0,0
musa-acuminata-mold-e47e28df-1d0a-11ec-b2f9-d8c4975e38aa_jpg.rf.moskcCbhQLoxkCCKc26H.jpg,0,0,1,0,0,0
musa-acuminata-banana-d1316d25-4037-11ec-8ff5-94b86d66fd1d_jpg.rf.n7NCO8KYa6we5iR6dNVU.jpg,0,0,0,1,0,0
musa-acuminata-banana-a33bd066-394a-11ec-98de-d8c4975e38aa_jpg.rf.mtXLoNEk1BOQqCRgTyDE.jpg,0,0,0,1,1,0
musa-acuminata-banana-d3369e65-394a-11ec-ad0b-d8c4975e38aa_jpg.rf.nMeS7U0vlyeDvHM7pEV4.jpg,1,0,0,1,0,0
musa-acuminata-ripe-92930247-1d0a-11ec-b0fb-d8c4975e38aa_jpg.rf.nMvlTLp7A85NAR73pFl1.jpg,0,0,0,1,0,0
musa-acuminata-ripe-6bc83fbf-2653-11ec-9756-d8c4975e38aa_jpg.rf.nnFwjOcNkHHTjwgSDO97.jpg,0,0,0,1,0,0
musa-acuminata-freshripe-4b0e8699-2653-11ec-8492-d8c4975e38aa_jpg.rf.nqNb2XjDYMnsUHxGCikd.jpg,1,0,0,0,0,0
musa-acuminata-overripe-7c75482a-2653-11ec-8245-d8c4975e38aa_jpg.rf.nfTTOyWfCTFeIqk0h4Rb.jpg,0,0,1,0,0,0
musa-acuminata-freshripe-4a6c73e9-2653-11ec-8075-d8c4975e38aa_jpg.rf.naUX2QGea6Mvic8ybdMO.jpg,1,0,0,0,0,0
musa-acuminata-overripe-9dd6f391-1d0a-11ec-88b2-d8c4975e38aa_jpg.rf.oFKrnvk7BKrKxuyZl9dE.jpg,0,0,1,0,1,0
musa-acuminata-mold-e68ce469-1d0a-11ec-b447-d8c4975e38aa_jpg.rf.oGR0QyumTfYOIrWjiD9M.jpg,0,0,1,0,0,0
musa-acuminata-banana-9838e693-394a-11ec-8841-d8c4975e38aa_jpg.rf.8rsZ0nVI8J70x6ybFSS2.jpg,0,0,1,0,0,0
musa-acuminata-ripe-93eefd0e-1d0a-11ec-8525-d8c4975e38aa_jpg.rf.ntfQwQhuX1I1pvEMa1W3.jpg,0,0,0,1,0,0
musa-acuminata-unripe-8734db65-1d0a-11ec-879a-d8c4975e38aa-1-_jpg.rf.nzNIOpIMdnUVtc85etXU.jpg,0,0,0,0,1,1
musa-acuminata-rotten-86fec5f0-2653-11ec-a49d-d8c4975e38aa_jpg.rf.oE8jGTBBhWYlIQEKWjdf.jpg,0,0,0,0,1,0
musa-acuminata-overripe-76dc8510-2653-11ec-8260-d8c4975e38aa_jpg.rf.o2bG8yziv4zf4KJQttDM.jpg,0,0,1,0,1,0
musa-acuminata-banana-c28791f3-4037-11ec-a744-94b86d66fd1d_jpg.rf.o7EN7jLyHabQZAiIT7RN.jpg,0,0,0,1,0,0
musa-acuminata-overripe-7662f738-2653-11ec-ad21-d8c4975e38aa_jpg.rf.nzqQ3r1fDC7BC2nZU2Jm.jpg,0,0,1,0,0,0
musa-acuminata-freshunripe-65d14c69-1d0a-11ec-84a5-d8c4975e38aa_jpg.rf.oO1ZXBLYzJJquUjOUvUc.jpg,0,1,0,0,0,0
musa-acuminata-freshripe-79a0cd4d-1d0a-11ec-a1e0-d8c4975e38aa_jpg.rf.oQPw6fuvaTOlNxBeToB4.jpg,1,0,0,0,0,0
musa-acuminata-unripe-8bbff580-1d0a-11ec-8720-d8c4975e38aa-1-_jpg.rf.oVM9ehtIHm6tTWZyBooE.jpg,0,0,0,0,0,1
musa-acuminata-banana-abedbf54-394a-11ec-ae78-d8c4975e38aa_jpg.rf.w4dFprOtLDNfnd4qQP1m.jpg,0,0,1,1,0,0
musa-acuminata-freshunripe-296ffe54-2653-11ec-a6a7-d8c4975e38aa_jpg.rf.oas4Kp8iClRtsoyTHq3c.jpg,0,1,0,0,0,0
musa-acuminata-rotten-b0b8fdd7-1d0a-11ec-bd9e-d8c4975e38aa_jpg.rf.oeEMyQu5NGcfJIjXfbTs.jpg,0,0,0,0,1,0
musa-acuminata-freshunripe-6d396d59-1d0a-11ec-89fb-d8c4975e38aa_jpg.rf.ojF0roUO9z3TkaAQ2dXk.jpg,0,1,0,0,0,0
musa-acuminata-banana-afdcc489-394a-11ec-99a9-d8c4975e38aa_jpg.rf.olOiWOwVpvG3clhpQeSa.jpg,1,0,0,0,0,0
musa-acuminata-overripe-7ec8eb2d-2653-11ec-bd37-d8c4975e38aa_jpg.rf.oNrWHBdmDTHkJQFFkPnp.jpg,0,0,1,0,1,0
musa-acuminata-ripe-949f5cae-1d0a-11ec-9f19-d8c4975e38aa_jpg.rf.oNjCf7lYfWJjn4z5vW1e.jpg,0,0,0,1,0,0
musa-acuminata-banana-abaee995-394a-11ec-a42f-d8c4975e38aa_jpg.rf.lEDP5DII7uEp8h3T1u2A.jpg,0,0,1,1,0,0
musa-acuminata-banana-dcdf7392-394a-11ec-b615-d8c4975e38aa_jpg.rf.lIxgNYJ5H7sCF0Pc0ln3.jpg,0,0,0,1,0,0
musa-acuminata-rotten-8a7850bd-2653-11ec-af1f-d8c4975e38aa_jpg.rf.lQXHLwKmItcFL87KyIZj.jpg,0,0,0,0,1,0
musa-acuminata-freshunripe-318991a8-2653-11ec-ac1d-d8c4975e38aa_jpg.rf.leMOxAkYMqbTU4PRGWxm.jpg,0,1,0,0,0,0
musa-acuminata-unripe-8c692e9b-1d0a-11ec-a797-d8c4975e38aa-1-_jpg.rf.lAdEalx2PamTF9wC4Zj2.jpg,0,0,0,0,0,1
musa-acuminata-banana-84be3e10-394a-11ec-807d-d8c4975e38aa_jpg.rf.l5H9PG6tGwqFd6fjJ0d8.jpg,0,0,1,0,0,0
musa-acuminata-ripe-72621827-2653-11ec-a370-d8c4975e38aa_jpg.rf.ljslQJrp0uQs71W99vtl.jpg,0,0,0,1,1,0
musa-acuminata-freshripe-7ba4a2ce-1d0a-11ec-8653-d8c4975e38aa_jpg.rf.lmc3YOnYMMwUy5CC5xrh.jpg,1,0,0,0,0,0
musa-acuminata-banana-abdb540c-394a-11ec-86cc-d8c4975e38aa_jpg.rf.lgPt3V6rlfjPENOCUbqW.jpg,0,0,1,1,0,0
musa-acuminata-freshunripe-63e70952-1d0a-11ec-8261-d8c4975e38aa_jpg.rf.linXnibsGNH6EzXX0IV3.jpg,0,1,0,0,0,0
musa-acuminata-freshripe-7d798342-1d0a-11ec-8d48-d8c4975e38aa_jpg.rf.lgTjVCB9JqSsuxr8ZLWC.jpg,1,0,0,0,0,0
musa-acuminata-overripe-8009293d-2653-11ec-af7e-d8c4975e38aa_jpg.rf.ljAtbydHKsrxwqLDXnjw.jpg,0,0,1,0,1,0
musa-acuminata-unripe-606a179a-2653-11ec-9004-d8c4975e38aa---Copy_jpg.rf.ljQHBmSDKOVZUBR6TBou.jpg,0,0,0,0,1,0
musa-acuminata-freshunripe-273fe3a4-2653-11ec-ac35-d8c4975e38aa_jpg.rf.lioblSG4wEaLuQyo9dKw.jpg,0,1,0,0,0,0
musa-acuminata-freshunripe-74dd97c3-1d0a-11ec-8345-d8c4975e38aa_jpg.rf.lmkZc9pYf2ssk8JEOLHN.jpg,0,0,0,0,0,1
musa-acuminata-mold-e4b9bd9f-1d0a-11ec-9239-d8c4975e38aa_jpg.rf.lxjgNEAV5iaByHBQ0UNU.jpg,0,0,1,0,0,0
musa-acuminata-banana-8e7e718d-394a-11ec-97d0-d8c4975e38aa_jpg.rf.lxTPcMep5zHfmdL0iqkO.jpg,0,0,1,0,1,0
musa-acuminata-banana-cafacc22-4037-11ec-b506-94b86d66fd1d_jpg.rf.lxJl3AJj6bxtg31uN2D9.jpg,1,0,0,1,0,0
musa-acuminata-freshripe-77f9064a-1d0a-11ec-8e96-d8c4975e38aa_jpg.rf.m1zGASG0342jsZze1A0t.jpg,1,0,0,0,0,0
musa-acuminata-banana-c4237295-394a-11ec-9814-d8c4975e38aa_jpg.rf.m8QcTaRi54m7lJmxRayJ.jpg,0,0,0,1,0,0
musa-acuminata-unripe-8fd8aa49-1d0a-11ec-9573-d8c4975e38aa-1-_jpg.rf.m2wZOGRNaMAp0S4qmfzJ.jpg,0,0,0,0,0,1
musa-acuminata-freshripe-4c5c345b-2653-11ec-844d-d8c4975e38aa_jpg.rf.mZ1pnQfwZsFUz9M63byk.jpg,1,0,0,0,0,0
musa-acuminata-freshripe-4426071b-2653-11ec-9bcf-d8c4975e38aa_jpg.rf.m3ARlZjOMi1Z3GUiVCXf.jpg,1,0,0,0,0,0
musa-acuminata-unripe-882f1b98-1d0a-11ec-bc2e-d8c4975e38aa-1-_jpg.rf.m2OW4rXNNp3hFpIeiGhI.jpg,0,0,0,0,1,1
musa-acuminata-mold-e3e59c90-1d0a-11ec-9faf-d8c4975e38aa_jpg.rf.m2FUTPc77fbRLXB8a5uT.jpg,0,0,1,0,1,0
musa-acuminata-banana-b43d44ae-394a-11ec-9c4a-d8c4975e38aa_jpg.rf.mMPJ23S8l28Ix4jnwcFM.jpg,1,0,0,0,0,0
musa-acuminata-banana-958a57fc-394a-11ec-8910-d8c4975e38aa_jpg.rf.UaxSs3Rhx41NiYtTGfxD.jpg,0,0,1,0,1,0
musa-acuminata-banana-9be89833-394a-11ec-a5ea-d8c4975e38aa_jpg.rf.UbEkdDLCu7vZvPjSxmxf.jpg,0,0,0,0,1,0
musa-acuminata-overripe-7e7ce14d-2653-11ec-8b88-d8c4975e38aa_jpg.rf.ma6ILqsb45jNWhwl1JMI.jpg,0,0,1,0,0,0
musa-acuminata-banana-8f0ffb56-394a-11ec-9b3a-d8c4975e38aa_jpg.rf.mbUHpmdAnSb8wVSLAp0O.jpg,0,0,1,0,1,0
musa-acuminata-overripe-9ef759c5-1d0a-11ec-9320-d8c4975e38aa_jpg.rf.mbCJlU6iomjOIrmXHGFv.jpg,0,0,1,0,1,0
musa-acuminata-banana-abf991e3-394a-11ec-80a6-d8c4975e38aa_jpg.rf.UJ2fJwV6WJWDbDuEGmBY.jpg,0,0,1,1,0,0
musa-acuminata-rotten-8fb58c79-2653-11ec-abe3-d8c4975e38aa_jpg.rf.UTzVoD9xNpBfe3I878oZ.jpg,0,0,0,0,1,0
musa-acuminata-banana-967e870c-394a-11ec-b31f-d8c4975e38aa_jpg.rf.mcH3KDnlVvg658If0JX7.jpg,0,0,1,0,1,0
musa-acuminata-ripe-6b916e37-2653-11ec-b357-d8c4975e38aa_jpg.rf.Uau0I59p6TewvPeNtmfM.jpg,0,0,0,1,0,0
musa-acuminata-rotten-8f1d99f3-2653-11ec-af65-d8c4975e38aa_jpg.rf.Ue91adbXMnKtjwxjHt8y.jpg,0,0,0,0,1,0
musa-acuminata-banana-adefe37c-394a-11ec-a68a-d8c4975e38aa_jpg.rf.UiPQXcexL8zmXSjZ39Te.jpg,0,0,0,1,0,0
musa-acuminata-banana-e80447b4-394a-11ec-be5e-d8c4975e38aa_jpg.rf.UjxUcd3S4T6eVzLfRq6Z.jpg,0,0,0,1,0,0
musa-acuminata-ripe-6b17e05a-2653-11ec-ba81-d8c4975e38aa_jpg.rf.UrWydhFsA3wXWS1dF2fr.jpg,0,0,0,1,0,0
musa-acuminata-rotten-8d4d4408-2653-11ec-973a-d8c4975e38aa_jpg.rf.Utuqbw6L0RoXUi5Ixmx3.jpg,0,0,0,0,1,0
musa-acuminata-banana-a65f1b04-4037-11ec-a1dd-94b86d66fd1d_jpg.rf.UdPsPXIkin9amA2cCS3e.jpg,1,0,0,0,0,0
musa-acuminata-banana-8be171ab-394a-11ec-bd66-d8c4975e38aa_jpg.rf.Uc68tQiS73W9wyv9sgnD.jpg,0,0,0,0,1,0
musa-acuminata-rotten-881d4a75-2653-11ec-b73a-d8c4975e38aa_jpg.rf.UdSJNevgNmmf0jA78ACx.jpg,0,0,0,0,1,0
musa-acuminata-banana-c9d95a39-4037-11ec-8729-94b86d66fd1d_jpg.rf.V8YGYJbZGmLEIOZc1KdK.jpg,0,0,0,1,0,0
musa-acuminata-ripe-7036c1dd-2653-11ec-99a6-d8c4975e38aa_jpg.rf.VEJti9b872fkvNpGiYMQ.jpg,0,0,0,0,1,0
musa-acuminata-overripe-761dd8a2-2653-11ec-aee8-d8c4975e38aa_jpg.rf.VEZfxgKSkZX0vql89Rsz.jpg,0,0,1,0,0,0
musa-acuminata-banana-979eb9f2-394a-11ec-b4bf-d8c4975e38aa_jpg.rf.VGzuxSv7fJrNsvBRLpKZ.jpg,0,0,1,0,1,0
musa-acuminata-freshripe-4b0c2454-2653-11ec-b8f3-d8c4975e38aa_jpg.rf.UuJtC7mLK4bWveVvgGbl.jpg,1,0,0,0,0,0
musa-acuminata-mold-e394935c-1d0a-11ec-8d60-d8c4975e38aa_jpg.rf.UwT3KrfQ0Y1r2hZVcjvI.jpg,0,0,1,0,1,0
musa-acuminata-overripe-7624fefe-2653-11ec-b30a-d8c4975e38aa_jpg.rf.Uz7SucsVOU30CfJEd7SE.jpg,0,0,1,0,0,0
musa-acuminata-mold-e2f01e4d-1d0a-11ec-87ed-d8c4975e38aa_jpg.rf.V3e3urPqA8FZDXRqOqt0.jpg,0,0,1,0,0,0
musa-acuminata-banana-de7acf0e-394a-11ec-867c-d8c4975e38aa_jpg.rf.VQAnDmpsiTIU8HSU4OiF.jpg,0,0,0,1,0,0
musa-acuminata-ripe-93cd9ec9-1d0a-11ec-8ae4-d8c4975e38aa_jpg.rf.VQXDmhzz3bqfJ2KJwzxE.jpg,0,0,0,1,0,0
musa-acuminata-rotten-ae8b30d5-1d0a-11ec-ac1b-d8c4975e38aa_jpg.rf.VQZpecKgrRFI966Hc8JA.jpg,0,0,0,0,1,0
musa-acuminata-banana-ce3f3d94-394a-11ec-beb1-d8c4975e38aa_jpg.rf.VeC4jSXa3gKEdUaZwgfW.jpg,0,0,0,1,0,0
musa-acuminata-banana-8a3767c9-394a-11ec-92ff-d8c4975e38aa_jpg.rf.e3nUk19XhotUglvHJO9s.jpg,0,0,0,0,1,0
musa-acuminata-freshripe-43e0e868-2653-11ec-b42a-d8c4975e38aa_jpg.rf.VEj6uhEIZEAshLv936xm.jpg,1,0,0,0,0,0
musa-acuminata-banana-c087a7a5-4037-11ec-b362-94b86d66fd1d_jpg.rf.VG0PQueG5QS4wcIo0ifL.jpg,1,0,0,0,0,0
musa-acuminata-unripe-8b2c3145-1d0a-11ec-a8be-d8c4975e38aa-1-_jpg.rf.VHA1nm173XjhiLiuxHUf.jpg,0,1,0,0,0,1
musa-acuminata-banana-a7769f81-4037-11ec-9f51-94b86d66fd1d_jpg.rf.VLvjDzEEFp7NRpCJ5ESa.jpg,1,0,0,0,0,0
musa-acuminata-unripe-8c70550c-1d0a-11ec-8929-d8c4975e38aa-1-_jpg.rf.e6GOCrjkZ0gQ28fSEXcP.jpg,0,0,0,0,0,1
musa-acuminata-ripe-6e934680-2653-11ec-b821-d8c4975e38aa_jpg.rf.VbdIi33Zmu5AoKOdiAuD.jpg,0,0,0,1,1,0
musa-acuminata-freshripe-4a380471-2653-11ec-9941-d8c4975e38aa_jpg.rf.e7N6cknKkDbs4RMXzq9S.jpg,1,0,0,0,0,0
musa-acuminata-freshunripe-7672d431-1d0a-11ec-8915-d8c4975e38aa_jpg.rf.eBhW32iPIKcuUpLLBzK8.jpg,0,1,0,0,0,0
musa-acuminata-unripe-87e9ffbc-1d0a-11ec-a03c-d8c4975e38aa-1-_jpg.rf.e7rWP0XLW07Z5mBxbcE8.jpg,0,0,0,0,1,1
musa-acuminata-ripe-6d3c0ff9-2653-11ec-b13d-d8c4975e38aa_jpg.rf.eP9nC7mgDCkbu5YPPGuL.jpg,0,0,0,1,0,0
musa-acuminata-freshunripe-73a15278-1d0a-11ec-9f0f-d8c4975e38aa_jpg.rf.eDhQ2hFfK2bbPHI4QpUf.jpg,0,1,0,0,0,1
musa-acuminata-banana-a8b1cc47-394a-11ec-89ee-d8c4975e38aa_jpg.rf.eZUR9xdlHwDerJRhCWFr.jpg,0,0,1,0,0,0
musa-acuminata-banana-a3330339-4037-11ec-82c0-94b86d66fd1d_jpg.rf.eLwGpX8JQHuxBXexyJYT.jpg,0,0,0,1,0,0
musa-acuminata-banana-9f401b9a-394a-11ec-8e30-d8c4975e38aa_jpg.rf.enxbmZE7ERpnP6mzF8zC.jpg,0,0,0,0,1,0
musa-acuminata-freshunripe-67083eaa-1d0a-11ec-b354-d8c4975e38aa_jpg.rf.erf2vCKp5gTuKxt2q6TY.jpg,0,1,0,0,0,0
musa-acuminata-freshunripe-201e7ffe-2653-11ec-ae77-d8c4975e38aa_jpg.rf.fhQ6qrYAMf1iCtqps8UH.jpg,0,1,0,0,0,0
musa-acuminata-overripe-9f5dd550-1d0a-11ec-a41a-d8c4975e38aa_jpg.rf.fjbXA4WoeylnHz49HD2a.jpg,0,0,1,0,0,0
musa-acuminata-banana-91a7ce75-394a-11ec-8655-d8c4975e38aa_jpg.rf.fHZ0AQnL2Dcu8juJ8qkz.jpg,0,0,1,0,0,0
musa-acuminata-unripe-54bae675-2653-11ec-a41d-d8c4975e38aa---Copy_jpg.rf.fFYegxCSp9LgVR9K6UUA.jpg,0,0,0,0,1,1
musa-acuminata-rotten-b937b7ca-1d0a-11ec-ab8e-d8c4975e38aa_jpg.rf.fd2HZpw3fn4dGmuUwZD2.jpg,0,0,0,0,1,0
musa-acuminata-freshunripe-6b256cd2-1d0a-11ec-bf1b-d8c4975e38aa_jpg.rf.eIePfnVoAdJ4Xl9uU9pO.jpg,0,1,0,0,0,0
musa-acuminata-freshripe-445f3aef-2653-11ec-9e58-d8c4975e38aa_jpg.rf.f0EvvIrmRHaqBhtDaHPX.jpg,1,0,0,0,0,0
musa-acuminata-banana-d726cdda-4037-11ec-a071-94b86d66fd1d_jpg.rf.fSNl0Gg9j32tbsAkTMuR.jpg,0,0,0,1,0,0
musa-acuminata-ripe-6bf7ec29-2653-11ec-8d86-d8c4975e38aa_jpg.rf.fEYmqurrudO7ag4semJR.jpg,0,0,0,1,0,0
musa-acuminata-freshripe-7c805b33-1d0a-11ec-bd6e-d8c4975e38aa_jpg.rf.fSBq6IhKh2TPTSKL9UC7.jpg,1,0,0,0,0,0
musa-acuminata-banana-8a857f79-394a-11ec-a823-d8c4975e38aa_jpg.rf.fzKJJKbUzvsyy02w6RKl.jpg,0,0,0,0,1,0
musa-acuminata-banana-f0dccf9f-394a-11ec-b831-d8c4975e38aa_jpg.rf.g1yGFXbpKfAbfkkwj14Z.jpg,1,0,0,1,0,0
musa-acuminata-rotten-b436913b-1d0a-11ec-b8cf-d8c4975e38aa_jpg.rf.g5rPPiQ295xt5sNbWN85.jpg,0,0,0,0,1,0
musa-acuminata-ripe-920662f1-1d0a-11ec-893b-d8c4975e38aa_jpg.rf.gBNI9Qr5DrKssrUiWRq9.jpg,0,0,0,1,0,0
musa-acuminata-unripe-84735acb-1d0a-11ec-ba1f-d8c4975e38aa-1-_jpg.rf.gHeVEvLtCkAc4kgQTnNY.jpg,0,0,0,0,1,1
musa-acuminata-banana-aed7668a-394a-11ec-bec3-d8c4975e38aa_jpg.rf.gKKWtJz0214SHg0t4ZNj.jpg,0,0,0,1,0,0
musa-acuminata-banana-b775e05b-394a-11ec-9be6-d8c4975e38aa_jpg.rf.gLxC1ngjHeXtvARvJAUA.jpg,0,0,0,1,0,0
musa-acuminata-banana-ebc62ab5-394a-11ec-b8c8-d8c4975e38aa_jpg.rf.qi70M1jdPfbyktD7NOQc.jpg,1,0,0,0,0,0
musa-acuminata-ripe-95d7971d-1d0a-11ec-85fb-d8c4975e38aa_jpg.rf.fmYQO6XiNXJaYjOjxuZX.jpg,0,0,0,1,1,0
musa-acuminata-unripe-8f2aae43-1d0a-11ec-a802-d8c4975e38aa-1-_jpg.rf.fuwiWAApaT04VfZ9MiEk.jpg,0,0,0,0,0,1
musa-acuminata-banana-c6060c4a-394a-11ec-8b7d-d8c4975e38aa_jpg.rf.qpZVbLlm7HMMgr833NQD.jpg,1,0,0,1,0,0
musa-acuminata-freshunripe-28d2b03c-2653-11ec-8b89-d8c4975e38aa_jpg.rf.qrkjL6eWlhw9tMklGPQ8.jpg,0,1,0,0,0,0
musa-acuminata-ripe-986bcf61-1d0a-11ec-9ba7-d8c4975e38aa_jpg.rf.qtvTRPi2f5h80QOkPcKG.jpg,0,0,0,1,1,0
musa-acuminata-unripe-8a213e39-1d0a-11ec-8b3e-d8c4975e38aa-1-_jpg.rf.qvNV1W2rCg4cKBrfipYV.jpg,0,1,0,0,0,1
musa-acuminata-banana-a8c2ceeb-4037-11ec-9ea8-94b86d66fd1d_jpg.rf.qmpKqMVTxSJirwfSqy4e.jpg,1,0,0,1,0,0
musa-acuminata-banana-e4d0daa9-394a-11ec-a571-d8c4975e38aa_jpg.rf.qkT15q2py6niZbcML8EO.jpg,0,0,0,1,0,0
musa-acuminata-freshunripe-74eb89e9-1d0a-11ec-9e81-d8c4975e38aa_jpg.rf.r7kpOFkrxUGppN0pqA0A.jpg,0,0,0,0,0,1
musa-acuminata-ripe-71b67ceb-2653-11ec-ab93-d8c4975e38aa_jpg.rf.r8h0rBWheXiDTAY3riHY.jpg,0,0,0,1,1,0
musa-acuminata-unripe-54b3bfc4-2653-11ec-936b-d8c4975e38aa---Copy_jpg.rf.r2jDysYmPwKS3fTy6sT5.jpg,0,0,0,0,0,1
musa-acuminata-unripe-628e48c5-2653-11ec-99c3-d8c4975e38aa---Copy_jpg.rf.r24NQZ32Ci4IzZYw1nCV.jpg,0,0,0,0,0,1
musa-acuminata-banana-aefca5e1-4037-11ec-ab04-94b86d66fd1d_jpg.rf.qzD3nkziHxmj8svzGXpe.jpg,0,1,0,0,0,1
musa-acuminata-overripe-7d9208b0-2653-11ec-a14a-d8c4975e38aa_jpg.rf.r5l0EJ5uQiCaUKfOihUi.jpg,0,0,1,0,1,0
musa-acuminata-rotten-833d641f-2653-11ec-9044-d8c4975e38aa_jpg.rf.r5Jun19yXIWr9mFzHPwi.jpg,0,0,0,0,1,0
musa-acuminata-mold-e538110d-1d0a-11ec-beb5-d8c4975e38aa_jpg.rf.r6nkzWM48ktx0RrjJZaT.jpg,0,0,1,0,0,0
musa-acuminata-unripe-5e1d6326-2653-11ec-8a14-d8c4975e38aa---Copy_jpg.rf.rp7S50DI5tMK6GKhFu7B.jpg,0,0,0,0,0,1
musa-acuminata-banana-c686721b-394a-11ec-a396-d8c4975e38aa_jpg.rf.rx1yHMz1ng10hNbkMN1p.jpg,1,0,0,0,0,0
musa-acuminata-rotten-b9393cee-1d0a-11ec-bae7-d8c4975e38aa_jpg.rf.rF9jT8PqhFbxcDZdRYsf.jpg,0,0,0,0,1,0
musa-acuminata-banana-fc7a660d-394a-11ec-b9bf-d8c4975e38aa_jpg.rf.rB3QVIQQuoPYseYDVYBl.jpg,1,0,0,0,0,0
musa-acuminata-unripe-566f1326-2653-11ec-a976-d8c4975e38aa---Copy_jpg.rf.rRgiyBis9lRuiYnQj0AX.jpg,0,0,0,0,1,1
musa-acuminata-freshripe-7a95e85c-1d0a-11ec-974a-d8c4975e38aa_jpg.rf.96JGvTkRMp4MiaaiQ42Y.jpg,1,0,0,0,0,0
musa-acuminata-overripe-9bd8e61a-1d0a-11ec-80df-d8c4975e38aa_jpg.rf.rg6pYQf8bdeKU98MbTHw.jpg,0,0,1,0,0,0
musa-acuminata-unripe-5b03b558-2653-11ec-a129-d8c4975e38aa---Copy_jpg.rf.sZQoAa8zlwgWF0BBpF7K.jpg,0,0,0,0,1,1
musa-acuminata-ripe-710d43e0-2653-11ec-9d75-d8c4975e38aa_jpg.rf.sbHgfMVHOov680W9XIDd.jpg,0,0,0,1,1,0
musa-acuminata-overripe-76d2fc64-2653-11ec-92cc-d8c4975e38aa_jpg.rf.vyrpsuLPKR7x2ct3RE1A.jpg,0,0,1,0,0,0
musa-acuminata-banana-b53780aa-394a-11ec-89ec-d8c4975e38aa_jpg.rf.sd8RmUdLkPxSABMoMd5k.jpg,0,0,0,1,0,0
musa-acuminata-rotten-812dd06c-2653-11ec-b563-d8c4975e38aa_jpg.rf.56orWes8taok1ntdXyss.jpg,0,0,0,0,1,0
musa-acuminata-banana-d9b723e9-394a-11ec-88e0-d8c4975e38aa_jpg.rf.s6cODp4spIViAsXlfLxo.jpg,0,0,0,1,0,0
musa-acuminata-banana-9b38d652-394a-11ec-9093-d8c4975e38aa_jpg.rf.sKlpa7jT73eJPAeb9P13.jpg,0,0,0,0,1,0
musa-acuminata-freshripe-4b2fe4aa-2653-11ec-97c6-d8c4975e38aa_jpg.rf.s5kNWLvVgOEfzi31tOEG.jpg,1,0,0,0,0,0
musa-acuminata-ripe-6b537641-2653-11ec-bb40-d8c4975e38aa_jpg.rf.w1tJ5Z7pBKJFJAixifhn.jpg,0,0,0,1,0,0
musa-acuminata-overripe-7f6ac883-2653-11ec-a6d5-d8c4975e38aa_jpg.rf.sCjggrHQ8ytqobJ9ydAX.jpg,0,0,1,0,0,0
musa-acuminata-banana-b533dd52-394a-11ec-9b23-d8c4975e38aa_jpg.rf.sRjF7QSEx59fUvPPQoAK.jpg,0,0,0,1,0,0
musa-acuminata-rotten-886d4971-2653-11ec-b3fd-d8c4975e38aa_jpg.rf.s1Cnn5EUO1QsPB49s8bk.jpg,0,0,0,0,1,0
musa-acuminata-banana-9886e4c2-394a-11ec-953c-d8c4975e38aa_jpg.rf.5fCQNSAD0NqjnyV3Y0tY.jpg,0,0,1,0,0,0
musa-acuminata-banana-b3f418e8-394a-11ec-bb33-d8c4975e38aa_jpg.rf.5poV4ghnETOQVO2hwW0r.jpg,0,0,0,1,0,0
musa-acuminata-banana-b33b3c98-394a-11ec-8b33-d8c4975e38aa_jpg.rf.64eBEvasUKYLWaPm5Bp6.jpg,1,0,0,0,0,0
musa-acuminata-overripe-a1c25f5d-1d0a-11ec-ae18-d8c4975e38aa_jpg.rf.66QeqIiKm3gUovrF5Qz3.jpg,0,0,1,0,0,0
musa-acuminata-overripe-7c84bdfa-2653-11ec-bb86-d8c4975e38aa_jpg.rf.67X04vU1M3cQVPSwQy8t.jpg,0,0,1,0,0,0
musa-acuminata-banana-dad7f653-4037-11ec-b385-94b86d66fd1d_jpg.rf.9NQlUc02Z0xt2fHT0w7H.jpg,1,0,0,1,0,0
musa-acuminata-ripe-942830ca-1d0a-11ec-af5d-d8c4975e38aa_jpg.rf.vtYU2zAHQxoHyAYXN3jN.jpg,0,0,0,1,0,0
musa-acuminata-overripe-9c1ba286-1d0a-11ec-9ad0-d8c4975e38aa_jpg.rf.68F2fihMP2bCVH50BcBK.jpg,0,0,1,0,0,0
musa-acuminata-overripe-7e3e4de6-2653-11ec-982d-d8c4975e38aa_jpg.rf.6VqnKPhsvQZsEZqQjCJm.jpg,0,0,1,0,0,0
musa-acuminata-unripe-8b7d391b-1d0a-11ec-bab7-d8c4975e38aa-1-_jpg.rf.6ZlpL3rJcXXs0a5Ya1mT.jpg,0,0,0,0,0,1
musa-acuminata-mold-e394935d-1d0a-11ec-9148-d8c4975e38aa_jpg.rf.6bAU7aYzL0VuHE7AwcP9.jpg,0,0,1,0,0,0
musa-acuminata-banana-9f9a3a19-394a-11ec-b56e-d8c4975e38aa_jpg.rf.6q8WSvY9ZoaIYDcgrgzc.jpg,0,0,0,0,1,0
musa-acuminata-overripe-a031f698-1d0a-11ec-ad27-d8c4975e38aa_jpg.rf.6tu7CWdw4j3a0hmWdd3m.jpg,0,0,1,0,1,0
musa-acuminata-ripe-744f7680-2653-11ec-989e-d8c4975e38aa_jpg.rf.5dbkgTN6ktpKToHbYDK2.jpg,0,0,0,0,1,0
musa-acuminata-banana-a9ce8a6f-394a-11ec-ae81-d8c4975e38aa_jpg.rf.5CuoBuCLcdwOheG35l2J.jpg,0,0,1,0,1,0
musa-acuminata-ripe-6d3e7247-2653-11ec-a165-d8c4975e38aa_jpg.rf.5GcDJ7UUrphmXazhEbBn.jpg,0,0,0,1,0,0
musa-acuminata-unripe-8c6df2f8-1d0a-11ec-bee3-d8c4975e38aa-1-_jpg.rf.73ZZHzV5wnLDlAvZaZSU.jpg,0,0,0,0,0,1
musa-acuminata-overripe-9c337929-1d0a-11ec-9bdd-d8c4975e38aa_jpg.rf.778NEbG55ImMvsiw2xee.jpg,0,0,1,0,0,0
musa-acuminata-ripe-72588f9a-2653-11ec-9998-d8c4975e38aa_jpg.rf.7Ql9xhBZ2jRP8NZ86JKB.jpg,0,0,0,1,1,0
musa-acuminata-overripe-9d91d4f5-1d0a-11ec-9e2d-d8c4975e38aa_jpg.rf.7g8ePaikHld9i2H7MQtb.jpg,0,0,1,0,1,0
musa-acuminata-rotten-bdec0d07-1d0a-11ec-aee2-d8c4975e38aa_jpg.rf.7gGrTrfe5TLv7jsp5fYr.jpg,0,0,0,0,1,0
musa-acuminata-banana-c8367bdb-4037-11ec-9a73-94b86d66fd1d_jpg.rf.7jSC7HQJRgjcKIwhi4o1.jpg,0,0,0,1,0,0
musa-acuminata-freshunripe-3a9fc9b4-2653-11ec-ba88-d8c4975e38aa_jpg.rf.7rv9imfLcP3dsjTpcJ2s.jpg,0,1,0,0,0,0
musa-acuminata-banana-b4b6d180-394a-11ec-bdcf-d8c4975e38aa_jpg.rf.7zBpYMczVnmlN0Yu0VzI.jpg,1,0,0,0,0,0
musa-acuminata-freshripe-7d3c3bb0-1d0a-11ec-9465-d8c4975e38aa_jpg.rf.89GPVZUPkt3bHnri2lWc.jpg,1,0,0,0,0,0
musa-acuminata-mold-e3c90360-1d0a-11ec-86fb-d8c4975e38aa_jpg.rf.8SvbgfThrAo3hlWN350Z.jpg,0,0,1,0,1,0
musa-acuminata-freshunripe-687dcedd-1d0a-11ec-afcb-d8c4975e38aa_jpg.rf.8XfJdIGHYhlFZMFLCrNc.jpg,0,1,0,0,0,0
musa-acuminata-mold-e2827d89-1d0a-11ec-a939-d8c4975e38aa_jpg.rf.71SRKaLertdjRZ0zTeD1.jpg,0,0,1,0,1,0
musa-acuminata-rotten-b6e03afc-1d0a-11ec-bdf1-d8c4975e38aa_jpg.rf.gdXrQFd1DPl93lRNv61e.jpg,0,0,0,0,1,0
musa-acuminata-freshunripe-6ed2c8c2-1d0a-11ec-a829-d8c4975e38aa_jpg.rf.ghBbCBldIgPiurQgvkJB.jpg,0,1,0,0,0,0
musa-acuminata-mold-e62ff156-1d0a-11ec-9fad-d8c4975e38aa_jpg.rf.7PNmGLNa2gBS7uSTBvef.jpg,0,0,1,0,0,0
musa-acuminata-banana-cf7cd82b-4037-11ec-abff-94b86d66fd1d_jpg.rf.gkMZw6iNrvvmr5kbWwXm.jpg,1,0,0,0,0,0
musa-acuminata-freshripe-43d03a91-2653-11ec-aa1d-d8c4975e38aa_jpg.rf.gp4GAq8Bh9tOKYvviGcC.jpg,1,0,0,0,0,0
musa-acuminata-freshripe-4b370b1d-2653-11ec-af18-d8c4975e38aa_jpg.rf.gz4UhxjdExoBYMTmYCN5.jpg,1,0,0,0,0,0
musa-acuminata-banana-c6edbeb2-394a-11ec-af31-d8c4975e38aa_jpg.rf.hCJIvUjELioN8olxwY5M.jpg,1,0,0,0,0,0
musa-acuminata-rotten-8d8f4b6a-2653-11ec-9c09-d8c4975e38aa_jpg.rf.hCvs5YJVLPvyyP1jxUZE.jpg,0,0,0,0,1,0
musa-acuminata-unripe-8e2e0847-1d0a-11ec-aa1d-d8c4975e38aa-1-_jpg.rf.hLuJg9xFKtbb4BDhwpaV.jpg,0,1,0,0,0,0
musa-acuminata-overripe-a0fa2a4f-1d0a-11ec-b14f-d8c4975e38aa_jpg.rf.hQY4CiOw11rJvuqQ0kGO.jpg,0,0,1,0,0,0
musa-acuminata-banana-c4030315-394a-11ec-add4-d8c4975e38aa_jpg.rf.8WI5LWRdm1neJzUHq11j.jpg,0,0,0,1,0,0
musa-acuminata-banana-da4900cf-394a-11ec-a69c-d8c4975e38aa_jpg.rf.9WJTDq8avgU1luYWAKGj.jpg,0,0,0,1,0,0
musa-acuminata-freshunripe-1d7de737-2653-11ec-ae80-d8c4975e38aa_jpg.rf.gcyuynGMWlnUPmIYDK2e.jpg,0,1,0,0,0,0
musa-acuminata-banana-8448eaa7-394a-11ec-8f34-d8c4975e38aa_jpg.rf.gUzto6sSI5r27gFvP0CZ.jpg,0,0,1,0,1,0
musa-acuminata-banana-9abc8faa-394a-11ec-b239-d8c4975e38aa_jpg.rf.8dhCVD2Kd35NGPXWyLtH.jpg,0,0,0,0,1,0
musa-acuminata-freshripe-78e36537-1d0a-11ec-ab2e-d8c4975e38aa_jpg.rf.hbCdzI8buYvhGdT7sm0X.jpg,1,0,0,0,0,0
musa-acuminata-overripe-8083d9ef-2653-11ec-b28b-d8c4975e38aa_jpg.rf.henPMr013MW0S3t7WJ4h.jpg,0,0,1,0,1,0
musa-acuminata-overripe-9f88bc16-1d0a-11ec-ad54-d8c4975e38aa_jpg.rf.hingLyKKBmgA0lmW5MFM.jpg,0,0,1,0,0,0
musa-acuminata-freshunripe-3b254280-2653-11ec-bfae-d8c4975e38aa_jpg.rf.hqycWXAwuF05S9uPFwdp.jpg,0,1,0,0,0,0
musa-acuminata-ripe-6c5e6791-2653-11ec-8ad2-d8c4975e38aa_jpg.rf.hs4A4cSQwhdOIvM5TD8h.jpg,0,0,0,1,0,0
musa-acuminata-banana-ad71d9d1-394a-11ec-b15a-d8c4975e38aa_jpg.rf.hsIZ6ZQLi8ZBfnZOq5bY.jpg,1,0,0,0,0,0
musa-acuminata-ripe-934f4c82-1d0a-11ec-9a7e-d8c4975e38aa_jpg.rf.hsV76rn4uNWhKT09htyS.jpg,0,0,0,1,0,0
musa-acuminata-banana-f4602715-394a-11ec-aeed-d8c4975e38aa_jpg.rf.huCanrcTGrrKSK35f8c6.jpg,0,0,0,1,0,0
musa-acuminata-ripe-6cc74670-2653-11ec-87eb-d8c4975e38aa_jpg.rf.huKinqW4BWnRRgmLumhm.jpg,0,0,0,1,0,0
musa-acuminata-banana-a1ea042b-394a-11ec-af0b-d8c4975e38aa_jpg.rf.hwNODdEZLqVxCoY8rCz3.jpg,0,0,0,1,0,0
musa-acuminata-ripe-6cc28214-2653-11ec-a448-d8c4975e38aa_jpg.rf.vty4v4q3kze2J6qYhoQa.jpg,0,0,0,1,0,0
musa-acuminata-banana-ff1d6a7a-394a-11ec-96a6-d8c4975e38aa_jpg.rf.9maqMQHqt97YUwtO8lEC.jpg,1,0,0,1,0,0
musa-acuminata-banana-ca5c45e3-4037-11ec-8347-94b86d66fd1d_jpg.rf.hN7ZcYOb5Rvn8TfPpWHS.jpg,0,0,0,1,0,0
musa-acuminata-banana-cfa03d70-394a-11ec-8c1c-d8c4975e38aa_jpg.rf.vxrj4Is5SXe3Ordr4N3d.jpg,0,0,0,1,0,0
musa-acuminata-freshunripe-68261f97-1d0a-11ec-b6ae-d8c4975e38aa_jpg.rf.hTo1F3b7f7EmqDzsxFg5.jpg,0,1,0,0,0,0
musa-acuminata-rotten-8bacffb3-2653-11ec-9c6c-d8c4975e38aa_jpg.rf.9RAEqZlmtPdTSIBRwbnn.jpg,0,0,0,0,1,0
musa-acuminata-banana-c31ad611-4037-11ec-9fe8-94b86d66fd1d_jpg.rf.w1kiKQ5v4yil62gIplwO.jpg,1,0,0,1,0,0
musa-acuminata-freshunripe-76d5a6b9-1d0a-11ec-970a-d8c4975e38aa_jpg.rf.hVociDTD1YnYpVTw9h3T.jpg,0,0,0,0,0,1
musa-acuminata-freshunripe-2d88b2f8-2653-11ec-90c4-d8c4975e38aa_jpg.rf.iFydFXBzQdfjsjqpMLAM.jpg,0,1,0,0,0,0
musa-acuminata-rotten-8e36985c-2653-11ec-9016-d8c4975e38aa_jpg.rf.1iy1zeEz86m4rtzxjFcH.jpg,0,0,0,0,1,0
musa-acuminata-unripe-8d6a977f-1d0a-11ec-8ed7-d8c4975e38aa-1-_jpg.rf.1rkzuLbbnTxWElrYk2bB.jpg,0,0,0,0,0,1
musa-acuminata-freshunripe-2d818c5c-2653-11ec-bbc5-d8c4975e38aa_jpg.rf.1yr7VEyxkNKbJmKJs2k0.jpg,0,1,0,0,0,0
musa-acuminata-ripe-6b04cf10-2653-11ec-b5b9-d8c4975e38aa_jpg.rf.231cT6MmRr82aByWIb4b.jpg,0,0,0,1,0,0
musa-acuminata-ripe-920b2766-1d0a-11ec-9dc1-d8c4975e38aa_jpg.rf.23CenQCHU8NYQhrErOHa.jpg,0,0,0,1,0,0
musa-acuminata-freshunripe-7395dc1d-1d0a-11ec-9355-d8c4975e38aa_jpg.rf.243xhrUaAvHDLN3ty3yu.jpg,0,1,0,0,0,0
musa-acuminata-ripe-6d85f2e0-2653-11ec-9026-d8c4975e38aa_jpg.rf.27mhwT9ROGj2EHroblVP.jpg,0,0,0,1,0,0
musa-acuminata-banana-9afa4e55-394a-11ec-ba7f-d8c4975e38aa_jpg.rf.2NVZPXHeaUXEnC52L1xP.jpg,0,0,0,0,1,0
musa-acuminata-freshripe-491ec622-2653-11ec-8593-d8c4975e38aa_jpg.rf.2OB9XeL7CGBPsuf3KjHB.jpg,1,0,0,0,0,0
musa-acuminata-banana-9bd53180-394a-11ec-b097-d8c4975e38aa_jpg.rf.2OnzlbZwSdzPXLrDHScU.jpg,0,0,0,0,1,0
musa-acuminata-rotten-b8c310ce-1d0a-11ec-8603-d8c4975e38aa_jpg.rf.2XDxymtOvxN4DXNw57Da.jpg,0,0,0,0,1,0
musa-acuminata-overripe-9fa091b7-1d0a-11ec-b03d-d8c4975e38aa_jpg.rf.vt1tgYLIbfxp0vzwHh1b.jpg,0,0,1,0,0,0
musa-acuminata-banana-b0851206-4037-11ec-8522-94b86d66fd1d_jpg.rf.9ZDLHIkO2q8VkFLY5pNh.jpg,0,1,0,0,0,1
musa-acuminata-ripe-6cb8f986-2653-11ec-a7bf-d8c4975e38aa_jpg.rf.2a2idRfgcyUTI6nCLDxj.jpg,0,0,0,1,0,0
musa-acuminata-ripe-6a9e5251-2653-11ec-b31a-d8c4975e38aa_jpg.rf.2mordG5jVmprobtD6LZk.jpg,0,0,0,1,0,0
musa-acuminata-freshunripe-6d849655-1d0a-11ec-b80c-d8c4975e38aa_jpg.rf.38E8wffB3SVTbVMojgL9.jpg,0,1,0,0,0,0
musa-acuminata-mold-e56a1c18-1d0a-11ec-baa6-d8c4975e38aa_jpg.rf.3EWsEly8G2qLwp6MuQ36.jpg,0,0,1,0,0,0
musa-acuminata-banana-b138295d-4037-11ec-9901-94b86d66fd1d_jpg.rf.hyj6ftb4u2ppHCMrFKDM.jpg,0,1,0,0,0,1
musa-acuminata-banana-c36e6fa5-394a-11ec-916e-d8c4975e38aa_jpg.rf.hvNzTjnk1qRc6I1NyV0M.jpg,0,0,0,1,0,0
musa-acuminata-banana-9b027d7c-394a-11ec-a3f0-d8c4975e38aa_jpg.rf.i7w74IrRYSxZsowyqEZC.jpg,0,0,0,0,1,0
musa-acuminata-banana-eb886187-394a-11ec-85f2-d8c4975e38aa_jpg.rf.iCayjdtFoaMZGiKa3sRj.jpg,1,0,0,0,0,0
musa-acuminata-banana-8b73aa0b-394a-11ec-bdfe-d8c4975e38aa_jpg.rf.i8p8qNu6SEnXKChsZ7q0.jpg,0,0,0,0,1,0
musa-acuminata-banana-91aca832-394a-11ec-9a88-d8c4975e38aa_jpg.rf.3RK6g396W6zmTcAjpDx5.jpg,0,0,1,0,0,0
musa-acuminata-mold-e3248de5-1d0a-11ec-870e-d8c4975e38aa_jpg.rf.3Un59zwi6mB9c6DeQjEB.jpg,0,0,1,0,0,0
musa-acuminata-ripe-92e40caa-1d0a-11ec-bfba-d8c4975e38aa_jpg.rf.3UyZnGaP2Vl9p52i2tKE.jpg,0,0,0,1,0,0
musa-acuminata-rotten-b5fb9c28-1d0a-11ec-b471-d8c4975e38aa_jpg.rf.3iRBiskPzPvH69M7q7z4.jpg,0,0,0,0,1,0
musa-acuminata-freshunripe-634c2825-1d0a-11ec-a554-d8c4975e38aa_jpg.rf.3stlwg3LSHp4XGjogjHQ.jpg,0,1,0,0,0,0
musa-acuminata-banana-b063f7ff-394a-11ec-8cfa-d8c4975e38aa_jpg.rf.3uFh8wN0rA3EHTCjuNqL.jpg,0,0,0,1,0,0
musa-acuminata-banana-adf9bdb2-394a-11ec-a924-d8c4975e38aa_jpg.rf.49HSRb9JMlsnjSmXbcYk.jpg,0,0,0,1,0,0
musa-acuminata-overripe-756b16e4-2653-11ec-ad9e-d8c4975e38aa_jpg.rf.4BsRvFgFE9L3vDKUjsZg.jpg,0,0,1,0,1,0
musa-acuminata-freshunripe-6db4c068-1d0a-11ec-ac11-d8c4975e38aa_jpg.rf.4WypqSdwG2nFiyF8Gjn0.jpg,0,1,0,0,0,0
musa-acuminata-banana-cf994469-394a-11ec-ae5c-d8c4975e38aa_jpg.rf.4moWbuqQNP1vWm37iaVP.jpg,0,0,0,1,0,0
musa-acuminata-rotten-8763170b-2653-11ec-991b-d8c4975e38aa_jpg.rf.4mr5XfFUoTuUnF1gTb6R.jpg,0,0,0,0,1,0
musa-acuminata-freshripe-4a334090-2653-11ec-af01-d8c4975e38aa_jpg.rf.4zV0zFDczzO5jzySdySI.jpg,1,0,0,0,0,0
musa-acuminata-banana-cbf08b0e-4037-11ec-bd7f-94b86d66fd1d_jpg.rf.56A6ArZcFbP1vrd5YkFQ.jpg,0,0,0,1,0,0
musa-acuminata-banana-b0aac38f-394a-11ec-842b-d8c4975e38aa_jpg.rf.Eh8fXiqFkFvuNRyPWJPF.jpg,1,0,0,0,0,0
musa-acuminata-freshripe-7e772371-1d0a-11ec-b623-d8c4975e38aa_jpg.rf.Eo6o1hu4o9kcWyrLxiZZ.jpg,1,0,0,0,0,0
musa-acuminata-ripe-6bff1170-2653-11ec-ab96-d8c4975e38aa_jpg.rf.F0K6D1LL5ZG4rbWA0bXO.jpg,0,0,0,1,0,0
musa-acuminata-banana-aceb16d5-394a-11ec-a68c-d8c4975e38aa_jpg.rf.F0pacx5TFWvfvjOYETnO.jpg,0,0,0,0,1,0
musa-acuminata-ripe-92360f8c-1d0a-11ec-bb07-d8c4975e38aa_jpg.rf.F4EdSp3AeRSxIZWGRmQ0.jpg,0,0,0,1,0,0
musa-acuminata-banana-8a791065-394a-11ec-87c3-d8c4975e38aa_jpg.rf.FAxnI8WjZIyK99j3lRDY.jpg,0,0,0,0,1,0
musa-acuminata-ripe-703de853-2653-11ec-b33c-d8c4975e38aa_jpg.rf.2yab1nFKDDjhGM9z0YQb.jpg,0,0,0,0,1,0
musa-acuminata-freshripe-498542d1-2653-11ec-b082-d8c4975e38aa_jpg.rf.3RGIjNysZ3fdUwgpw3wm.jpg,1,0,0,0,0,0
musa-acuminata-banana-c3ff869b-394a-11ec-980d-d8c4975e38aa_jpg.rf.FUAhYZjyaJR2nwlaDw1X.jpg,0,0,0,1,0,0
musa-acuminata-banana-e4743d45-394a-11ec-b9f9-d8c4975e38aa_jpg.rf.FUmmmsAPCzwF60YGh8yQ.jpg,0,0,0,1,0,0
musa-acuminata-banana-c5cc5b0c-394a-11ec-b7ca-d8c4975e38aa_jpg.rf.FugavglV3nWxMm60LRCY.jpg,1,0,0,1,0,0
musa-acuminata-banana-89824064-394a-11ec-aab4-d8c4975e38aa_jpg.rf.FzSZ36qb515Ig81cerId.jpg,0,0,0,0,1,0
musa-acuminata-overripe-7f67bf35-2653-11ec-afdb-d8c4975e38aa_jpg.rf.G0YF13waJO0DCSodI0ru.jpg,0,0,1,0,0,0
musa-acuminata-overripe-9e71dfc5-1d0a-11ec-952e-d8c4975e38aa_jpg.rf.G1buuotqoWpq07QX4s3l.jpg,0,0,1,0,0,0
musa-acuminata-ripe-91965d8f-1d0a-11ec-8ec2-d8c4975e38aa_jpg.rf.GFFKFEsYhlIt8Af3F2XX.jpg,0,0,0,1,0,0
musa-acuminata-ripe-9ad51c6a-1d0a-11ec-a924-d8c4975e38aa_jpg.rf.GPpwkZNUsX78xLkIKHAG.jpg,0,0,0,1,1,0
musa-acuminata-rotten-aaa6dc38-1d0a-11ec-8438-d8c4975e38aa_jpg.rf.GXKwMDmbPraIC3N6mlcf.jpg,0,0,0,0,1,0
musa-acuminata-rotten-811f68f3-2653-11ec-8247-d8c4975e38aa_jpg.rf.Ga2iBzcyWzvLhsJQ6zTo.jpg,0,0,1,0,0,0
musa-acuminata-mold-e24e0d3d-1d0a-11ec-8a4f-d8c4975e38aa_jpg.rf.GffHIkNXyTVq3DB2Sz0e.jpg,0,0,1,0,1,0
musa-acuminata-banana-bf3e3d01-394a-11ec-a635-d8c4975e38aa_jpg.rf.FGjWsqIf834ppyyOg6bu.jpg,1,0,0,1,0,0
musa-acuminata-rotten-83471737-2653-11ec-87fb-d8c4975e38aa_jpg.rf.FU1zHjIcbk382fmb5gs3.jpg,0,0,0,0,1,0
musa-acuminata-banana-8b9e18c5-394a-11ec-afb3-d8c4975e38aa_jpg.rf.Evb4O2TBhyef6Jp3DHxE.jpg,0,0,0,0,1,0
musa-acuminata-overripe-7de91908-2653-11ec-ae8f-d8c4975e38aa_jpg.rf.FFIP2I2k3TexHX7XjNYX.jpg,0,0,1,0,0,0
musa-acuminata-overripe-a023a989-1d0a-11ec-be78-d8c4975e38aa_jpg.rf.4WGvs4jaZe5oNh5xDfpY.jpg,0,0,1,0,1,0
musa-acuminata-banana-dd7fd01b-394a-11ec-b6e3-d8c4975e38aa_jpg.rf.4bWRXBhpzWBCWLf5Gw2g.jpg,0,0,0,1,0,0
musa-acuminata-mold-e5ef963f-1d0a-11ec-bf8b-d8c4975e38aa_jpg.rf.4btPF3PTy8IPLPz0dvtA.jpg,0,0,1,0,0,0
musa-acuminata-mold-e599c741-1d0a-11ec-b8b1-d8c4975e38aa_jpg.rf.4eWeJT5MS16em875HQd1.jpg,0,0,1,0,0,0
musa-acuminata-freshunripe-353bc997-2653-11ec-910b-d8c4975e38aa_jpg.rf.4ksfyF3mC3mWfOcz8SmC.jpg,0,1,0,0,0,0
musa-acuminata-mold-e2f9a701-1d0a-11ec-9de6-d8c4975e38aa_jpg.rf.4nK2OEvehKJEnhOgNhSp.jpg,0,0,1,0,1,0
musa-acuminata-banana-e52b30d3-394a-11ec-a0a0-d8c4975e38aa_jpg.rf.4qczR5fYzZDcxU37oLI7.jpg,0,0,0,1,0,0
musa-acuminata-banana-c31bab75-394a-11ec-af82-d8c4975e38aa_jpg.rf.533TRBXUpgFjVooCP0cp.jpg,0,0,0,1,0,0
musa-acuminata-overripe-8084c172-2653-11ec-b62f-d8c4975e38aa_jpg.rf.58Ys2v4U5w2LU1YadsUc.jpg,0,0,1,0,1,0
musa-acuminata-banana-fc39392a-394a-11ec-8289-d8c4975e38aa_jpg.rf.5ABO4KgVGwW8YyWLkSam.jpg,0,0,0,1,0,0
musa-acuminata-freshunripe-6913ce6a-1d0a-11ec-8ff3-d8c4975e38aa_jpg.rf.HI5Xte6B4vJNihmSxzi7.jpg,0,1,0,0,0,0
musa-acuminata-freshunripe-2ad581a8-2653-11ec-861d-d8c4975e38aa_jpg.rf.GkGwQa3RlkIpEkuTgmKZ.jpg,0,1,0,0,0,0
musa-acuminata-banana-94478cf9-394a-11ec-a02c-d8c4975e38aa_jpg.rf.HRClwI2YIbSrzmm0vPQf.jpg,0,0,0,1,1,0
musa-acuminata-banana-89806eb7-394a-11ec-a56d-d8c4975e38aa_jpg.rf.HsuKGiEH4aQriTiD37UZ.jpg,0,0,0,0,1,0
musa-acuminata-ripe-725d53f2-2653-11ec-b771-d8c4975e38aa_jpg.rf.HEqTuWw7VH6sn1z9elUy.jpg,0,0,0,1,1,0
musa-acuminata-overripe-9fffe7de-1d0a-11ec-818c-d8c4975e38aa_jpg.rf.HPeohKdpY32pu5xaNxwT.jpg,0,0,1,0,0,0
musa-acuminata-freshunripe-711e7776-1d0a-11ec-9fbd-d8c4975e38aa_jpg.rf.Hnej6fomEvieJIsJRGCN.jpg,0,1,0,0,0,0
musa-acuminata-rotten-b782cb58-1d0a-11ec-9e1d-d8c4975e38aa_jpg.rf.HfIFwQDrlJeKT5e2klZF.jpg,0,0,0,0,1,0
musa-acuminata-ripe-98e7bc99-1d0a-11ec-9412-d8c4975e38aa_jpg.rf.4TkCyEsfquIKncQxSKzW.jpg,0,0,0,1,1,0
musa-acuminata-banana-886110c4-394a-11ec-a5bd-d8c4975e38aa_jpg.rf.I9uzPt1K1h4yeSYLOeEi.jpg,0,0,0,1,1,0
musa-acuminata-banana-d0eb645e-394a-11ec-841f-d8c4975e38aa_jpg.rf.5PEUE9Ke9CxBuVPhtz7Q.jpg,0,0,0,1,0,0
musa-acuminata-ripe-717622b5-2653-11ec-a74b-d8c4975e38aa_jpg.rf.5bxWtPdh5hjngUxx1H5x.jpg,0,0,0,1,1,0
musa-acuminata-banana-a10dc84e-394a-11ec-82a4-d8c4975e38aa_jpg.rf.5foDMD8mHCczQ4oKjdWO.jpg,0,0,0,0,1,0
musa-acuminata-unripe-9029b3a2-1d0a-11ec-8d53-d8c4975e38aa-1-_jpg.rf.62Ozr4L5PlLtlC491dMv.jpg,0,0,0,0,0,1
musa-acuminata-freshripe-7c014265-1d0a-11ec-b83f-d8c4975e38aa_jpg.rf.631RFCDt43AmYa048p5s.jpg,1,0,0,0,0,0
musa-acuminata-banana-a394cd7a-4037-11ec-85e4-94b86d66fd1d_jpg.rf.64w3AGJNY84QiVX80L4x.jpg,0,0,0,1,0,0
musa-acuminata-banana-9af8f0da-394a-11ec-949e-d8c4975e38aa_jpg.rf.68yjxLoQxvvSJiCLPyI3.jpg,0,0,0,0,1,0
musa-acuminata-banana-a6a4814e-394a-11ec-98c7-d8c4975e38aa_jpg.rf.6MpPKELcwoWj9MT7sEnv.jpg,0,0,1,0,1,0
musa-acuminata-ripe-6b000aca-2653-11ec-8d0e-d8c4975e38aa_jpg.rf.6gjRkcpSgQlNbkD0j4WF.jpg,0,0,0,1,0,0
musa-acuminata-unripe-86a1136a-1d0a-11ec-b53f-d8c4975e38aa-1-_jpg.rf.6hZwmHztejqoUloedybC.jpg,0,0,0,0,1,1
musa-acuminata-banana-a70db2fb-4037-11ec-94cf-94b86d66fd1d_jpg.rf.6r5CHdW5AzOv4Eqlw9Mp.jpg,1,0,0,0,0,0
musa-acuminata-mold-e18838c1-1d0a-11ec-8e97-d8c4975e38aa_jpg.rf.6wMoeHQWn023c7DT9bd5.jpg,0,0,1,0,1,0
musa-acuminata-banana-aed4f9a7-394a-11ec-971e-d8c4975e38aa_jpg.rf.5DeX6Q1yuiVQj66MPZfG.jpg,0,0,0,1,0,0
musa-acuminata-rotten-87cc8c83-2653-11ec-9677-d8c4975e38aa_jpg.rf.5HcA8UEZE6NPLcxY0l4c.jpg,0,0,0,0,1,0
musa-acuminata-freshripe-4628da02-2653-11ec-a35a-d8c4975e38aa_jpg.rf.5EKsHNcraF5PKdjKPJys.jpg,1,0,0,0,0,0
musa-acuminata-banana-ae57b0c6-394a-11ec-b32a-d8c4975e38aa_jpg.rf.5MiH310mkCivjnsBKFiu.jpg,0,0,0,1,0,0
musa-acuminata-banana-9fd79cea-394a-11ec-b187-d8c4975e38aa_jpg.rf.5MvRzixz2YJVoYXWMeAK.jpg,0,0,0,0,1,0
musa-acuminata-rotten-815049b8-2653-11ec-9d75-d8c4975e38aa_jpg.rf.UPZJJrakKO8zfGeWJ94p.jpg,0,0,0,0,1,0
musa-acuminata-banana-afa4a6e0-394a-11ec-9aa2-d8c4975e38aa_jpg.rf.UdHM3zWzSML9VvLNztPZ.jpg,1,0,0,0,0,0
musa-acuminata-banana-f14aee76-394a-11ec-8905-d8c4975e38aa_jpg.rf.V3qdxwIgQwT1bFDOibKU.jpg,0,0,0,1,0,0
musa-acuminata-overripe-9e10274f-1d0a-11ec-9b03-d8c4975e38aa_jpg.rf.VBttJeXE2w54kK9Isgoj.jpg,0,0,1,0,1,0
musa-acuminata-banana-c58302de-394a-11ec-8a30-d8c4975e38aa_jpg.rf.VEkTnlrgGzoj2qHt8eiM.jpg,1,0,0,1,0,0
musa-acuminata-banana-c47e6415-394a-11ec-b201-d8c4975e38aa_jpg.rf.VJ9tEyGDj9ripzfkwkbx.jpg,0,0,0,1,0,0
musa-acuminata-ripe-6d374bda-2653-11ec-a4fd-d8c4975e38aa_jpg.rf.VM9bQRNnuMLQEjcgqVLl.jpg,0,0,0,1,0,0
musa-acuminata-rotten-898cd2a4-2653-11ec-a837-d8c4975e38aa_jpg.rf.VQ0qcWtuGJm9hrpuFDK1.jpg,0,0,0,0,1,0
musa-acuminata-banana-98d922ca-394a-11ec-9779-d8c4975e38aa_jpg.rf.VTXayWIyILiQy48OzN9D.jpg,0,0,0,0,1,0
musa-acuminata-banana-a98fdb8e-394a-11ec-8b86-d8c4975e38aa_jpg.rf.VX2a2xZbahR5z0W4SixK.jpg,0,0,0,0,1,0
musa-acuminata-ripe-7023b09a-2653-11ec-9111-d8c4975e38aa_jpg.rf.VYfjJerouHMTyXA6x4kg.jpg,0,0,0,0,1,0
musa-acuminata-banana-ed66e1a8-394a-11ec-848f-d8c4975e38aa_jpg.rf.VZ1IgBY5UB27RPhjklBy.jpg,0,0,0,1,0,0
musa-acuminata-ripe-6d8ab73e-2653-11ec-8c63-d8c4975e38aa_jpg.rf.VcXu32CidGwe6dg3G1jX.jpg,0,0,0,1,0,0
musa-acuminata-freshunripe-3b27a49d-2653-11ec-bb8f-d8c4975e38aa_jpg.rf.VinpWSZxai23MSxEKnzx.jpg,0,1,0,0,0,0
musa-acuminata-overripe-9cc0174e-1d0a-11ec-8245-d8c4975e38aa_jpg.rf.VmaZWzsgIfCCRMmGB5tn.jpg,0,0,1,0,0,0
musa-acuminata-overripe-7f6d0368-2653-11ec-89e5-d8c4975e38aa_jpg.rf.78QgeZLT5HfpTLByWbLe.jpg,0,0,1,0,0,0
musa-acuminata-banana-c55d942d-4037-11ec-a901-94b86d66fd1d_jpg.rf.TmjT89HzBsOfbkYhmG3l.jpg,1,0,0,0,0,0
musa-acuminata-freshripe-4e557d4e-2653-11ec-87f2-d8c4975e38aa_jpg.rf.TdC7Y6vXbSMUl6fxyCy5.jpg,1,0,0,0,0,0
musa-acuminata-freshunripe-75b6badf-1d0a-11ec-ab53-d8c4975e38aa_jpg.rf.U5MdlyrtMXr2g8hDY5AX.jpg,0,1,0,0,0,1
musa-acuminata-ripe-6b026ccd-2653-11ec-9449-d8c4975e38aa_jpg.rf.TvdLzwMvxWg688j70cam.jpg,0,0,0,1,0,0
musa-acuminata-freshripe-7e5eefd3-1d0a-11ec-8a95-d8c4975e38aa_jpg.rf.TyFZZtxeHsME28uyTMqt.jpg,1,0,0,0,0,0
musa-acuminata-unripe-8accd98a-1d0a-11ec-b77d-d8c4975e38aa-1-_jpg.rf.Tq3oA0AhQA59Iw8eODzD.jpg,0,0,0,0,0,1
musa-acuminata-freshunripe-2ef09878-2653-11ec-9237-d8c4975e38aa_jpg.rf.7DMD6GlO6jok4TB96ShW.jpg,0,1,0,0,0,0
musa-acuminata-rotten-8b120f35-2653-11ec-a5b2-d8c4975e38aa_jpg.rf.W6gt1qIc7uh6qvMpzmIh.jpg,0,0,0,0,1,0
musa-acuminata-banana-90ab49bb-394a-11ec-bef0-d8c4975e38aa_jpg.rf.W7FEU5l7BZtrUQTXwttg.jpg,0,0,1,0,1,0
musa-acuminata-banana-dd8153f9-394a-11ec-a393-d8c4975e38aa_jpg.rf.WD5sxpVY8pqNyCPTFyb1.jpg,0,0,0,1,0,0
musa-acuminata-overripe-80d08a2c-2653-11ec-8f5f-d8c4975e38aa_jpg.rf.WRSZpbPggiJnrvVRXXeD.jpg,0,0,1,0,1,0
musa-acuminata-unripe-567172e1-2653-11ec-bb75-d8c4975e38aa---Copy_jpg.rf.Wd8GbUZ7IAiXVYV4IAK4.jpg,0,0,0,0,0,1
musa-acuminata-unripe-89dc1fbe-1d0a-11ec-bb99-d8c4975e38aa-1-_jpg.rf.WeN2UQtYH5cOI17nMmco.jpg,0,0,0,0,0,1
musa-acuminata-freshripe-4d1d42ff-2653-11ec-b48e-d8c4975e38aa_jpg.rf.WrV9GKGX4UKnHHHsUZbj.jpg,1,0,0,0,0,0
musa-acuminata-overripe-7ff263f8-2653-11ec-a8f2-d8c4975e38aa_jpg.rf.LamV8OxSasArlqJxSd5G.jpg,0,0,1,0,0,0
musa-acuminata-ripe-94cf07c8-1d0a-11ec-a5cb-d8c4975e38aa_jpg.rf.LcV9bG4V0msS5yGLhdiS.jpg,0,0,0,1,0,0
musa-acuminata-banana-ad045493-394a-11ec-a4a4-d8c4975e38aa_jpg.rf.LitkUuoDhR5IX0xfW2gL.jpg,0,0,1,0,1,0
musa-acuminata-ripe-6d77a5ed-2653-11ec-aaba-d8c4975e38aa_jpg.rf.Luu4IeVu0dVyDDd2DFjc.jpg,0,0,0,1,0,0
musa-acuminata-banana-ae93cb02-394a-11ec-89fd-d8c4975e38aa_jpg.rf.M4sMnJMi4OFfgglh17On.jpg,0,0,0,1,0,0
musa-acuminata-rotten-a662ef2d-1d0a-11ec-850c-d8c4975e38aa_jpg.rf.MC9ph7mrO0L4hiW4yv1H.jpg,0,0,0,0,1,0
musa-acuminata-freshunripe-75c351c8-1d0a-11ec-b70e-d8c4975e38aa_jpg.rf.MJugfADqokW7SdBq3R9V.jpg,0,0,0,0,0,1
musa-acuminata-banana-b4ba74b7-394a-11ec-83da-d8c4975e38aa_jpg.rf.MLoQwZxpbi9LAsrMajbp.jpg,1,0,0,0,0,0
musa-acuminata-freshunripe-704cfe1e-1d0a-11ec-97bf-d8c4975e38aa_jpg.rf.MPPsads4sEaj79GOMJXG.jpg,0,1,0,0,0,0
musa-acuminata-banana-ece0ef55-394a-11ec-866f-d8c4975e38aa_jpg.rf.W6g7LlqtF1S3gzaqQ9dz.jpg,1,0,0,1,0,0
musa-acuminata-banana-b2e0b988-394a-11ec-a032-d8c4975e38aa_jpg.rf.Vwadp3uYUzY8mAPdaGBz.jpg,1,0,0,0,0,0
musa-acuminata-ripe-6be01574-2653-11ec-ad4a-d8c4975e38aa_jpg.rf.NcDWQ7IUZp0rjYbn3ixi.jpg,0,0,0,1,0,0
musa-acuminata-overripe-9db33359-1d0a-11ec-bf06-d8c4975e38aa_jpg.rf.NcQVByQwRFwiyJIpiXu2.jpg,0,0,1,0,1,0
musa-acuminata-freshunripe-669df65b-1d0a-11ec-a955-d8c4975e38aa_jpg.rf.O7wGARGkMs3cLPd5jOe8.jpg,0,1,0,0,0,0
musa-acuminata-freshripe-7bb28952-1d0a-11ec-b2a2-d8c4975e38aa_jpg.rf.OAWojJDsii9ag7G5sYC6.jpg,1,0,0,0,0,0
musa-acuminata-ripe-9487870c-1d0a-11ec-9064-d8c4975e38aa_jpg.rf.OKZys5ArmV1m5KEoN7QS.jpg,0,0,0,1,0,0
musa-acuminata-unripe-8e948521-1d0a-11ec-9015-d8c4975e38aa-1-_jpg.rf.OPCX2KfFjpXyyv9XfO5g.jpg,0,0,0,0,0,1
musa-acuminata-rotten-8131d0f4-2653-11ec-81b1-d8c4975e38aa_jpg.rf.OgpNwb8LwmJWeMIjGVKv.jpg,0,0,0,0,1,0
musa-acuminata-banana-abbc1960-394a-11ec-91cc-d8c4975e38aa_jpg.rf.OjXwO7oULfhheejfzGEA.jpg,0,0,1,1,0,0
musa-acuminata-banana-afe1777a-394a-11ec-8926-d8c4975e38aa_jpg.rf.OkQrOPuhflS07AnEpEHt.jpg,1,0,0,0,0,0
musa-acuminata-banana-b4304ca4-394a-11ec-b09d-d8c4975e38aa_jpg.rf.Ol5AFbniVwxSscsk5yzR.jpg,1,0,0,0,0,0
musa-acuminata-banana-adb14ba7-394a-11ec-9244-d8c4975e38aa_jpg.rf.P04B3yoKlEBy8ysKQAW5.jpg,1,0,0,0,0,0
musa-acuminata-overripe-7e64e6e4-2653-11ec-a832-d8c4975e38aa_jpg.rf.P2b27Kzh0tBYRsBs5YV8.jpg,0,0,1,0,0,0
musa-acuminata-freshripe-7ef50e71-1d0a-11ec-8d36-d8c4975e38aa_jpg.rf.PAoZefr1EuEw74AMygoh.jpg,1,0,0,0,0,0
musa-acuminata-freshunripe-6f9b267b-1d0a-11ec-a595-d8c4975e38aa_jpg.rf.N4rSGraFxyE3zaHJ1VwR.jpg,0,1,0,0,0,0
musa-acuminata-rotten-a9f1b826-1d0a-11ec-9d23-d8c4975e38aa_jpg.rf.MtRlMyiwz9DNCxpJfWGX.jpg,0,0,0,0,1,0
musa-acuminata-rotten-b1ae7bd2-1d0a-11ec-901f-d8c4975e38aa_jpg.rf.Nawk4U9wOw2d6QCcoYll.jpg,0,0,0,0,1,0
musa-acuminata-unripe-571849d0-2653-11ec-90d7-d8c4975e38aa_jpg.rf.N46c7Y6fQtdV6hTNxBWN.jpg,0,0,0,0,1,1
musa-acuminata-mold-e4dfdf09-1d0a-11ec-b1df-d8c4975e38aa_jpg.rf.N9yPqzHXkwEYMvpqp4Qr.jpg,0,0,1,0,1,0
musa-acuminata-rotten-88bc642a-2653-11ec-8890-d8c4975e38aa_jpg.rf.N0gGPPa3YPHIbuSvEhHE.jpg,0,0,0,0,1,0
musa-acuminata-banana-9b92f516-394a-11ec-b87d-d8c4975e38aa_jpg.rf.N1lDkVJr66oEEFqpQi2x.jpg,0,0,0,0,1,0
musa-acuminata-mold-e58b7a37-1d0a-11ec-81a2-d8c4975e38aa_jpg.rf.t20P1YXFlOmxSjLPIk8p.jpg,0,0,1,0,0,0
musa-acuminata-banana-a562b247-394a-11ec-a42d-d8c4975e38aa_jpg.rf.t754KJso1vxNB6ghd057.jpg,0,0,1,0,1,0
musa-acuminata-unripe-80f04531-1d0a-11ec-b910-d8c4975e38aa-1-_jpg.rf.tBRhEr5xOidMjha2OfKP.jpg,0,0,0,0,1,1
musa-acuminata-ripe-94d3cc12-1d0a-11ec-96bb-d8c4975e38aa_jpg.rf.tE5eAWZhztc4vcnEV3UM.jpg,0,0,0,1,0,0
musa-acuminata-freshunripe-2720e7ad-2653-11ec-bf97-d8c4975e38aa_jpg.rf.tGM6KDa97xnbKHPLmlwd.jpg,0,1,0,0,0,0
musa-acuminata-banana-e5305820-394a-11ec-82cd-d8c4975e38aa_jpg.rf.tHYvcuszcO7jsy51ZbkZ.jpg,0,0,0,1,0,0
musa-acuminata-freshripe-7b5449af-1d0a-11ec-8cc4-d8c4975e38aa_jpg.rf.tL6UZL8V5kmBNH5oTBwY.jpg,1,0,0,0,0,0
musa-acuminata-unripe-6081ed74-2653-11ec-ad84-d8c4975e38aa_jpg.rf.tRM9xSfyWtYBePGondoc.jpg,0,0,0,0,1,0
musa-acuminata-freshripe-4c256301-2653-11ec-9952-d8c4975e38aa_jpg.rf.tVV7oZlhHY7yVaggj6MX.jpg,1,0,0,0,0,0
musa-acuminata-banana-eb4ddfbf-394a-11ec-a22a-d8c4975e38aa_jpg.rf.tWjKHyv5kMP0f59Fuwb3.jpg,1,0,0,1,0,0
musa-acuminata-banana-b128065e-394a-11ec-9405-d8c4975e38aa_jpg.rf.tae9O6Gj6CM7uyiZV08B.jpg,1,0,0,1,0,0
musa-acuminata-banana-fa44d718-394a-11ec-9bfe-d8c4975e38aa_jpg.rf.tjm8EK86VoXyH32ryFue.jpg,0,0,0,1,0,0
musa-acuminata-ripe-9505d963-1d0a-11ec-993c-d8c4975e38aa_jpg.rf.tmvEdfUDLVvFeR17sr7V.jpg,0,0,0,1,0,0
musa-acuminata-banana-d1a5418d-4037-11ec-9f79-94b86d66fd1d_jpg.rf.tqS52JvuBo10JLGbCQoL.jpg,0,0,0,1,0,0
musa-acuminata-banana-a8a7cb52-394a-11ec-a05e-d8c4975e38aa_jpg.rf.tqvEG5t3JJiW8RiyFWBM.jpg,0,0,1,0,0,0
musa-acuminata-unripe-83ca0e10-1d0a-11ec-9807-d8c4975e38aa-1-_jpg.rf.trN88NZnnOu4MBmSvDN8.jpg,0,0,0,0,0,1
musa-acuminata-rotten-8d44b763-2653-11ec-bb15-d8c4975e38aa_jpg.rf.u5xXqa2xhSlBX7Ez6Slv.jpg,0,0,0,0,1,0
musa-acuminata-unripe-85ff00bc-1d0a-11ec-a136-d8c4975e38aa-1-_jpg.rf.PKqbdqzoqsisYQyYn7TK.jpg,0,0,0,0,1,1
musa-acuminata-banana-f2102873-394a-11ec-b024-d8c4975e38aa_jpg.rf.shCb9z8qoRFICxULEOxV.jpg,1,0,0,1,0,0
musa-acuminata-banana-af4b3b8d-4037-11ec-a05f-94b86d66fd1d_jpg.rf.sre65wpe7j57z4StnAUP.jpg,0,1,0,0,0,1
musa-acuminata-banana-9196ae00-394a-11ec-9eeb-d8c4975e38aa_jpg.rf.sjyLYIKcYGSQGBHiZfR8.jpg,0,0,1,0,1,0
musa-acuminata-banana-b69b5da6-394a-11ec-a473-d8c4975e38aa_jpg.rf.sro593Zr0hHhzxbP8kbo.jpg,1,0,0,1,1,0
musa-acuminata-banana-a8ab210b-394a-11ec-9ea9-d8c4975e38aa_jpg.rf.uF2K8L0pBtSATuoxMyCZ.jpg,0,0,1,0,0,0
musa-acuminata-freshunripe-3baf7f85-2653-11ec-8d22-d8c4975e38aa_jpg.rf.uFBG6l0YYcLmZrXtuC1f.jpg,0,1,0,0,0,0
musa-acuminata-banana-9b9c81ad-394a-11ec-8334-d8c4975e38aa_jpg.rf.uGoVskhfNk2AXXrWlsbU.jpg,0,0,0,0,1,0
musa-acuminata-rotten-a1f6cef3-1d0a-11ec-94aa-d8c4975e38aa_jpg.rf.uMNutNyZftoQnrcuCr0T.jpg,0,0,0,0,1,0
musa-acuminata-mold-e2506ddd-1d0a-11ec-87a3-d8c4975e38aa_jpg.rf.uUAyiqVOJ6l0vCYnkGX4.jpg,0,0,1,0,1,0
musa-acuminata-banana-9bef1cba-394a-11ec-adf9-d8c4975e38aa_jpg.rf.uVFhbMkwMWWVARD3kNf1.jpg,0,0,0,0,1,0
musa-acuminata-banana-c3b9594a-394a-11ec-b2ec-d8c4975e38aa_jpg.rf.qx3qzksTOmeFSi1CCuSq.jpg,0,0,0,1,0,0
musa-acuminata-ripe-997de482-1d0a-11ec-aa5d-d8c4975e38aa_jpg.rf.r0jmp6fMeRINFKw8m35m.jpg,0,0,0,1,1,0
musa-acuminata-banana-8e83e65c-394a-11ec-b15d-d8c4975e38aa_jpg.rf.r5pAg4hJNH7iR7NKbT2k.jpg,0,0,1,0,1,0
musa-acuminata-ripe-9b1a3998-1d0a-11ec-9f97-d8c4975e38aa_jpg.rf.rJ4kRiqsM0eknJkJzg5y.jpg,0,0,0,1,1,0
musa-acuminata-freshripe-7db524c7-1d0a-11ec-9f02-d8c4975e38aa_jpg.rf.rL3NsDeCt50VjOPUpbM5.jpg,1,0,0,0,0,0
musa-acuminata-freshunripe-1958c501-2653-11ec-8b8d-d8c4975e38aa_jpg.rf.rfS0chMDGkYL67emiy1Y.jpg,0,1,0,0,0,0
musa-acuminata-overripe-8060d641-2653-11ec-93cc-d8c4975e38aa_jpg.rf.rsHbWfAS1kZWn7FcWPOP.jpg,0,0,1,0,0,0
musa-acuminata-freshunripe-76740b72-1d0a-11ec-b73b-d8c4975e38aa_jpg.rf.rulV7kwkB2jrYCVW33Us.jpg,0,0,0,0,0,1
musa-acuminata-banana-e72e8170-394a-11ec-9f06-d8c4975e38aa_jpg.rf.sGtrrGkUDq1SrNAlI6I0.jpg,0,0,0,1,0,0
musa-acuminata-mold-e326f008-1d0a-11ec-9902-d8c4975e38aa_jpg.rf.sJl5l8N5hNTxSocVFezR.jpg,0,0,1,0,1,0
musa-acuminata-freshripe-79a9a790-1d0a-11ec-9e66-d8c4975e38aa_jpg.rf.tHTLyONynvvNhIWkyQrx.jpg,1,0,0,0,0,0
musa-acuminata-banana-f1a53815-394a-11ec-89cb-d8c4975e38aa_jpg.rf.todBSKVHUwAL2q3i7dps.jpg,1,0,0,1,0,0
musa-acuminata-mold-e5d7bf46-1d0a-11ec-94af-d8c4975e38aa_jpg.rf.u7mVyyBWQyoKkzPYFpIB.jpg,0,0,1,0,0,0
musa-acuminata-banana-885a8c66-394a-11ec-9b2c-d8c4975e38aa_jpg.rf.QPNK0ZmuGxISaStOZ7pf.jpg,0,0,1,0,1,0
musa-acuminata-rotten-8ac8d617-2653-11ec-8248-d8c4975e38aa_jpg.rf.QhXBrV7IufLrtzx8HpBM.jpg,0,0,0,0,1,0
musa-acuminata-banana-a3dc503b-394a-11ec-95a5-d8c4975e38aa_jpg.rf.Pe0uuEVKqSJwGrUuHBjj.jpg,0,0,0,1,0,0
musa-acuminata-banana-8c667470-394a-11ec-9265-d8c4975e38aa_jpg.rf.QTWapIlGiJgGHSqA7syn.jpg,0,0,0,0,1,0
musa-acuminata-banana-98df0c4e-394a-11ec-bcf1-d8c4975e38aa_jpg.rf.Qr6tH5kCsYfJw5i61Ous.jpg,0,0,0,0,1,0
musa-acuminata-rotten-b9b59cf2-1d0a-11ec-83b7-d8c4975e38aa_jpg.rf.QiD6xKHY2FMoKeNPNtWt.jpg,0,0,0,0,1,0
musa-acuminata-banana-da5b3110-394a-11ec-b5ae-d8c4975e38aa_jpg.rf.QwOmg3dwBrOEUmyclwyl.jpg,0,0,0,1,0,0
musa-acuminata-banana-8ac0a368-394a-11ec-b417-d8c4975e38aa_jpg.rf.R00ch0PQo1xg0KUQGmwN.jpg,0,0,1,0,1,0
musa-acuminata-ripe-9290a018-1d0a-11ec-9069-d8c4975e38aa_jpg.rf.R0GQ8H2Kc64QOrjushrA.jpg,0,0,0,1,0,0
musa-acuminata-banana-98e84aeb-394a-11ec-95e4-d8c4975e38aa_jpg.rf.PxnP5zg6Y5FVgVitIu6L.jpg,0,0,0,0,1,0
musa-acuminata-banana-e6a1271e-394a-11ec-9d1f-d8c4975e38aa_jpg.rf.R2NOC96AFpF0Rbr44Kyc.jpg,0,0,0,1,0,0
musa-acuminata-unripe-8210aa02-1d0a-11ec-a8a8-d8c4975e38aa-1-_jpg.rf.PhvPB5NWTTY6v1P9vdH8.jpg,0,0,0,0,1,1
musa-acuminata-banana-adb78123-394a-11ec-93c6-d8c4975e38aa_jpg.rf.R2uFdZdpbzxrYcXuc1em.jpg,1,0,0,0,0,0
musa-acuminata-unripe-82130c2d-1d0a-11ec-ad02-d8c4975e38aa-1-_jpg.rf.QKLkLBD3ol0fcb7nPjvp.jpg,0,0,0,0,1,1
musa-acuminata-rotten-bf8797f3-1d0a-11ec-8bbe-d8c4975e38aa_jpg.rf.R9rqsDrWHH4opuNce1Nd.jpg,0,0,0,0,1,0
musa-acuminata-overripe-7df45185-2653-11ec-9510-d8c4975e38aa_jpg.rf.SpfGxg7DK1t0laq97ysp.jpg,0,0,1,0,0,0
musa-acuminata-rotten-bad474d4-1d0a-11ec-b2db-d8c4975e38aa_jpg.rf.T1c0I97K5lRt79wrRjMe.jpg,0,0,0,0,1,0
musa-acuminata-rotten-b6825233-1d0a-11ec-9e7d-d8c4975e38aa_jpg.rf.PfTbIkt8ypnMEmO3x0uF.jpg,0,0,0,0,1,0
musa-acuminata-banana-d23b5524-4037-11ec-ad06-94b86d66fd1d_jpg.rf.SzDfMCQxsCtLqzYn5z5L.jpg,1,0,0,0,0,0
musa-acuminata-banana-a85b404a-394a-11ec-bf27-d8c4975e38aa_jpg.rf.StCsMqVFOQdkIhvZEnSk.jpg,0,0,0,0,1,0
musa-acuminata-rotten-ad4bcfe2-1d0a-11ec-aeb0-d8c4975e38aa_jpg.rf.QJsW71ZROKLsZ66EnSEJ.jpg,0,0,0,0,1,0
musa-acuminata-banana-af209673-394a-11ec-922d-d8c4975e38aa_jpg.rf.Q0z5bRj6pgKO6mbwC1yO.jpg,0,0,0,1,0,0
musa-acuminata-banana-a6bac94d-394a-11ec-a99f-d8c4975e38aa_jpg.rf.SpTHeLcw81q3cBSysuCR.jpg,0,0,1,0,1,0
musa-acuminata-rotten-8bf49a0f-2653-11ec-a4cb-d8c4975e38aa_jpg.rf.T3b0l99uY4QHd9AXGnbQ.jpg,0,0,0,0,1,0
musa-acuminata-rotten-8c0e4799-2653-11ec-8ab1-d8c4975e38aa_jpg.rf.T7Nt60yoYHa008MQOCgR.jpg,0,0,0,0,1,0
musa-acuminata-ripe-92b1fe44-1d0a-11ec-8de7-d8c4975e38aa_jpg.rf.Pt8ichzkYRuvN5slKPr7.jpg,0,0,0,1,0,0
musa-acuminata-freshripe-49dd7298-2653-11ec-a3c0-d8c4975e38aa_jpg.rf.TDGuAQqKXlFAff1HYzz5.jpg,1,0,0,0,0,0
musa-acuminata-banana-f21684ba-394a-11ec-86e8-d8c4975e38aa_jpg.rf.TG0Egwy6tmSwka0riLGl.jpg,1,0,0,1,0,0
musa-acuminata-banana-f0e792c5-394a-11ec-b73d-d8c4975e38aa_jpg.rf.TLQ3gPjhOiw8z4AkE6XO.jpg,1,0,0,1,0,0
musa-acuminata-mold-e3fd7231-1d0a-11ec-9601-d8c4975e38aa_jpg.rf.Q4nBARA8M2CdE0XSuOSC.jpg,0,0,1,0,1,0
musa-acuminata-ripe-98de36de-1d0a-11ec-9f0f-d8c4975e38aa_jpg.rf.TK3rIVN3M2TTtWF1msHP.jpg,0,0,0,1,1,0
musa-acuminata-overripe-7d4c0078-2653-11ec-be53-d8c4975e38aa_jpg.rf.TIN1OkMamzMUT9WlkBgQ.jpg,0,0,1,0,1,0
musa-acuminata-banana-af9ff460-394a-11ec-b28c-d8c4975e38aa_jpg.rf.TV3QVmf6pa4uNLVA2kw5.jpg,1,0,0,0,0,0
musa-acuminata-freshunripe-6f98b58a-1d0a-11ec-be11-d8c4975e38aa_jpg.rf.TNwOO9HbmoTszVAAoCRr.jpg,0,1,0,0,0,0
musa-acuminata-banana-b42e541e-394a-11ec-80be-d8c4975e38aa_jpg.rf.TUIJs6EerWuJDHP0sK1n.jpg,1,0,0,0,0,0
musa-acuminata-banana-b5fd3f26-394a-11ec-a4d2-d8c4975e38aa_jpg.rf.TXEyMZ5syKF2nysvBrjr.jpg,1,0,0,1,1,0
musa-acuminata-freshunripe-6768f086-1d0a-11ec-a670-d8c4975e38aa_jpg.rf.TcGxz6peQO914yoHtRtm.jpg,0,1,0,0,0,0
musa-acuminata-unripe-8a260289-1d0a-11ec-8e2d-d8c4975e38aa-1-_jpg.rf.TxSSgQ7f6NQ627N3C4kQ.jpg,0,1,0,0,0,1
musa-acuminata-overripe-80e742ac-2653-11ec-9dba-d8c4975e38aa_jpg.rf.U1qUDgcL1OnUUVogxfmb.jpg,0,0,1,0,1,0
musa-acuminata-rotten-8929a163-2653-11ec-b1ed-d8c4975e38aa_jpg.rf.U3ASJMNMk8hqOIOGIcaC.jpg,0,0,0,0,1,0
musa-acuminata-unripe-62df50dd-2653-11ec-9356-d8c4975e38aa---Copy_jpg.rf.U4iCMivKfDRi59p1ntHW.jpg,0,0,0,0,1,0
musa-acuminata-banana-c87e7b68-394a-11ec-9972-d8c4975e38aa_jpg.rf.U8y52kQ9x718DAHLIZJM.jpg,1,0,0,0,0,0
musa-acuminata-unripe-864da7fd-1d0a-11ec-9506-d8c4975e38aa-1-_jpg.rf.UA6vnxmvPLdh0LTYJir5.jpg,0,0,0,0,1,1
musa-acuminata-mold-e225871d-1d0a-11ec-b748-d8c4975e38aa_jpg.rf.UFoCKEWyvUpGgYCK71Ru.jpg,0,0,1,0,1,0
musa-acuminata-banana-85080e9d-394a-11ec-916d-d8c4975e38aa_jpg.rf.Tocy2xYj2dvVnhWGPIi7.jpg,0,0,0,1,1,0
musa-acuminata-ripe-73a3db20-2653-11ec-9aa6-d8c4975e38aa_jpg.rf.TolF94Hm9PnKHVn2b1gx.jpg,0,0,0,0,1,0
musa-acuminata-banana-c32be378-394a-11ec-9b87-d8c4975e38aa_jpg.rf.TqJKZ6TWHa0smt6GLyqd.jpg,0,0,0,1,0,0
musa-acuminata-rotten-b67fe29e-1d0a-11ec-b7e7-d8c4975e38aa_jpg.rf.TxOfIvCewdis52BpvWam.jpg,0,0,0,0,1,0
musa-acuminata-freshripe-43de8667-2653-11ec-a9f3-d8c4975e38aa_jpg.rf.UH2kiwD7xOimvvFGNi5P.jpg,1,0,0,0,0,0
musa-acuminata-banana-9b4f9496-394a-11ec-9940-d8c4975e38aa_jpg.rf.UIRS3RZa8F8Ftk64wbuP.jpg,0,0,0,0,1,0
musa-acuminata-overripe-7bf45654-2653-11ec-8a61-d8c4975e38aa_jpg.rf.NYNN9joYMcXxzxw5iVVW.jpg,0,0,1,0,1,0
musa-acuminata-banana-88ed3399-394a-11ec-80ad-d8c4975e38aa_jpg.rf.NfgzBFSLizIjDYqn9ngB.jpg,0,0,1,0,1,0
musa-acuminata-freshunripe-28f6704f-2653-11ec-a03b-d8c4975e38aa_jpg.rf.NgLJaPbDikOP8lxrOFfx.jpg,0,1,0,0,0,0
musa-acuminata-ripe-95737c8c-1d0a-11ec-8029-d8c4975e38aa_jpg.rf.NmVVk94cg3M1gxGoVShl.jpg,0,0,0,1,1,0
musa-acuminata-banana-c27e7ac0-394a-11ec-bbbb-d8c4975e38aa_jpg.rf.NqtB7lFC8hQ2FHsD9NRb.jpg,0,0,0,1,0,0
musa-acuminata-unripe-8fdb0c7f-1d0a-11ec-a773-d8c4975e38aa-1-_jpg.rf.NrHwa7hEki0TpCS8gnL5.jpg,0,0,0,0,0,1
musa-acuminata-overripe-a192b468-1d0a-11ec-b63d-d8c4975e38aa_jpg.rf.O6tMAbgcUQgLKGPiq672.jpg,0,0,1,0,0,0
musa-acuminata-rotten-84ae3b9c-2653-11ec-af43-d8c4975e38aa_jpg.rf.OEPc5OMbcVQ8J5MxjSfU.jpg,0,0,0,0,1,0
musa-acuminata-banana-c3371d10-394a-11ec-8cb7-d8c4975e38aa_jpg.rf.OEYCP423g9CXXbbiwerE.jpg,0,0,0,1,0,0
musa-acuminata-banana-a042b61d-394a-11ec-9bc2-d8c4975e38aa_jpg.rf.OHKCZyo2ieUZQQj9PCa4.jpg,0,0,0,0,1,0
musa-acuminata-rotten-8c0ff009-2653-11ec-bc7c-d8c4975e38aa_jpg.rf.OSUJUjNkxrvVWe98SI5v.jpg,0,0,0,0,1,0
musa-acuminata-banana-ae66e8c5-4037-11ec-a85a-94b86d66fd1d_jpg.rf.OUc5f8uTCwNMZ4XZyeFY.jpg,0,1,0,0,0,1
musa-acuminata-banana-f5c36dc7-394a-11ec-a3c8-d8c4975e38aa_jpg.rf.Q2pQHSQMqMt3enyinjfr.jpg,0,0,0,1,0,0
musa-acuminata-banana-e4d491b4-394a-11ec-9a3f-d8c4975e38aa_jpg.rf.NscNAQ5XUvkVB9kQ80rI.jpg,0,0,0,1,0,0
musa-acuminata-freshripe-4f2276ba-2653-11ec-a759-d8c4975e38aa_jpg.rf.O14V4W5LnGLQEM0aGp9G.jpg,1,0,0,0,0,0
musa-acuminata-unripe-832f2352-1d0a-11ec-82be-d8c4975e38aa-1-_jpg.rf.OVX8Bv70Dgw77On6QS8c.jpg,0,0,0,0,1,1
musa-acuminata-ripe-6bd1c857-2653-11ec-9cbf-d8c4975e38aa_jpg.rf.OYWtBpJgtIm5zo1GCuRI.jpg,0,0,0,1,0,0
musa-acuminata-banana-a47cc77e-394a-11ec-a765-d8c4975e38aa_jpg.rf.OaPldyoRyWm5lIrtFjeX.jpg,0,0,0,1,1,0
musa-acuminata-rotten-8fbbc34a-2653-11ec-91b7-d8c4975e38aa_jpg.rf.ObJVC8iUH9vHADPogouc.jpg,0,0,0,0,1,0
musa-acuminata-banana-9829360e-394a-11ec-995e-d8c4975e38aa_jpg.rf.Omu6PJ4IBiXV2nloHbbY.jpg,0,0,1,1,0,0
musa-acuminata-banana-eb864227-394a-11ec-93fe-d8c4975e38aa_jpg.rf.OnjfaRU7IrGdzb9Kdqui.jpg,1,0,0,0,0,0
musa-acuminata-banana-a680e2d8-394a-11ec-9167-d8c4975e38aa_jpg.rf.OuRNKVE9FBAbbG1DE1Co.jpg,0,0,1,0,1,0
musa-acuminata-banana-f2d05c4c-394a-11ec-8631-d8c4975e38aa_jpg.rf.O33dKRxC2ZM8shVkOQT4.jpg,1,0,0,0,0,0
musa-acuminata-freshripe-452c358c-2653-11ec-bfaf-d8c4975e38aa_jpg.rf.OSaocdhGsrvp9ExBhpB6.jpg,1,0,0,0,0,0
musa-acuminata-overripe-9d15e4e1-1d0a-11ec-8eed-d8c4975e38aa_jpg.rf.Q1lPDoyzwZHuQfmLVlaX.jpg,0,0,1,0,0,0
musa-acuminata-banana-df3cf2f9-394a-11ec-a306-d8c4975e38aa_jpg.rf.OUuKJYhFQFxYk1kA3Kiv.jpg,0,0,0,1,0,0
musa-acuminata-freshunripe-68df7659-1d0a-11ec-a318-d8c4975e38aa_jpg.rf.P3Y9JYw1ye77OvAQ8Edq.jpg,0,1,0,0,0,0
musa-acuminata-banana-91ab71cb-394a-11ec-9e26-d8c4975e38aa_jpg.rf.PFdjQ1E3L14UjklsE7bf.jpg,0,0,1,0,0,0
musa-acuminata-banana-fc792fb4-394a-11ec-bb61-d8c4975e38aa_jpg.rf.POMtZ01QrHeH9gegVDLy.jpg,1,0,0,0,0,0
musa-acuminata-freshunripe-69296de8-1d0a-11ec-ac94-d8c4975e38aa_jpg.rf.PRCFokmNg444XTQkeq9F.jpg,0,1,0,0,0,0
musa-acuminata-freshripe-4c8bdf6e-2653-11ec-885c-d8c4975e38aa_jpg.rf.C9PhuiZ8JDIsEFqrAXHK.jpg,1,0,0,0,0,0
musa-acuminata-freshunripe-6c655c6d-1d0a-11ec-b8a4-d8c4975e38aa_jpg.rf.CAcJkROfCVnGe06YTpra.jpg,0,1,0,0,0,0
musa-acuminata-banana-e27a655d-394a-11ec-803e-d8c4975e38aa_jpg.rf.Oxn2lsWTiDMMZFiTMpes.jpg,1,0,0,1,0,0
musa-acuminata-rotten-bbceee80-1d0a-11ec-8a6d-d8c4975e38aa_jpg.rf.OxG2zGqClpbHTuh8foj8.jpg,0,0,0,0,1,0
musa-acuminata-rotten-a3494122-1d0a-11ec-ae17-d8c4975e38aa_jpg.rf.Ck3hDkL0YXIeAlOw055W.jpg,0,0,0,0,1,0
musa-acuminata-rotten-8130b18a-2653-11ec-a6fa-d8c4975e38aa_jpg.rf.CksFdLbkGsmZiDIetyVa.jpg,0,0,0,0,1,0
musa-acuminata-overripe-80501625-2653-11ec-9043-d8c4975e38aa_jpg.rf.CqQGyCVztnzbONxbPuJt.jpg,0,0,1,0,0,0
musa-acuminata-mold-e56ee2ac-1d0a-11ec-81bc-d8c4975e38aa_jpg.rf.QIAZKcSyWPPNl4sW8AhK.jpg,0,0,1,0,1,0
musa-acuminata-banana-8d8daa97-394a-11ec-beb8-d8c4975e38aa_jpg.rf.Q3yJoelW5w3S7x7jCR5N.jpg,0,0,1,0,0,0
musa-acuminata-rotten-bf2e9c23-1d0a-11ec-b609-d8c4975e38aa_jpg.rf.CMkv9FjV4naEL1FzuXbX.jpg,0,0,0,0,1,0
musa-acuminata-freshunripe-2d83ee6f-2653-11ec-bdba-d8c4975e38aa_jpg.rf.CFm3ETeTfIpAfvpInoNV.jpg,0,1,0,0,0,0
musa-acuminata-banana-c5d4ec54-394a-11ec-855d-d8c4975e38aa_jpg.rf.Q3ZVvLfmXNr3BPXdTu4M.jpg,1,0,0,1,0,0
musa-acuminata-unripe-877ebe39-1d0a-11ec-ae6c-d8c4975e38aa-1-_jpg.rf.CSu6XimaBiqlurpDOk58.jpg,0,0,0,0,1,1
musa-acuminata-overripe-a1715769-1d0a-11ec-94ff-d8c4975e38aa_jpg.rf.Cd46baJBav2PxYEKFrVG.jpg,0,0,1,0,1,0
musa-acuminata-banana-9fd31735-4037-11ec-b658-94b86d66fd1d_jpg.rf.CcNMlW4eom0P3bkpcCyF.jpg,0,0,0,1,0,0
musa-acuminata-overripe-a0b50bc2-1d0a-11ec-8f2a-d8c4975e38aa_jpg.rf.D6t8RXJ6uFafRoaTr7ze.jpg,0,0,1,0,0,0
musa-acuminata-freshunripe-2f6eebd6-2653-11ec-b4df-d8c4975e38aa_jpg.rf.DF1m7sjgIK5E1P84jbZQ.jpg,0,1,0,0,0,0
musa-acuminata-banana-e7b10aa6-394a-11ec-b473-d8c4975e38aa_jpg.rf.DHST7mdNrL72MFQaMVrl.jpg,0,0,0,1,0,0
musa-acuminata-banana-b1b10aae-394a-11ec-83f4-d8c4975e38aa_jpg.rf.D7F8Xapau8OIqaKn1Evt.jpg,1,0,0,0,0,0
musa-acuminata-freshunripe-6ffd1ba9-1d0a-11ec-8a69-d8c4975e38aa_jpg.rf.DIx7lRRAYmDCKNI3TseL.jpg,0,1,0,0,0,0
musa-acuminata-banana-d17e23ca-4037-11ec-8ae8-94b86d66fd1d_jpg.rf.DLLVGzmQhVDznmV123xd.jpg,0,0,0,1,0,0
musa-acuminata-banana-a0fc9b75-4037-11ec-bf16-94b86d66fd1d_jpg.rf.DOTaplhttsfmjzUfUDa5.jpg,1,0,0,0,0,0
musa-acuminata-ripe-6c19493e-2653-11ec-9c8f-d8c4975e38aa_jpg.rf.CuJRNNu98Da9t8WLCzWg.jpg,0,0,0,1,0,0
musa-acuminata-banana-e5b5ae78-394a-11ec-88b3-d8c4975e38aa_jpg.rf.CrJbwVr4bkNfO8IkM15X.jpg,1,0,0,1,0,0
musa-acuminata-freshunripe-6d3834d6-1d0a-11ec-82ed-d8c4975e38aa_jpg.rf.Ctlj5nK5Brk4mR3ux9cQ.jpg,0,1,0,0,0,0
musa-acuminata-banana-a9561b2e-394a-11ec-a6b9-d8c4975e38aa_jpg.rf.Cye1JcKyaFfoT15FzS6R.jpg,0,0,0,0,1,0
musa-acuminata-banana-afe6ec6d-394a-11ec-bcab-d8c4975e38aa_jpg.rf.D5ZpgcHeqm8B9vOZX4z1.jpg,1,0,0,0,0,0
musa-acuminata-freshunripe-760e5abc-1d0a-11ec-93fe-d8c4975e38aa_jpg.rf.DvxxgYXkF9d5gU5dDzHu.jpg,0,1,0,0,0,0
musa-acuminata-banana-b1239fba-394a-11ec-8f8d-d8c4975e38aa_jpg.rf.E25rtml842EGOvdg9EKd.jpg,1,0,0,1,0,0
musa-acuminata-banana-c4b58fda-394a-11ec-89b0-d8c4975e38aa_jpg.rf.E3ti9fDE8I9NQMcDPKci.jpg,0,0,0,1,0,0
musa-acuminata-banana-9a0cac16-394a-11ec-b589-d8c4975e38aa_jpg.rf.E6wYk2PZ6jhG41sCKKnd.jpg,0,0,0,0,1,0
musa-acuminata-ripe-6b68e991-2653-11ec-9e75-d8c4975e38aa_jpg.rf.PtvLoAm1YRoGB5JcCFl2.jpg,0,0,0,1,0,0
musa-acuminata-unripe-8f31d36e-1d0a-11ec-b1f8-d8c4975e38aa-1-_jpg.rf.LXsmLl6Epl5jMDyqXGjm.jpg,0,0,0,0,0,1
musa-acuminata-banana-c61ff979-394a-11ec-aefc-d8c4975e38aa_jpg.rf.LcbLe7QukvrpwWVqw83w.jpg,1,0,0,1,0,0
musa-acuminata-banana-e7b5e44b-394a-11ec-83f7-d8c4975e38aa_jpg.rf.LhjKlSXKvuC1F1PxpgHn.jpg,0,0,0,1,0,0
musa-acuminata-mold-e1abf918-1d0a-11ec-8842-d8c4975e38aa_jpg.rf.QYvOUSUdXR64xbz8eV9Q.jpg,0,0,1,0,1,0
musa-acuminata-freshripe-4dde51a0-2653-11ec-92c6-d8c4975e38aa_jpg.rf.PdVjkHw3wS7uw4WyK1yG.jpg,1,0,0,0,0,0
musa-acuminata-freshripe-4b85b260-2653-11ec-99bd-d8c4975e38aa_jpg.rf.PWPuScT5CbHaPxGPfVTI.jpg,1,0,0,0,0,0
musa-acuminata-banana-f0e93d7d-394a-11ec-ada3-d8c4975e38aa_jpg.rf.DTlYfLcZVu6NU8HKt7x7.jpg,1,0,0,1,0,0
musa-acuminata-rotten-826b3497-2653-11ec-93c8-d8c4975e38aa_jpg.rf.LiwMvik1RKXIuqSADHCb.jpg,0,0,0,0,1,0
musa-acuminata-banana-b2961cdc-4037-11ec-886e-94b86d66fd1d_jpg.rf.Lp2jE0Lt6iS5JJDCW6QX.jpg,0,1,0,0,0,1
musa-acuminata-freshunripe-1cb30cb6-2653-11ec-a56c-d8c4975e38aa_jpg.rf.LqtFnvD9e91yz3ZhiN92.jpg,0,1,0,0,0,0
musa-acuminata-banana-fc24753c-394a-11ec-b461-d8c4975e38aa_jpg.rf.Prp6P1K24Ne9NaSLnpXH.jpg,0,0,0,1,0,0
musa-acuminata-freshunripe-26cb1a02-2653-11ec-99b2-d8c4975e38aa_jpg.rf.LuqHXZiPRBxVmAl1gFA3.jpg,0,1,0,0,0,0
musa-acuminata-unripe-8a2f8b20-1d0a-11ec-95f2-d8c4975e38aa-1-_jpg.rf.DOeRFjIR55TfUZqjUKdM.jpg,0,1,0,0,0,1
musa-acuminata-banana-a63f4701-394a-11ec-88a5-d8c4975e38aa_jpg.rf.DiCiRUVkXu8FovWz1lWv.jpg,0,0,1,0,1,0
musa-acuminata-freshunripe-1da23724-2653-11ec-b2ea-d8c4975e38aa_jpg.rf.DjU2pTcp5dwxJBvHuhIk.jpg,0,1,0,0,0,0
musa-acuminata-overripe-76570c65-2653-11ec-a561-d8c4975e38aa_jpg.rf.Dp6tg0Y3Hy5CBr42pVdb.jpg,0,0,1,0,0,0
musa-acuminata-freshripe-4d58d8e0-2653-11ec-b949-d8c4975e38aa_jpg.rf.DrWGLeTadspeLNui4DV8.jpg,1,0,0,0,0,0
musa-acuminata-unripe-61e04a47-2653-11ec-8854-d8c4975e38aa---Copy_jpg.rf.M1Ha4AvPXEGhALd8ZwkM.jpg,0,0,0,0,0,1
musa-acuminata-unripe-8b30f419-1d0a-11ec-bfc8-d8c4975e38aa-1-_jpg.rf.M3k7DQnu3fNtYhM12dPn.jpg,0,1,0,0,0,1
musa-acuminata-banana-a340a863-394a-11ec-8122-d8c4975e38aa_jpg.rf.M4LtpiqeU7tuBImIMvhK.jpg,0,0,1,0,0,0
musa-acuminata-freshunripe-767e5b47-1d0a-11ec-b100-d8c4975e38aa_jpg.rf.M5LRpBJOIrLvMdI8Qvu1.jpg,0,1,0,0,0,0
musa-acuminata-banana-e9331176-394a-11ec-a71f-d8c4975e38aa_jpg.rf.M9Zv9yD7NSUhlxppZfSf.jpg,0,0,0,1,0,0
musa-acuminata-unripe-89d9bd84-1d0a-11ec-b48e-d8c4975e38aa-1-_jpg.rf.MAybEv4tBiL3aIn6QhPb.jpg,0,0,0,0,0,1
musa-acuminata-banana-ed60e40c-394a-11ec-bdef-d8c4975e38aa_jpg.rf.MDqUWYdwVAGSPM8Blb87.jpg,0,0,0,1,0,0
musa-acuminata-rotten-86bb90fc-2653-11ec-bf86-d8c4975e38aa_jpg.rf.MFC7BqP8W51VYkSlF7bR.jpg,0,0,0,0,1,0
musa-acuminata-banana-9660d1c5-394a-11ec-bf47-d8c4975e38aa_jpg.rf.MIf7zdBRUpRWxUsNYvSt.jpg,0,0,1,0,1,0
musa-acuminata-overripe-9c44272d-1d0a-11ec-a442-d8c4975e38aa_jpg.rf.MM5qhfLSzaygJtNmPDBk.jpg,0,0,1,0,0,0
musa-acuminata-banana-c5876849-394a-11ec-b53b-d8c4975e38aa_jpg.rf.MaekS884H967CRriIpcE.jpg,1,0,0,1,0,0
musa-acuminata-banana-a772a129-394a-11ec-a75f-d8c4975e38aa_jpg.rf.MajV0vScf852U3QjZbyT.jpg,0,0,0,0,1,0
musa-acuminata-ripe-6ceb06b7-2653-11ec-8d9b-d8c4975e38aa_jpg.rf.Map3p1vauOzyJlCUiraR.jpg,0,0,0,1,0,0
musa-acuminata-banana-9a014dd2-394a-11ec-9097-d8c4975e38aa_jpg.rf.MmX7gelUIVPiccZislUb.jpg,0,0,0,0,1,0
musa-acuminata-freshripe-7e077a66-1d0a-11ec-afb8-d8c4975e38aa_jpg.rf.Mw2Sn1uFt7a4Yp7rSOUv.jpg,1,0,0,0,0,0
musa-acuminata-banana-ab7c32f4-394a-11ec-be8f-d8c4975e38aa_jpg.rf.MxP4Seu6wnFqm7NnxNZY.jpg,0,0,1,1,0,0
musa-acuminata-banana-a6e5e25e-4037-11ec-8dfb-94b86d66fd1d_jpg.rf.N0SJc2SAIev3SMjGNVd3.jpg,1,0,0,0,0,0
musa-acuminata-overripe-9d3c08c4-1d0a-11ec-9907-d8c4975e38aa_jpg.rf.CaPhKSShExyuKdYABSos.jpg,0,0,1,0,0,0
musa-acuminata-freshunripe-321d5771-2653-11ec-8507-d8c4975e38aa_jpg.rf.N2COoK2oWwXxLsaXVZnh.jpg,0,1,0,0,0,0
musa-acuminata-banana-c170d0b8-4037-11ec-ab1e-94b86d66fd1d_jpg.rf.M0b8vHXglIdofhmCZOTG.jpg,0,0,0,1,0,0
musa-acuminata-banana-ce53d9f0-4037-11ec-b201-94b86d66fd1d_jpg.rf.c4hgc7JG0kbOKJbqrF9E.jpg,0,0,0,1,0,0
musa-acuminata-mold-e605094e-1d0a-11ec-8f8e-d8c4975e38aa_jpg.rf.cHxMsr8m1gmtObYDcDFq.jpg,0,0,1,0,0,0
musa-acuminata-ripe-70856935-2653-11ec-8177-d8c4975e38aa_jpg.rf.cL2wGkq6yZjt7NsqD991.jpg,0,0,0,0,1,0
musa-acuminata-overripe-7ffe18b4-2653-11ec-b56d-d8c4975e38aa_jpg.rf.cQXBdfeWFPrr1TMiHtN5.jpg,0,0,1,0,0,0
musa-acuminata-unripe-820983fa-1d0a-11ec-b8c1-d8c4975e38aa_jpg.rf.cR3Dn1Y719oWVVx2X6BY.jpg,0,0,0,0,1,1
musa-acuminata-banana-ea8e70c1-394a-11ec-af02-d8c4975e38aa_jpg.rf.cSyfafvDEGWFIXuJxBuo.jpg,1,0,0,1,0,0
musa-acuminata-overripe-7d20d509-2653-11ec-8f73-d8c4975e38aa_jpg.rf.cT2C2FSqEgbuioUabfD0.jpg,0,0,1,0,0,0
musa-acuminata-rotten-811e5966-2653-11ec-92e9-d8c4975e38aa_jpg.rf.cV4wbG7PeJ5MiXkp2Urq.jpg,0,0,1,0,0,0
musa-acuminata-rotten-b1de25f3-1d0a-11ec-954f-d8c4975e38aa_jpg.rf.cWTE7apPCYqA8OsOdb0Q.jpg,0,0,0,0,1,0
musa-acuminata-overripe-9fde8aec-1d0a-11ec-9023-d8c4975e38aa_jpg.rf.cX0ZhCwMNUUORdVbUYIH.jpg,0,0,1,0,0,0
musa-acuminata-unripe-612661fe-2653-11ec-af74-d8c4975e38aa---Copy_jpg.rf.ce9E1GawxzCG9sM1ogAG.jpg,0,0,0,0,1,1
musa-acuminata-ripe-72137112-2653-11ec-aecf-d8c4975e38aa_jpg.rf.chRsKpfBTotZSWdbYMAZ.jpg,0,0,0,1,1,0
musa-acuminata-banana-fdeae43a-394a-11ec-86ca-d8c4975e38aa_jpg.rf.cndAzb4SyIHAFVWtr0bm.jpg,0,0,0,1,0,0
musa-acuminata-freshunripe-279f39fb-2653-11ec-9825-d8c4975e38aa_jpg.rf.DM7TQB28dxIS5MubGNAC.jpg,0,1,0,0,0,0
musa-acuminata-banana-af5b72fd-394a-11ec-98d9-d8c4975e38aa_jpg.rf.NVggaNktBvVibPy0LzAl.jpg,1,0,0,1,0,0
musa-acuminata-rotten-86b999e1-2653-11ec-92e8-d8c4975e38aa_jpg.rf.NJkPAbG8ec1moQtTL34W.jpg,0,0,0,0,1,0
musa-acuminata-banana-abe9ba52-394a-11ec-94af-d8c4975e38aa_jpg.rf.NY2elO8PQZ9uwm8O5GyU.jpg,0,0,1,1,0,0
musa-acuminata-ripe-71a36d04-2653-11ec-9114-d8c4975e38aa_jpg.rf.N8VBWTsCw4vFYcV4W0xG.jpg,0,0,0,1,1,0
musa-acuminata-banana-ea1fbb0f-394a-11ec-b8f6-d8c4975e38aa_jpg.rf.dQl6ixDJMrLXbbRSMmXm.jpg,1,0,0,1,0,0
musa-acuminata-mold-e56ee2ab-1d0a-11ec-b3da-d8c4975e38aa_jpg.rf.dSjvld6hhAg2OYbWelfi.jpg,0,0,1,0,1,0
musa-acuminata-banana-afcba3e8-394a-11ec-92f6-d8c4975e38aa_jpg.rf.dWwd3pwiLFQXahA69kYn.jpg,1,0,0,0,0,0
musa-acuminata-banana-b62b0571-394a-11ec-8e30-d8c4975e38aa_jpg.rf.dZfFZVwnXqVa6komPzsr.jpg,1,0,0,1,1,0
musa-acuminata-freshunripe-2cf4ed36-2653-11ec-bd4d-d8c4975e38aa_jpg.rf.dmpw07M9sepZKgY1xNto.jpg,0,1,0,0,0,0
musa-acuminata-ripe-6ef29cae-2653-11ec-badc-d8c4975e38aa_jpg.rf.dsOAD6qaPoAKsX0Lvi9g.jpg,0,0,0,1,1,0
musa-acuminata-banana-c2cdb627-4037-11ec-84ec-94b86d66fd1d_jpg.rf.dtHg4HTCgoeAgJKOJaxd.jpg,0,0,0,1,0,0
musa-acuminata-unripe-8376a4ea-1d0a-11ec-b918-d8c4975e38aa-1-_jpg.rf.dtw3JxWKGxZg8vuuCPgA.jpg,0,0,0,0,1,1
musa-acuminata-freshripe-4d3ea157-2653-11ec-96ef-d8c4975e38aa_jpg.rf.e1Zm9B8wWp6yYS6r7vIt.jpg,1,0,0,0,0,0
musa-acuminata-freshunripe-20326766-2653-11ec-8827-d8c4975e38aa_jpg.rf.e1iZfDGB3gpizkLtGF3i.jpg,0,1,0,0,0,0
musa-acuminata-freshunripe-2733f8fe-2653-11ec-ac77-d8c4975e38aa_jpg.rf.cJR0U3OEoBoou3NSdwdB.jpg,0,1,0,0,0,0
musa-acuminata-unripe-8f2d108e-1d0a-11ec-ba61-d8c4975e38aa-1-_jpg.rf.cKxhnNpT8IYagwW9dDSy.jpg,0,0,0,0,0,1
musa-acuminata-freshripe-4c90a3db-2653-11ec-8977-d8c4975e38aa_jpg.rf.cVAgwn1qqdVERg6rUI3M.jpg,1,0,0,0,0,0
musa-acuminata-freshunripe-2289e0e1-2653-11ec-88cc-d8c4975e38aa_jpg.rf.cWtPTPpw24e6s5VjhnZp.jpg,0,1,0,0,0,0
musa-acuminata-ripe-93bcefd1-1d0a-11ec-9a41-d8c4975e38aa_jpg.rf.cZeHttMQ8zjySfkAVxoj.jpg,0,0,0,1,0,0
musa-acuminata-freshunripe-6b1b1ed1-1d0a-11ec-ac8d-d8c4975e38aa_jpg.rf.cZqVuTSshXbmdVTG55rB.jpg,0,1,0,0,0,0
musa-acuminata-freshunripe-395ba47a-2653-11ec-ba15-d8c4975e38aa_jpg.rf.cj7Y7XlxPNz55TNRyVml.jpg,0,1,0,0,0,0
musa-acuminata-overripe-9fcb79a2-1d0a-11ec-b226-d8c4975e38aa_jpg.rf.d1YnaH4NlLu2EeqpehHz.jpg,0,0,1,0,0,0
musa-acuminata-unripe-86ed5ab9-1d0a-11ec-83ab-d8c4975e38aa-1-_jpg.rf.cov8aw01ukDfJxbejC2S.jpg,0,0,0,0,1,1
musa-acuminata-ripe-6ee91412-2653-11ec-8889-d8c4975e38aa_jpg.rf.dKHquvaABSuYet4FXcvT.jpg,0,0,0,1,1,0
musa-acuminata-freshripe-4a2c19e7-2653-11ec-b3d1-d8c4975e38aa_jpg.rf.cu45BcU8Uc88DjepiAII.jpg,1,0,0,0,0,0
musa-acuminata-ripe-6c763d30-2653-11ec-8bba-d8c4975e38aa_jpg.rf.cq1AF1v9Pssnkm3ydJFn.jpg,0,0,0,1,0,0
musa-acuminata-ripe-6ca5e868-2653-11ec-a9ab-d8c4975e38aa_jpg.rf.cqsO85Og5vQe7knBIsB5.jpg,0,0,0,1,0,0
musa-acuminata-unripe-871aa435-1d0a-11ec-9956-d8c4975e38aa-1-_jpg.rf.d0Q6xQOFYvx0VoR0Lxad.jpg,0,0,0,0,1,1
musa-acuminata-ripe-73ad63c3-2653-11ec-86bb-d8c4975e38aa_jpg.rf.dKciUqXPTmL0VjFAAy4o.jpg,0,0,0,0,1,0
musa-acuminata-banana-a4239097-394a-11ec-a866-d8c4975e38aa_jpg.rf.deevq5llDREsoRbjsViY.jpg,0,0,1,0,0,0
musa-acuminata-banana-e93e1120-394a-11ec-9982-d8c4975e38aa_jpg.rf.dhwzR6YcZfsAT0hsX2r0.jpg,1,0,0,1,0,0
musa-acuminata-freshripe-4cbdecbd-2653-11ec-a08d-d8c4975e38aa_jpg.rf.doJZgRxwKB3woH5THLUw.jpg,1,0,0,0,0,0
musa-acuminata-rotten-8f6fbf3c-2653-11ec-b80a-d8c4975e38aa_jpg.rf.duMwjKpPHlWIYmqL3n8z.jpg,0,0,0,1,1,0
musa-acuminata-rotten-bc6107ea-1d0a-11ec-9833-d8c4975e38aa_jpg.rf.e9XMu9QBbIdRgQahO7rm.jpg,0,0,0,0,1,0
musa-acuminata-ripe-93a51a2a-1d0a-11ec-a893-d8c4975e38aa_jpg.rf.eGKnqklGV4yzrRFpWagv.jpg,0,0,0,1,0,0
musa-acuminata-overripe-7dd96743-2653-11ec-9fb2-d8c4975e38aa_jpg.rf.eTdlpkazX4831KJJjyPV.jpg,0,0,1,0,0,0
musa-acuminata-unripe-865992ab-1d0a-11ec-80bb-d8c4975e38aa-1-_jpg.rf.eU0Lb6AaOCg4Z0x0UXGZ.jpg,0,0,0,0,0,1
musa-acuminata-rotten-b434d31a-1d0a-11ec-97e3-d8c4975e38aa_jpg.rf.eX1mxZN1d08kBfFKyAHJ.jpg,0,0,0,0,1,0
musa-acuminata-banana-d0bfc494-4037-11ec-97c1-94b86d66fd1d_jpg.rf.en7804tzg7BX7SJHW5Ju.jpg,1,0,0,0,0,0
musa-acuminata-banana-b46917f4-394a-11ec-a5e4-d8c4975e38aa_jpg.rf.enIQOT7e3CIZ85QMNvBV.jpg,1,0,0,0,0,0
musa-acuminata-freshunripe-320a4638-2653-11ec-9846-d8c4975e38aa_jpg.rf.eswLzD5Id2Bgu6yicAdU.jpg,0,1,0,0,0,0
musa-acuminata-banana-91f9522d-394a-11ec-bf11-d8c4975e38aa_jpg.rf.f0BCH3EwVVJ4Bfg59sMV.jpg,0,0,1,0,0,0
musa-acuminata-rotten-b0b69a77-1d0a-11ec-a800-d8c4975e38aa_jpg.rf.f18RjGlgLuyW5FJ1O20i.jpg,0,0,0,0,1,0
musa-acuminata-banana-90a646c4-394a-11ec-b223-d8c4975e38aa_jpg.rf.f2V4HL6xHhveckJLc1KY.jpg,0,0,1,0,1,0
musa-acuminata-banana-f11922d0-394a-11ec-9a5c-d8c4975e38aa_jpg.rf.fKhfMXYP0AqUczdz6RoS.jpg,1,0,0,1,0,0
musa-acuminata-banana-de6dc74a-394a-11ec-b311-d8c4975e38aa_jpg.rf.RSzjpS3nNSQpIkaGuHsY.jpg,0,0,0,1,0,0
musa-acuminata-banana-cfa54258-4037-11ec-8d49-94b86d66fd1d_jpg.rf.RmfQXcAbvtETIOpEHLKw.jpg,1,0,0,0,0,0
musa-acuminata-freshunripe-1e51a4be-2653-11ec-a0e5-d8c4975e38aa_jpg.rf.RpLGe6CO6EOL16EP2CwS.jpg,0,1,0,0,0,0
musa-acuminata-mold-e61f3fe3-1d0a-11ec-b881-d8c4975e38aa_jpg.rf.RuZaKdVDfdHrSF21uC9I.jpg,0,0,1,0,0,0
musa-acuminata-rotten-a23264d4-1d0a-11ec-8034-d8c4975e38aa_jpg.rf.Rzm9Mc5l7N6NHrvl7uOJ.jpg,0,0,0,0,1,0
musa-acuminata-rotten-ab9a0743-1d0a-11ec-9d4e-d8c4975e38aa_jpg.rf.S4OTOP9iqU9MjJgROuAT.jpg,0,0,0,0,1,0
musa-acuminata-banana-a714e14f-394a-11ec-8095-d8c4975e38aa_jpg.rf.S4SeZ9R8RaRWnKyowTHu.jpg,0,0,0,0,1,0
musa-acuminata-banana-c4b6ed4c-394a-11ec-8faf-d8c4975e38aa_jpg.rf.S82X2W66UrasXRWq6gGX.jpg,0,0,0,1,0,0
musa-acuminata-freshunripe-27a66061-2653-11ec-8aea-d8c4975e38aa_jpg.rf.SFCwwGjEFt58HnxGJtSz.jpg,0,1,0,0,0,0
musa-acuminata-freshripe-7e4fb20f-1d0a-11ec-b2a4-d8c4975e38aa_jpg.rf.SFb8yYc9aZ3uWfTUPl5x.jpg,1,0,0,0,0,0
musa-acuminata-unripe-559fb538-2653-11ec-a3e2-d8c4975e38aa---Copy_jpg.rf.SFzUTaryieuudNpbyWNH.jpg,0,0,0,0,0,1
musa-acuminata-overripe-7c39b0dc-2653-11ec-9972-d8c4975e38aa_jpg.rf.SGsL0qmaw61z3Cx3rrk1.jpg,0,0,1,0,1,0
musa-acuminata-banana-87cfccc6-394a-11ec-8616-d8c4975e38aa_jpg.rf.fLuDpeoHTHSoobOSqfSa.jpg,0,0,1,0,1,0
musa-acuminata-banana-ad7bdad3-394a-11ec-820d-d8c4975e38aa_jpg.rf.fVFFc13JhDTeRltm2m3c.jpg,1,0,0,0,0,0
musa-acuminata-banana-f260e148-394a-11ec-928e-d8c4975e38aa_jpg.rf.RKK5jYNGhwhBWltWjG7I.jpg,1,0,0,1,0,0
musa-acuminata-banana-c6e568b8-394a-11ec-b21d-d8c4975e38aa_jpg.rf.fS3UQ5uonSGyugUzR1Gm.jpg,1,0,0,0,0,0
musa-acuminata-banana-ff0fc67b-394a-11ec-83bc-d8c4975e38aa_jpg.rf.RB8lHum2HH1hVuwPcK6n.jpg,1,0,0,1,0,0
musa-acuminata-banana-ed1c8685-394a-11ec-86f9-d8c4975e38aa_jpg.rf.fXWCCu5VWVgdIhvusgWK.jpg,1,0,0,1,0,0
musa-acuminata-unripe-82b05cd4-1d0a-11ec-814e-d8c4975e38aa-1-_jpg.rf.fc0Mi1IZ0enNY6dKfXcq.jpg,0,0,0,0,0,1
musa-acuminata-ripe-6b36dc67-2653-11ec-89b5-d8c4975e38aa_jpg.rf.fTPGxQKClsce5Qbz0quo.jpg,0,0,0,1,0,0
musa-acuminata-banana-92aee7d9-394a-11ec-bd0e-d8c4975e38aa_jpg.rf.RQtKOTAoq9sbxCxumT9C.jpg,0,0,1,0,0,0
musa-acuminata-freshunripe-227b9404-2653-11ec-9cb1-d8c4975e38aa_jpg.rf.SRh6IGVvWuGgbP3duf0H.jpg,0,1,0,0,0,0
musa-acuminata-freshripe-4a0f7fe4-2653-11ec-b06f-d8c4975e38aa_jpg.rf.SZGXOacuevUGZriEdmj7.jpg,1,0,0,0,0,0
musa-acuminata-ripe-9b9d5028-1d0a-11ec-8b9c-d8c4975e38aa_jpg.rf.Sa4WOiFdoWbKYpg8dqnc.jpg,0,0,0,1,1,0
musa-acuminata-banana-bc608ad6-4037-11ec-b47b-94b86d66fd1d_jpg.rf.SaYUb5LAKdocJZShf7Y7.jpg,1,0,0,0,0,0
musa-acuminata-banana-c4385d62-394a-11ec-b098-d8c4975e38aa_jpg.rf.SbIpBDV8goktzbiyamw2.jpg,0,0,0,1,0,0
musa-acuminata-banana-89777d6a-394a-11ec-bea6-d8c4975e38aa_jpg.rf.SdNvMBn0Xb5hKBaxLlzV.jpg,0,0,0,0,1,0
musa-acuminata-overripe-a1787dd2-1d0a-11ec-8e18-d8c4975e38aa_jpg.rf.ShoQsi3jItxd7qaam2mK.jpg,0,0,1,0,1,0
musa-acuminata-banana-f3291854-394a-11ec-8cf5-d8c4975e38aa_jpg.rf.SmVgBqHz3tDf5ZxbeMST.jpg,0,0,0,1,0,0
musa-acuminata-banana-f32a9c4a-394a-11ec-b6eb-d8c4975e38aa_jpg.rf.SpFFkv1A0SrdwyllXEX8.jpg,0,0,0,1,0,0
musa-acuminata-rotten-b67ab836-1d0a-11ec-8618-d8c4975e38aa_jpg.rf.jOwL1PQNsXUkJ8MIkfdd.jpg,0,0,0,0,1,0
musa-acuminata-freshunripe-63df7938-1d0a-11ec-a786-d8c4975e38aa_jpg.rf.jfx1ImjE3uvJ8DIHH592.jpg,0,1,0,0,0,0
musa-acuminata-mold-e2a3dc4f-1d0a-11ec-aa8b-d8c4975e38aa_jpg.rf.SGxwbrB3RFPmcuLVB2Zs.jpg,0,0,1,0,1,0
musa-acuminata-ripe-6d328783-2653-11ec-ae11-d8c4975e38aa_jpg.rf.SHahB5YHJjL7L2cvzccq.jpg,0,0,0,1,0,0
musa-acuminata-banana-c56d08a9-394a-11ec-bea0-d8c4975e38aa_jpg.rf.SKMzUA1BgMAuoyAKGwQE.jpg,1,0,0,1,0,0
musa-acuminata-mold-e2d5e6a8-1d0a-11ec-a02c-d8c4975e38aa_jpg.rf.SNbMJ4VGwSzlTfsoFjCI.jpg,0,0,1,0,0,0
musa-acuminata-freshunripe-6f7c88d5-1d0a-11ec-8bb1-d8c4975e38aa_jpg.rf.k4EuLBjCZTwvlSqunzaK.jpg,0,1,0,0,0,0
musa-acuminata-banana-c2eadd51-394a-11ec-a249-d8c4975e38aa_jpg.rf.k5DxP368kGq6ZBV1VjND.jpg,0,0,0,1,0,0
musa-acuminata-freshunripe-1d9c3bd1-2653-11ec-ae73-d8c4975e38aa_jpg.rf.k5xGh3nZDtZN1GDdcmox.jpg,0,1,0,0,0,0
musa-acuminata-banana-91b024a6-394a-11ec-a65c-d8c4975e38aa_jpg.rf.kAMQq0pRrq07zoumJxM0.jpg,0,0,1,0,0,0
musa-acuminata-unripe-61beebf9-2653-11ec-b04f-d8c4975e38aa---Copy_jpg.rf.kAyIrBkmRv2HROwfWddM.jpg,0,0,0,0,1,1
musa-acuminata-freshripe-4b2fe4a9-2653-11ec-9651-d8c4975e38aa_jpg.rf.kEVrDotp2Mqk32zNlht6.jpg,1,0,0,0,0,0
musa-acuminata-rotten-8ed60636-2653-11ec-a45e-d8c4975e38aa_jpg.rf.ShyCmdInTr0TuyYFxpvy.jpg,0,0,0,0,1,0
musa-acuminata-mold-e6a25962-1d0a-11ec-ab9d-d8c4975e38aa_jpg.rf.SgDILeCjV5YAj3rICaGW.jpg,0,0,1,0,0,0
musa-acuminata-banana-a6339b60-394a-11ec-915c-d8c4975e38aa_jpg.rf.jh6WAgxHVqcAbLkaVKnb.jpg,0,0,1,0,1,0
musa-acuminata-rotten-b43b733e-1d0a-11ec-8703-d8c4975e38aa_jpg.rf.jYTjb0hd3RptpjU3c1sC.jpg,0,0,0,0,1,0
musa-acuminata-banana-e1324dd9-394a-11ec-9a9e-d8c4975e38aa_jpg.rf.jj1feWZydwGsNsbJw7qt.jpg,1,0,0,1,0,0
musa-acuminata-banana-a81e9f70-394a-11ec-b503-d8c4975e38aa_jpg.rf.joe8jU6WmyJgGKMLuKMR.jpg,0,0,0,0,1,0
musa-acuminata-ripe-99981d7c-1d0a-11ec-8a23-d8c4975e38aa_jpg.rf.jwkncOamiAkITpgKo7K8.jpg,0,0,0,1,1,0
musa-acuminata-banana-bdb06e48-4037-11ec-9fff-94b86d66fd1d_jpg.rf.jsD64SHrfXEMuXRDtmpd.jpg,0,0,0,1,0,0
musa-acuminata-mold-e6266662-1d0a-11ec-8abd-d8c4975e38aa_jpg.rf.jwqNRPW9F1YobQb9QEqk.jpg,0,0,1,0,0,0
musa-acuminata-mold-e45f2a74-1d0a-11ec-9533-d8c4975e38aa_jpg.rf.jsN0046Msrhl89megDmh.jpg,0,0,1,0,1,0
musa-acuminata-banana-e0759f6b-394a-11ec-afa0-d8c4975e38aa_jpg.rf.klHwQkxYm3NbZONsUrOH.jpg,0,0,0,1,0,0
musa-acuminata-unripe-83b6fece-1d0a-11ec-9e66-d8c4975e38aa-1-_jpg.rf.kmkFUuhqvW88MKOweCIK.jpg,0,0,0,0,0,1
musa-acuminata-unripe-8dcc4fe4-1d0a-11ec-b5c6-d8c4975e38aa-1-_jpg.rf.ktW4ybhm3oS7WnOv8r1Z.jpg,0,1,0,0,0,0
musa-acuminata-freshunripe-73dfe380-1d0a-11ec-bc0b-d8c4975e38aa_jpg.rf.kvgoHGCh9Y0xdy9VPwsz.jpg,0,1,0,0,0,1
musa-acuminata-banana-abf0a08e-394a-11ec-9d2a-d8c4975e38aa_jpg.rf.Vhn2kIw0lXv9PIhNI2D7.jpg,0,0,1,1,0,0
musa-acuminata-overripe-7f86f54a-2653-11ec-9af5-d8c4975e38aa_jpg.rf.VkK3bPGy5o3MqzTA7AiL.jpg,0,0,1,0,0,0
musa-acuminata-banana-b324ff93-4037-11ec-b0de-94b86d66fd1d_jpg.rf.W0ccQ9uIv6vD1V9z9Tj8.jpg,0,1,0,0,0,1
musa-acuminata-banana-8e901b7a-394a-11ec-9db1-d8c4975e38aa_jpg.rf.kGvF3PdbdiFZA7ef8RiW.jpg,0,0,1,0,1,0
musa-acuminata-banana-a2768ada-4037-11ec-b963-94b86d66fd1d_jpg.rf.kPPFs6uE2LmI7glwS3Nn.jpg,1,0,0,1,0,0
musa-acuminata-overripe-7b8b2827-2653-11ec-a135-d8c4975e38aa_jpg.rf.kMZ0uhi6fjNxxZ2gzKOW.jpg,0,0,1,0,0,0
musa-acuminata-ripe-9a4d4032-1d0a-11ec-b8bd-d8c4975e38aa_jpg.rf.kP00r9dV79XoMomR3jrs.jpg,0,0,0,1,1,0
musa-acuminata-freshunripe-2e2f8997-2653-11ec-9640-d8c4975e38aa_jpg.rf.kK8cmzN8rfZSdN30hi0s.jpg,0,1,0,0,0,0
musa-acuminata-banana-8a7cb3b1-394a-11ec-aa7c-d8c4975e38aa_jpg.rf.kiIMbSogJxdm2uQRELII.jpg,0,0,0,0,1,0
musa-acuminata-overripe-7f29c8f8-2653-11ec-bda0-d8c4975e38aa_jpg.rf.khvnjS1t886GzD4goWfw.jpg,0,0,1,0,0,0
musa-acuminata-banana-c5b502cc-394a-11ec-b841-d8c4975e38aa_jpg.rf.kf270uqpu9lOUUn5rEv9.jpg,1,0,0,1,0,0
musa-acuminata-freshripe-4921284e-2653-11ec-97ba-d8c4975e38aa_jpg.rf.kXnUBgAvcl7dbvEpnQHi.jpg,1,0,0,0,0,0
musa-acuminata-banana-a4d83d17-394a-11ec-bbe8-d8c4975e38aa_jpg.rf.W7fcGHz0KEAjARvNG90U.jpg,0,0,0,1,0,0
musa-acuminata-banana-90fec2df-394a-11ec-a706-d8c4975e38aa_jpg.rf.W8791GUfwcX57mtXk6lb.jpg,0,0,1,0,1,0
musa-acuminata-banana-e07bea84-394a-11ec-97f1-d8c4975e38aa_jpg.rf.WBhBXMmj7MWuXf17MYCi.jpg,0,0,0,1,0,0
musa-acuminata-rotten-b81a6047-1d0a-11ec-a018-d8c4975e38aa_jpg.rf.WCfp0RPW5So7GmHYi1ma.jpg,0,0,0,1,1,0
musa-acuminata-banana-d9b8f4ce-394a-11ec-b77a-d8c4975e38aa_jpg.rf.WDEWABLDiqJFRANJQ34y.jpg,0,0,0,1,0,0
musa-acuminata-rotten-8ce6b35b-2653-11ec-86d8-d8c4975e38aa_jpg.rf.WH0Q32CW1j82eM5twnws.jpg,0,0,0,0,1,0
musa-acuminata-unripe-82bce2d9-1d0a-11ec-a3ab-d8c4975e38aa-1-_jpg.rf.WYS405BzlO2lnxZ8t8ws.jpg,0,0,0,0,0,1
musa-acuminata-banana-e93827ae-394a-11ec-be9b-d8c4975e38aa_jpg.rf.WvPGZXz34sUoeSrTVTud.jpg,1,0,0,1,0,0
musa-acuminata-freshripe-4ba24c3d-2653-11ec-a32d-d8c4975e38aa_jpg.rf.VmFyzPCp2rwMUaW24ZHr.jpg,1,0,0,0,0,0
musa-acuminata-banana-857b38cd-394a-11ec-aa78-d8c4975e38aa_jpg.rf.W1Y4UlCIyDsT8XmIohC5.jpg,0,0,1,0,1,0
musa-acuminata-freshunripe-32189307-2653-11ec-8e7a-d8c4975e38aa_jpg.rf.W4KngxUBO3tuf6yALtv1.jpg,0,1,0,0,0,0
musa-acuminata-freshunripe-25148d71-2653-11ec-a761-d8c4975e38aa_jpg.rf.Vu9kquzmZIgLe76dkpP1.jpg,0,1,0,0,0,0
musa-acuminata-banana-8c53db6c-394a-11ec-946a-d8c4975e38aa_jpg.rf.W6HiLX76hG6Hf8ULULEL.jpg,0,0,0,0,1,0
musa-acuminata-overripe-7e5dd4d0-2653-11ec-93c1-d8c4975e38aa_jpg.rf.W0dH1mDmcnEK5saF9pXR.jpg,0,0,1,0,0,0
musa-acuminata-ripe-6f94af7b-2653-11ec-ab3d-d8c4975e38aa_jpg.rf.W6VLgYRr5ZAZkKjBmsX0.jpg,0,0,0,1,1,0
musa-acuminata-unripe-62825ca9-2653-11ec-98b0-d8c4975e38aa---Copy_jpg.rf.koqqflUcLhvLJFwMY5vY.jpg,0,0,0,0,0,1
musa-acuminata-banana-be37e6ae-4037-11ec-a626-94b86d66fd1d_jpg.rf.W73nev6BQIia9hBR4qxt.jpg,1,0,0,1,0,0
musa-acuminata-unripe-53a8ce51-2653-11ec-a0c4-d8c4975e38aa---Copy_jpg.rf.XEdlJCh0a4Idr0KorXdx.jpg,0,0,0,0,0,1
musa-acuminata-mold-e313dec4-1d0a-11ec-90ca-d8c4975e38aa_jpg.rf.XHNY8Po6qIpxsZrFSjbX.jpg,0,0,1,0,1,0
musa-acuminata-banana-b337992f-394a-11ec-889e-d8c4975e38aa_jpg.rf.XUDtGWVHnizRR1mYG0mY.jpg,1,0,0,0,0,0
musa-acuminata-banana-de6fbea4-394a-11ec-a1da-d8c4975e38aa_jpg.rf.Zz594QkalCOneI5ZIYV5.jpg,0,0,0,1,0,0
musa-acuminata-unripe-8b276b79-1d0a-11ec-b256-d8c4975e38aa-1-_jpg.rf.ZzhGKSYMFU5kxANEeu1o.jpg,0,1,0,0,0,1
musa-acuminata-unripe-5728f8e6-2653-11ec-bfe5-d8c4975e38aa---Copy_jpg.rf.a0bNpDSiteaLIWo82G36.jpg,0,0,0,0,1,1
musa-acuminata-banana-c7ce683c-394a-11ec-aad0-d8c4975e38aa_jpg.rf.a2fP22Hc6jQ0yQC9Wj8s.jpg,0,0,0,1,0,0
musa-acuminata-banana-c2aeb154-4037-11ec-96f8-94b86d66fd1d_jpg.rf.a67aBvIbiNS58PBVeILi.jpg,1,0,0,1,0,0
musa-acuminata-unripe-8d041ad1-1d0a-11ec-8752-d8c4975e38aa-1-_jpg.rf.WnbnPLLCtgJ87eLMK1Ah.jpg,0,0,0,0,1,1
musa-acuminata-mold-e4c80973-1d0a-11ec-8f6c-d8c4975e38aa_jpg.rf.WijgWSK24CSHkEGMxwn5.jpg,0,0,1,0,0,0
musa-acuminata-banana-f8bba21b-394a-11ec-99f6-d8c4975e38aa_jpg.rf.X7mqPslpzdBxHSP39XPG.jpg,0,0,0,1,0,0
musa-acuminata-banana-c8e27c7f-394a-11ec-a44a-d8c4975e38aa_jpg.rf.XBGxpkXOJkKCAg7h5tGa.jpg,0,0,0,1,0,0
musa-acuminata-overripe-9d6229db-1d0a-11ec-90a7-d8c4975e38aa_jpg.rf.X3Fj36XEPI8G0ZpBZMQr.jpg,0,0,1,0,0,0
musa-acuminata-rotten-ae70fa87-1d0a-11ec-a2ef-d8c4975e38aa_jpg.rf.X4eCJKmb6UPumwRurT38.jpg,0,0,0,0,1,0
musa-acuminata-ripe-6cdf1c34-2653-11ec-92e9-d8c4975e38aa_jpg.rf.X79BgsRnmVfObwKfDiZS.jpg,0,0,0,1,0,0
musa-acuminata-banana-a7f6eaca-394a-11ec-9e20-d8c4975e38aa_jpg.rf.X2BUWurAsqdtfPZ5QCtm.jpg,0,0,1,0,0,0
musa-acuminata-banana-abb0bb39-394a-11ec-b2f6-d8c4975e38aa_jpg.rf.aWXzPs0ohKWQbCkc7kVW.jpg,0,0,1,1,0,0
musa-acuminata-freshripe-7865d795-1d0a-11ec-a6c2-d8c4975e38aa_jpg.rf.abm6FbvTRWvqukrkKCHI.jpg,1,0,0,0,0,0
musa-acuminata-freshunripe-753510c8-1d0a-11ec-8291-d8c4975e38aa_jpg.rf.amFN4aVLGY3TEijFDZJT.jpg,0,0,0,0,0,1
musa-acuminata-freshunripe-19a372aa-2653-11ec-a55a-d8c4975e38aa_jpg.rf.arbQHQ4RXvF7Jql9UIKu.jpg,0,1,0,0,0,0
musa-acuminata-banana-e13b3ee7-394a-11ec-9644-d8c4975e38aa_jpg.rf.b0x8AttxjBBp1fpqLKiO.jpg,1,0,0,1,0,0
musa-acuminata-banana-aa53a60d-394a-11ec-901a-d8c4975e38aa_jpg.rf.b62ZCZCVjly8Uut5etkv.jpg,0,0,1,0,0,0
musa-acuminata-freshunripe-2ef7bff9-2653-11ec-8686-d8c4975e38aa_jpg.rf.bCCe5L0USTUCxsnDehZP.jpg,0,1,0,0,0,0
musa-acuminata-banana-ea92fb45-394a-11ec-bc7c-d8c4975e38aa_jpg.rf.bIPrbLwjRjnoOSLpfNUC.jpg,1,0,0,1,0,0
musa-acuminata-banana-de7cc774-394a-11ec-aca3-d8c4975e38aa_jpg.rf.bPDu7yXp4hwJOfLimx7T.jpg,0,0,0,1,0,0
musa-acuminata-rotten-aa537093-1d0a-11ec-acfc-d8c4975e38aa_jpg.rf.bWqMbx3o0Xyd5Yfs4t4T.jpg,0,0,0,0,1,0
musa-acuminata-unripe-5918b956-2653-11ec-96f0-d8c4975e38aa---Copy_jpg.rf.bd4NcIYBBs42Mt6ZEpS2.jpg,0,0,0,0,1,1
musa-acuminata-banana-d8080234-4037-11ec-be0c-94b86d66fd1d_jpg.rf.bfjiZNqiWo3rtTzZ6mpj.jpg,1,0,0,0,0,0
musa-acuminata-freshunripe-6545e05b-1d0a-11ec-b02a-d8c4975e38aa_jpg.rf.aP30FnQf5Uj372CZobYa.jpg,0,1,0,0,0,0
musa-acuminata-ripe-98186109-1d0a-11ec-808e-d8c4975e38aa_jpg.rf.a0mRC0bopT1S9urt4WvK.jpg,0,0,0,1,1,0
musa-acuminata-banana-a9926f2a-394a-11ec-a460-d8c4975e38aa_jpg.rf.aDFephrh1EmMYojx2YVR.jpg,0,0,0,0,1,0
musa-acuminata-banana-c7dd9059-394a-11ec-844c-d8c4975e38aa_jpg.rf.a6HiLEa93KTufCwqENLs.jpg,0,0,0,1,0,0
musa-acuminata-overripe-a160a70e-1d0a-11ec-b1d9-d8c4975e38aa_jpg.rf.a7VJ8xwOZUhs3JC62q10.jpg,0,0,1,0,0,0
musa-acuminata-freshunripe-35f5b199-2653-11ec-8aee-d8c4975e38aa_jpg.rf.aRZEsLnNIr7VfFKm2ETg.jpg,0,1,0,0,0,0
musa-acuminata-banana-e80c027c-394a-11ec-a89d-d8c4975e38aa_jpg.rf.aV44FVbnJfa6YrIY2gfI.jpg,0,0,0,1,0,0
musa-acuminata-overripe-9c3115df-1d0a-11ec-8678-d8c4975e38aa_jpg.rf.aV7RrMPRrQMPIA6Y7b3V.jpg,0,0,1,0,0,0
musa-acuminata-freshripe-49dfd4e3-2653-11ec-b64b-d8c4975e38aa_jpg.rf.aVEE9ZnClSeZu9FVm6Ps.jpg,1,0,0,0,0,0
musa-acuminata-banana-adf79e76-394a-11ec-b13d-d8c4975e38aa_jpg.rf.XbaYceJ5yub6RbmX1heX.jpg,0,0,0,1,0,0
musa-acuminata-mold-e3c6a079-1d0a-11ec-8651-d8c4975e38aa_jpg.rf.XmmYlREP5Mdd8v1hO0kg.jpg,0,0,1,0,1,0
musa-acuminata-freshripe-456567ec-2653-11ec-af1b-d8c4975e38aa_jpg.rf.Y4yIObA6YwIqqQnsufGc.jpg,1,0,0,0,0,0
musa-acuminata-banana-8446cb4f-394a-11ec-8aed-d8c4975e38aa_jpg.rf.Y99Lv57ZXYO9vHsRHJzh.jpg,0,0,1,0,1,0
musa-acuminata-unripe-83c54bbf-1d0a-11ec-bc9a-d8c4975e38aa-1-_jpg.rf.Y99pLTAPQsV9x9yBV7uR.jpg,0,0,0,0,0,1
musa-acuminata-freshripe-50ae1cad-2653-11ec-838c-d8c4975e38aa_jpg.rf.YEjLSbxcJrIzQQLVyQAn.jpg,1,0,0,0,0,0
musa-acuminata-overripe-9f7f3374-1d0a-11ec-a1d7-d8c4975e38aa_jpg.rf.YEtpNd0iL1ZfwHFUqeJp.jpg,0,0,1,0,0,0
musa-acuminata-banana-aa863329-394a-11ec-8300-d8c4975e38aa_jpg.rf.YEyCHGA8XaSluE5uwnkE.jpg,0,0,1,0,1,0
musa-acuminata-unripe-627b37b4-2653-11ec-a877-d8c4975e38aa---Copy_jpg.rf.YNvztz8CXbXDePu1dvmn.jpg,0,0,0,0,0,1
musa-acuminata-banana-9b94a002-394a-11ec-8cd9-d8c4975e38aa_jpg.rf.YSk8FOsBWLePkeLZJjk1.jpg,0,0,0,0,1,0
musa-acuminata-banana-bbb34a0e-4037-11ec-a367-94b86d66fd1d_jpg.rf.YU7C4punMVpFBzoYKs6T.jpg,0,1,0,0,0,0
musa-acuminata-freshripe-45e157fd-2653-11ec-830b-d8c4975e38aa_jpg.rf.YYsfia0sp9EAl14DCZNX.jpg,1,0,0,0,0,0
musa-acuminata-rotten-ae3300e3-1d0a-11ec-b654-d8c4975e38aa_jpg.rf.YdGBFYArYZTbPo4DW8XC.jpg,0,0,0,0,1,0
musa-acuminata-ripe-92cc3740-1d0a-11ec-bad2-d8c4975e38aa_jpg.rf.YfttUwKVbZPLsXSoyLlz.jpg,0,0,0,1,0,0
musa-acuminata-banana-aa3d8e58-4037-11ec-81d8-94b86d66fd1d_jpg.rf.YlWNAndtkDpru4oKWqTf.jpg,1,0,0,0,0,0
musa-acuminata-unripe-51c75af7-2653-11ec-8e56-d8c4975e38aa---Copy_jpg.rf.Yp8qJeS0s9kCw5DC9fbe.jpg,0,0,0,0,0,1
musa-acuminata-ripe-6c29f838-2653-11ec-a27c-d8c4975e38aa_jpg.rf.Z2dTZaj8v5RBpMWoKSeJ.jpg,0,0,0,1,0,0
musa-acuminata-banana-96c63862-394a-11ec-bb2a-d8c4975e38aa_jpg.rf.bvjaXGYoOdxi5e5XlIMA.jpg,0,0,1,0,1,0
musa-acuminata-overripe-9da9aa91-1d0a-11ec-b795-d8c4975e38aa_jpg.rf.bjyZfzvpdaABQ29XuQCz.jpg,0,0,1,0,1,0
musa-acuminata-banana-c43ebb05-394a-11ec-82a0-d8c4975e38aa_jpg.rf.byUrutjqfFKVFDlBpGKw.jpg,0,0,0,1,0,0
musa-acuminata-banana-a3cd7598-394a-11ec-b476-d8c4975e38aa_jpg.rf.byq08NjU8zid8WN86CNu.jpg,0,0,0,1,0,0
musa-acuminata-banana-98e5de31-394a-11ec-9fbd-d8c4975e38aa_jpg.rf.ZToPwrmViFKaDO8cHVJW.jpg,0,0,0,0,1,0
musa-acuminata-banana-bf39af69-394a-11ec-9cbf-d8c4975e38aa_jpg.rf.ZWAsZxxBBwGk0CE7SRNl.jpg,1,0,0,1,0,0
musa-acuminata-overripe-a0cce150-1d0a-11ec-a899-d8c4975e38aa_jpg.rf.ZWwZNauhmrAhXjIYIhTZ.jpg,0,0,1,0,0,0
musa-acuminata-ripe-70404a98-2653-11ec-9ce0-d8c4975e38aa_jpg.rf.ZXvfkaF1Iq8HyEgaEmI3.jpg,0,0,0,0,1,0
musa-acuminata-freshunripe-1f2c3846-2653-11ec-99e9-d8c4975e38aa_jpg.rf.ZcMbz76iEOlwBPaPdE5s.jpg,0,1,0,0,0,0
musa-acuminata-banana-9dd3b0f1-4037-11ec-a86e-94b86d66fd1d_jpg.rf.ZqenPXKhO2YJmfgvjUi3.jpg,1,0,0,0,0,0
musa-acuminata-banana-97e2de32-394a-11ec-8698-d8c4975e38aa_jpg.rf.Zu7ImblTOlMqokjbzduq.jpg,0,0,1,0,0,0
musa-acuminata-banana-a8e700cd-394a-11ec-afd7-d8c4975e38aa_jpg.rf.Zuj3XFSsy8wiJdHnk88b.jpg,0,0,1,0,1,0
musa-acuminata-ripe-735ebcbb-2653-11ec-9ae5-d8c4975e38aa_jpg.rf.Zyc20DfYvANfRgYDDfUR.jpg,0,0,0,0,1,0
musa-acuminata-ripe-6c67f024-2653-11ec-b6a5-d8c4975e38aa_jpg.rf.00DSYBvVlgP1YCRolUV8.jpg,0,0,0,1,0,0
musa-acuminata-rotten-81d676c9-2653-11ec-a885-d8c4975e38aa_jpg.rf.0IkrO43XvYjW3tDh31j2.jpg,0,0,0,0,1,0
musa-acuminata-overripe-a14d95c0-1d0a-11ec-bc27-d8c4975e38aa_jpg.rf.0TVYUoknbsnpjbq6h5SA.jpg,0,0,1,0,1,0
musa-acuminata-rotten-bad1ff99-1d0a-11ec-8737-d8c4975e38aa_jpg.rf.0bOh4wGBDfC5yMHgWjuQ.jpg,0,0,0,0,1,0
musa-acuminata-freshripe-49a1dcdf-2653-11ec-87a1-d8c4975e38aa_jpg.rf.0oMR9Rpk3B4jQrhQoPrC.jpg,1,0,0,0,0,0
musa-acuminata-banana-b42acaae-4037-11ec-8b21-94b86d66fd1d_jpg.rf.0tSkLyCSpsGzPSjPd3mC.jpg,0,1,0,0,0,1
musa-acuminata-freshunripe-35396778-2653-11ec-b440-d8c4975e38aa_jpg.rf.1DvHmxUeD5seOHTOmQAl.jpg,0,1,0,0,0,0
musa-acuminata-mold-e3353cf4-1d0a-11ec-921c-d8c4975e38aa_jpg.rf.yYhJ05txemrLY7Q0YHld.jpg,0,0,1,0,0,0
musa-acuminata-banana-ac307202-394a-11ec-988c-d8c4975e38aa_jpg.rf.yZ4xaYfUZ3gQAt4eVBgY.jpg,0,0,1,1,0,0
musa-acuminata-freshunripe-62260e9a-1d0a-11ec-b1d1-d8c4975e38aa_jpg.rf.yahfHvKX1d3E8VvBp5x8.jpg,0,1,0,0,0,0
musa-acuminata-rotten-b730505f-1d0a-11ec-a74c-d8c4975e38aa_jpg.rf.Z9YWakhyH80CqTBpWVOP.jpg,0,0,0,0,1,0
musa-acuminata-freshunripe-203c934b-2653-11ec-84b3-d8c4975e38aa_jpg.rf.ZF3jMfVrFAftin7jizR2.jpg,0,1,0,0,0,0
musa-acuminata-freshunripe-70570cf5-1d0a-11ec-bf71-d8c4975e38aa_jpg.rf.ZI09GhF5XyqknIaEmgY5.jpg,0,1,0,0,0,0
musa-acuminata-banana-f1fbfe68-394a-11ec-a3bd-d8c4975e38aa_jpg.rf.ZPzZKXzPbr0Z9rjTC9od.jpg,1,0,0,1,0,0
musa-acuminata-banana-f9e29c7c-394a-11ec-8bcf-d8c4975e38aa_jpg.rf.yeUYLJ28ejx2YfJRJWJN.jpg,0,0,0,1,0,0
musa-acuminata-banana-9b4d135c-394a-11ec-9082-d8c4975e38aa_jpg.rf.ynB8Xu9fgMTF1hj7CG12.jpg,0,0,0,0,1,0
musa-acuminata-banana-98845114-394a-11ec-9974-d8c4975e38aa_jpg.rf.ypYl5cc3jRS10gMSpDbQ.jpg,0,0,1,1,0,0
musa-acuminata-banana-c3fad3e5-394a-11ec-9943-d8c4975e38aa_jpg.rf.ysf4StAHxLCkuaOgR7ka.jpg,0,0,0,1,0,0
musa-acuminata-banana-9f38136e-394a-11ec-82ee-d8c4975e38aa_jpg.rf.ytj73FRc3rj3K3kG6F4s.jpg,0,0,0,0,1,0
musa-acuminata-rotten-b8c052b5-1d0a-11ec-9f77-d8c4975e38aa_jpg.rf.yyNaMEQ7weVvoexlGL9Y.jpg,0,0,0,0,1,0
musa-acuminata-freshunripe-3b16f58e-2653-11ec-834c-d8c4975e38aa_jpg.rf.yzlXuPuIDYZbSd0D81i6.jpg,0,1,0,0,0,0
musa-acuminata-rotten-815cb762-2653-11ec-92b7-d8c4975e38aa_jpg.rf.zJmoBY8SziBwuC372J0C.jpg,0,0,0,0,1,0
musa-acuminata-banana-b46e651b-394a-11ec-a790-d8c4975e38aa_jpg.rf.zKC0nUfUSfyyPiwg6JRC.jpg,1,0,0,0,0,0
musa-acuminata-unripe-600f85c0-2653-11ec-8f26-d8c4975e38aa---Copy_jpg.rf.zmDVCanhMDnml5WUH1xt.jpg,0,0,0,0,1,0
musa-acuminata-unripe-90eac28f-1d0a-11ec-b4ae-d8c4975e38aa-1-_jpg.rf.zqrjwxZjLsOLu2HieI4I.jpg,0,0,0,0,0,1
musa-acuminata-unripe-83318563-1d0a-11ec-b716-d8c4975e38aa-1-_jpg.rf.ycBdRbD6Peb9N5wKIEQc.jpg,0,0,0,0,0,1
musa-acuminata-mold-e30f1a68-1d0a-11ec-95b8-d8c4975e38aa_jpg.rf.0kVMpgrbmszpjEgFhtM5.jpg,0,0,1,0,1,0
musa-acuminata-banana-a86dbe12-394a-11ec-bde2-d8c4975e38aa_jpg.rf.p2Wh456aTMlNTKfPN7lo.jpg,0,0,0,0,1,0
musa-acuminata-ripe-6b727241-2653-11ec-84eb-d8c4975e38aa_jpg.rf.p9Y7iuqS6jiGKdLLRLyn.jpg,0,0,0,1,0,0
musa-acuminata-banana-e7eec1cb-394a-11ec-a2f2-d8c4975e38aa_jpg.rf.pFudbyxFfr0qYbHsSpmB.jpg,0,0,0,1,0,0
musa-acuminata-ripe-72f11ac9-2653-11ec-9d56-d8c4975e38aa_jpg.rf.pKwEBaRrXNNgm2X9QCX5.jpg,0,0,0,0,1,0
musa-acuminata-freshunripe-6b1dd251-1d0a-11ec-848e-d8c4975e38aa_jpg.rf.pMYTIzUALzMq7FaTw7Na.jpg,0,1,0,0,0,0
musa-acuminata-rotten-bf17782a-1d0a-11ec-a73e-d8c4975e38aa_jpg.rf.zLMW1VJZmg67aAlezBkS.jpg,0,0,0,0,1,0
musa-acuminata-banana-9ac0330e-394a-11ec-a1cc-d8c4975e38aa_jpg.rf.zoN1yDG8zM44z2qU5et4.jpg,0,0,0,0,1,0
musa-acuminata-unripe-57a4e90d-2653-11ec-8e99-d8c4975e38aa_jpg.rf.onjeErhf0BI0KwPbYHtS.jpg,0,0,0,0,1,1
musa-acuminata-rotten-8344f813-2653-11ec-8102-d8c4975e38aa_jpg.rf.ztNh10f6zxSZQqpkglXJ.jpg,0,0,0,0,1,0
musa-acuminata-freshunripe-6e00d98b-1d0a-11ec-b617-d8c4975e38aa_jpg.rf.oz8ReSYAztKwE2xEzaxp.jpg,0,1,0,0,0,0
musa-acuminata-banana-e3b69e7e-394a-11ec-ad18-d8c4975e38aa_jpg.rf.ozIAsEAMhyhQ5ugRviYn.jpg,1,0,0,1,0,0
musa-acuminata-rotten-88f80ea4-2653-11ec-8065-d8c4975e38aa_jpg.rf.zimew7QF2vEzSKhsGi9u.jpg,0,0,0,0,1,0
musa-acuminata-overripe-80337105-2653-11ec-9382-d8c4975e38aa_jpg.rf.zpmK3RWq7G776EK0ims4.jpg,0,0,1,0,0,0
musa-acuminata-freshripe-45c25c11-2653-11ec-8bc9-d8c4975e38aa_jpg.rf.yzy6DliAuhnyf64jQFk8.jpg,1,0,0,0,0,0
musa-acuminata-banana-9747cb41-394a-11ec-a119-d8c4975e38aa_jpg.rf.orSwmQCxdnQnwlxuoYWb.jpg,0,0,1,0,1,0
musa-acuminata-overripe-9d4cb677-1d0a-11ec-b235-d8c4975e38aa_jpg.rf.zhmNSQIod9xd4Qa6QvE0.jpg,0,0,1,0,0,0
musa-acuminata-freshunripe-26de2b5e-2653-11ec-8ee8-d8c4975e38aa_jpg.rf.p2PXjZPnjiyi4XMUbx1F.jpg,0,1,0,0,0,0
musa-acuminata-banana-a5689ba5-394a-11ec-8b20-d8c4975e38aa_jpg.rf.qIwrFPq8VzsXJba0bLc8.jpg,0,0,1,0,1,0
musa-acuminata-ripe-92766841-1d0a-11ec-8135-d8c4975e38aa_jpg.rf.pbh5Io6do8lE5b6WgHgM.jpg,0,0,0,1,0,0
musa-acuminata-overripe-7e96b91e-2653-11ec-a217-d8c4975e38aa_jpg.rf.q5Myf3oGslV8UAybBb4j.jpg,0,0,1,0,0,0
musa-acuminata-rotten-bded4594-1d0a-11ec-85de-d8c4975e38aa_jpg.rf.qGUwbPGOTZB8QbIFSS6K.jpg,0,0,0,0,1,0
musa-acuminata-banana-f0df15b2-394a-11ec-9678-d8c4975e38aa_jpg.rf.pmp9DNjr4vDOG5Pdxqy9.jpg,1,0,0,1,0,0
musa-acuminata-overripe-7faf7a2e-2653-11ec-8b19-d8c4975e38aa_jpg.rf.pu7lC8nR2YdxIPofOhiP.jpg,0,0,1,0,1,0
musa-acuminata-freshunripe-730cd119-1d0a-11ec-8194-d8c4975e38aa_jpg.rf.pjLUhQNxXChKGc917Pnc.jpg,0,1,0,0,0,0
musa-acuminata-banana-82a6a302-394a-11ec-bc35-d8c4975e38aa_jpg.rf.qDcQhsq16QMAOdRZRPP1.jpg,0,0,1,0,0,0
musa-acuminata-rotten-87d43e3e-2653-11ec-aacf-d8c4975e38aa_jpg.rf.qaa1pcCS3axNQYsXQd9q.jpg,0,0,0,0,1,0
musa-acuminata-freshripe-45440aef-2653-11ec-aa67-d8c4975e38aa_jpg.rf.qOapcylDX8WJOw2r95OB.jpg,1,0,0,0,0,0
musa-acuminata-banana-c3cddec7-4037-11ec-ae58-94b86d66fd1d_jpg.rf.qVxiaxsHIqDZ1xkgeBSj.jpg,0,0,0,1,0,0
musa-acuminata-overripe-9bf58001-1d0a-11ec-872b-d8c4975e38aa_jpg.rf.qXgC5M7tKsMYJxGYJ63v.jpg,0,0,1,0,0,0
musa-acuminata-rotten-8c08d1d1-2653-11ec-8c69-d8c4975e38aa_jpg.rf.qYjpIPb5yzsoGQxDTPza.jpg,0,0,0,0,1,0
musa-acuminata-banana-8a674028-394a-11ec-bdfd-d8c4975e38aa_jpg.rf.qV14xoRcKVoJRxRRTZBH.jpg,0,0,0,0,1,0
musa-acuminata-unripe-8ea06fd7-1d0a-11ec-b364-d8c4975e38aa-1-_jpg.rf.qLZ0oIzmOUrxEvL7Amnp.jpg,0,0,0,0,0,1
musa-acuminata-rotten-85ff6d7f-2653-11ec-b32c-d8c4975e38aa_jpg.rf.qg7K5cCwsFQOcY8NapIG.jpg,0,0,0,0,1,0
musa-acuminata-mold-e37a5b7e-1d0a-11ec-bdd0-d8c4975e38aa_jpg.rf.qbS4SFl9vYvTOTEu9e19.jpg,0,0,1,0,1,0
musa-acuminata-rotten-a846c669-1d0a-11ec-96ca-d8c4975e38aa_jpg.rf.pl5s2tikeoEzyE9Fuo0y.jpg,0,0,0,0,1,0
musa-acuminata-freshripe-4c1e3c3b-2653-11ec-9883-d8c4975e38aa_jpg.rf.qcN5m2FjBgoVH5fRflfG.jpg,1,0,0,0,0,0
musa-acuminata-banana-8ac95bb7-394a-11ec-8ef2-d8c4975e38aa_jpg.rf.K0CoZBKUjPWxirAwQZU1.jpg,0,0,1,0,1,0
musa-acuminata-unripe-5b120238-2653-11ec-9dc3-d8c4975e38aa---Copy_jpg.rf.KXafTj2tSHTaFHETpNNH.jpg,0,0,0,0,1,1
musa-acuminata-banana-a116e05e-394a-11ec-b63e-d8c4975e38aa_jpg.rf.K2k5V9aU7FuwegSv9VSv.jpg,0,0,1,0,1,0
musa-acuminata-ripe-94e47b46-1d0a-11ec-8c8a-d8c4975e38aa_jpg.rf.Kh75yQv8pbdKsSiiSFDi.jpg,0,0,0,1,0,0
musa-acuminata-banana-c6239cbd-394a-11ec-971c-d8c4975e38aa_jpg.rf.KEyWvWsFccyfvcyUkqka.jpg,1,0,0,1,0,0
musa-acuminata-unripe-8788448b-1d0a-11ec-8ce0-d8c4975e38aa-1-_jpg.rf.K7bgON7aISPcEmJeAALv.jpg,0,0,0,0,0,1
musa-acuminata-banana-cb7f9a69-4037-11ec-a5db-94b86d66fd1d_jpg.rf.Kg9mCgXYzK79bNDdu9Tl.jpg,0,0,0,1,0,0
musa-acuminata-ripe-6a90055f-2653-11ec-851c-d8c4975e38aa_jpg.rf.JiKi14RYjBexbodsBWna.jpg,0,0,0,1,0,0
musa-acuminata-freshripe-7aa0112e-1d0a-11ec-a406-d8c4975e38aa_jpg.rf.KQ6T3ZMUoQ14FdYqfSQN.jpg,1,0,0,0,0,0
musa-acuminata-banana-a1f6f775-4037-11ec-bcc1-94b86d66fd1d_jpg.rf.KmxkInJHGHESL0nAs8cF.jpg,0,0,0,1,0,0
musa-acuminata-banana-986a840b-4037-11ec-8047-94b86d66fd1d_jpg.rf.KTFieC3Kk1xVuOjVZaH2.jpg,1,0,0,0,0,0
musa-acuminata-overripe-a0c81d03-1d0a-11ec-83dc-d8c4975e38aa_jpg.rf.JwdjdBAstJrZsSRPH8FE.jpg,0,0,1,0,0,0
musa-acuminata-ripe-725af1c7-2653-11ec-9349-d8c4975e38aa_jpg.rf.KvSvUHmmmXT12tCAzTxS.jpg,0,0,0,1,1,0
musa-acuminata-banana-b112ca96-394a-11ec-bf83-d8c4975e38aa_jpg.rf.KoHFOQliu91GXncv7phs.jpg,1,0,0,1,0,0
musa-acuminata-rotten-ba743e80-1d0a-11ec-bc24-d8c4975e38aa_jpg.rf.KwbJObSHfTul5td203vg.jpg,0,0,0,0,1,0
musa-acuminata-banana-ac299ea4-394a-11ec-b377-d8c4975e38aa_jpg.rf.KsAjxceuhJ22oLSALj7X.jpg,0,0,1,1,0,0
musa-acuminata-rotten-84fdaab9-2653-11ec-81b6-d8c4975e38aa_jpg.rf.L0twoG1Qamw1YOSCl8bm.jpg,0,0,0,0,1,0
musa-acuminata-banana-eab515c2-394a-11ec-8742-d8c4975e38aa_jpg.rf.L8SsgnVeigiJASxmxnvC.jpg,0,0,0,1,0,0
musa-acuminata-rotten-aed2c70b-1d0a-11ec-8d76-d8c4975e38aa_jpg.rf.LIHZTtvytNAdWP5OAS7j.jpg,0,0,0,0,1,0
musa-acuminata-banana-ae506a81-394a-11ec-904d-d8c4975e38aa_jpg.rf.LH2uUpYuto6RazKTQvmQ.jpg,0,0,0,1,0,0
musa-acuminata-freshripe-7e3660a3-1d0a-11ec-98a8-d8c4975e38aa_jpg.rf.L2HW6KrPkNJwg6nWrSkK.jpg,1,0,0,0,0,0
musa-acuminata-mold-e4d1945f-1d0a-11ec-bf19-d8c4975e38aa_jpg.rf.LLCX8nV5tYqhQol9Drns.jpg,0,0,1,0,0,0
musa-acuminata-banana-000bd3ee-394b-11ec-ae56-d8c4975e38aa_jpg.rf.LGlMLsCPzaYbZsi2dFdy.jpg,0,0,0,1,0,0
musa-acuminata-banana-bce9e5b6-4037-11ec-b217-94b86d66fd1d_jpg.rf.LLkkcmwwAzSNDvJyruDq.jpg,1,0,0,1,0,0
musa-acuminata-overripe-750e22d9-2653-11ec-ac24-d8c4975e38aa_jpg.rf.LCkQLghO3CVBM5Io1BHm.jpg,0,0,1,0,0,0
musa-acuminata-freshunripe-6ab7eeb9-1d0a-11ec-8fe8-d8c4975e38aa_jpg.rf.JnbMp2mXhTUfznFhovYL.jpg,0,1,0,0,0,0
musa-acuminata-banana-f15baeca-394a-11ec-b835-d8c4975e38aa_jpg.rf.qdWqqoIuzMPcvTzXZ5P7.jpg,0,0,0,1,0,0
musa-acuminata-freshunripe-2cdf79be-2653-11ec-9528-d8c4975e38aa_jpg.rf.LTbnHsjlkr2JZMPyAq6W.jpg,0,1,0,0,0,0
musa-acuminata-banana-ba82db76-4037-11ec-a52c-94b86d66fd1d_jpg.rf.LT7JGnyKFS94lrqJIL03.jpg,0,1,0,0,0,0
musa-acuminata-rotten-8944c13d-2653-11ec-9ec5-d8c4975e38aa_jpg.rf.LXgwNTYeRTztn4Tt9wpA.jpg,0,0,0,0,1,0
musa-acuminata-rotten-8d496a43-2653-11ec-8aee-d8c4975e38aa_jpg.rf.uYpLjXJQkwsqMGuZlL7k.jpg,0,0,0,0,1,0
musa-acuminata-rotten-88feae39-2653-11ec-8caf-d8c4975e38aa_jpg.rf.LW90YcOLXdoUrPFhZMIl.jpg,0,0,0,0,1,0
musa-acuminata-mold-e2edbc4e-1d0a-11ec-bdbf-d8c4975e38aa_jpg.rf.uXizIzXUYpTFHdnFaUDQ.jpg,0,0,1,0,0,0
musa-acuminata-banana-ae53e6c9-394a-11ec-b00b-d8c4975e38aa_jpg.rf.urFWraL87TDLmg3CPEkj.jpg,0,0,0,1,0,0
musa-acuminata-ripe-9222fe47-1d0a-11ec-afb7-d8c4975e38aa_jpg.rf.uqEoNJAqcuLlXstoTPJ7.jpg,0,0,0,1,0,0
musa-acuminata-freshunripe-73fe02cf-1d0a-11ec-af2a-d8c4975e38aa_jpg.rf.uYDg43z8uyaqPfYqqB2f.jpg,0,1,0,0,0,0
musa-acuminata-rotten-8b14ca00-2653-11ec-a573-d8c4975e38aa_jpg.rf.ud539vQdtelzSeAAWK2W.jpg,0,0,0,0,1,0
musa-acuminata-unripe-62dcee92-2653-11ec-b09c-d8c4975e38aa---Copy_jpg.rf.uyHaS9CEBUDIRYjCz6IQ.jpg,0,0,0,0,1,0
musa-acuminata-banana-8645c245-394a-11ec-b8bd-d8c4975e38aa_jpg.rf.v4fUGNKuz5aGon78X0LB.jpg,0,0,1,0,1,0
musa-acuminata-banana-9eb2e160-394a-11ec-91bb-d8c4975e38aa_jpg.rf.vVGfMtMvSr5jGI21IhTF.jpg,0,0,0,0,1,0
musa-acuminata-freshunripe-634d60b0-1d0a-11ec-9d6a-d8c4975e38aa_jpg.rf.vN7FDHR8WDSRt7WRSEGf.jpg,0,1,0,0,0,0
musa-acuminata-banana-ac88cef8-4037-11ec-a78d-94b86d66fd1d_jpg.rf.v5Eq04VCJzLcT6efu0mT.jpg,1,0,0,0,0,0
musa-acuminata-overripe-7e47b384-2653-11ec-a51e-d8c4975e38aa_jpg.rf.vatDpRherubOD0eEsyEe.jpg,0,0,1,0,0,0
musa-acuminata-banana-9b51daa7-394a-11ec-8a8c-d8c4975e38aa_jpg.rf.vOSq6dcS9TcTe7DTi7vE.jpg,0,0,0,0,1,0
musa-acuminata-overripe-7e2ff028-2653-11ec-8d2b-d8c4975e38aa_jpg.rf.vVJW1u4TlsnFuMrNvm06.jpg,0,0,1,0,0,0
musa-acuminata-ripe-70856936-2653-11ec-b25e-d8c4975e38aa_jpg.rf.vsJ5Ydipu5q1nvfu6H1y.jpg,0,0,0,0,1,0
musa-acuminata-banana-a0a5f2be-394a-11ec-98a3-d8c4975e38aa_jpg.rf.vY2qOBtK8aQdnfPHFgzT.jpg,0,0,1,0,0,0
musa-acuminata-rotten-881ea8e9-2653-11ec-8440-d8c4975e38aa_jpg.rf.vIo5BLYahf2ixhVUuIHZ.jpg,0,0,0,0,1,0
musa-acuminata-banana-d63ea4d4-4037-11ec-a2aa-94b86d66fd1d_jpg.rf.v0UuunM9ADKgbySQexbd.jpg,0,0,0,1,0,0
musa-acuminata-overripe-a116c451-1d0a-11ec-b8d0-d8c4975e38aa_jpg.rf.ueOJcylrouEbgFKaxCuK.jpg,0,0,1,0,0,0
musa-acuminata-banana-dc6aae8e-394a-11ec-bfb9-d8c4975e38aa_jpg.rf.FtVaxzNJqGW1nPVQlKT7.jpg,0,0,0,1,0,0
musa-acuminata-overripe-7e454805-2653-11ec-a6e8-d8c4975e38aa_jpg.rf.uUdcJrW5oAO4bzFhn3oF.jpg,0,0,1,0,0,0
musa-acuminata-overripe-9da02480-1d0a-11ec-9632-d8c4975e38aa_jpg.rf.Fz7tU6qV0HUfg3jsrsw2.jpg,0,0,1,0,1,0
musa-acuminata-rotten-bb99c01a-1d0a-11ec-86cb-d8c4975e38aa_jpg.rf.G6CRUe26vLvCkDrhPN3v.jpg,0,0,0,0,1,0
musa-acuminata-banana-a74856b8-4037-11ec-bd96-94b86d66fd1d_jpg.rf.GF2wHvQed1gdxpMexdYz.jpg,1,0,0,0,0,0
musa-acuminata-overripe-80ec8d81-2653-11ec-a3ba-d8c4975e38aa_jpg.rf.FNGYRDDcImgJ4OlA6WpF.jpg,0,0,1,0,0,0
musa-acuminata-banana-a6b41df2-394a-11ec-9dbd-d8c4975e38aa_jpg.rf.GSp9iPyfLDUHNRTaolMV.jpg,0,0,1,0,1,0
musa-acuminata-banana-ef1678b5-394a-11ec-9d79-d8c4975e38aa_jpg.rf.GehJWYguOKl6xJ8YqDMF.jpg,0,0,0,1,0,0
musa-acuminata-banana-e7420ef5-394a-11ec-90d8-d8c4975e38aa_jpg.rf.GizRz4QHD7IHP9ciN7Do.jpg,0,0,0,1,0,0
musa-acuminata-banana-f1a159ba-394a-11ec-80ff-d8c4975e38aa_jpg.rf.GjDGXoeZUEecyQmizBU5.jpg,1,0,0,1,0,0
musa-acuminata-freshunripe-27365b06-2653-11ec-9d21-d8c4975e38aa_jpg.rf.GwJgUwkcbDwmwDI9EJsR.jpg,0,1,0,0,0,0
musa-acuminata-banana-84bb5cf9-394a-11ec-bd15-d8c4975e38aa_jpg.rf.Gs8Bw1bQcVUppxN3kJQo.jpg,0,0,1,0,0,0
musa-acuminata-rotten-8d2d3da8-2653-11ec-b9c0-d8c4975e38aa_jpg.rf.v6HxZilLdl59wPuvS2kS.jpg,0,0,0,0,1,0
musa-acuminata-freshunripe-72a846ef-1d0a-11ec-b6a1-d8c4975e38aa_jpg.rf.H1lWagr7EPQtAidIddSr.jpg,0,1,0,0,0,0
musa-acuminata-mold-e5d7bf45-1d0a-11ec-81e5-d8c4975e38aa_jpg.rf.v596dEwQfdSCDBxMAxQz.jpg,0,0,1,0,0,0
musa-acuminata-banana-b905cb49-4037-11ec-aa76-94b86d66fd1d_jpg.rf.HoydqpvRxWQHOF1C7UZw.jpg,0,1,0,0,0,1
musa-acuminata-rotten-bb3d1598-1d0a-11ec-a7fc-d8c4975e38aa_jpg.rf.HYjFKy6PyTJpV2Ic44OK.jpg,0,0,0,0,1,0
musa-acuminata-banana-ebb1a08f-394a-11ec-bf76-d8c4975e38aa_jpg.rf.HUKxmyv1pLVbuJfKwa6y.jpg,1,0,0,0,0,0
musa-acuminata-freshunripe-1f58949f-2653-11ec-aa16-d8c4975e38aa_jpg.rf.uoeFa6P4RUMUlC9Qkx5M.jpg,0,1,0,0,0,0
musa-acuminata-freshripe-4a4d77e5-2653-11ec-9a63-d8c4975e38aa_jpg.rf.up6drIVvZ5BNwfXX2NqV.jpg,1,0,0,0,0,0
musa-acuminata-banana-9f73c633-4037-11ec-b9a3-94b86d66fd1d_jpg.rf.I40ZDAV0CK07HwuA6snx.jpg,1,0,0,0,0,0
musa-acuminata-banana-ce3ad855-394a-11ec-af62-d8c4975e38aa_jpg.rf.ICQ7R0Y7HVC8dzR2gKtQ.jpg,0,0,0,1,0,0
musa-acuminata-freshripe-4bc1483b-2653-11ec-bab8-d8c4975e38aa_jpg.rf.IVrmj0ZCR3lzf0DXcA0N.jpg,1,0,0,0,0,0
musa-acuminata-freshripe-78622e27-1d0a-11ec-b2c2-d8c4975e38aa_jpg.rf.HywKwHjm0GpWFU97hRPy.jpg,1,0,0,0,0,0
musa-acuminata-freshunripe-6c607bc6-1d0a-11ec-b6e0-d8c4975e38aa_jpg.rf.HSccG82umJbqVnsKEVaE.jpg,0,1,0,0,0,0
musa-acuminata-overripe-9d1aa92e-1d0a-11ec-9cf9-d8c4975e38aa_jpg.rf.IiFMTxSRGkoE84ISqhuz.jpg,0,0,1,0,0,0
musa-acuminata-banana-8c78a4b8-394a-11ec-b5eb-d8c4975e38aa_jpg.rf.IbFzoBfB9k6yCycOm0xJ.jpg,0,0,0,0,1,0
musa-acuminata-mold-e2958c9d-1d0a-11ec-afe5-d8c4975e38aa_jpg.rf.c8nLRzFOVxpysNGf9yDY.jpg,0,0,1,0,1,0
musa-acuminata-unripe-5523c512-2653-11ec-a156-d8c4975e38aa---Copy_jpg.rf.cAWu3vJ9PlKoAcrcyhHW.jpg,0,0,0,0,1,1
musa-acuminata-ripe-6edf8b6c-2653-11ec-b367-d8c4975e38aa_jpg.rf.brVDmdK5PKiUwr5WM2ec.jpg,0,0,0,1,1,0
musa-acuminata-freshunripe-635b5741-1d0a-11ec-98b5-d8c4975e38aa_jpg.rf.Iim2UmkOIql6kT0mcIMb.jpg,0,1,0,0,0,0
musa-acuminata-freshripe-4910794d-2653-11ec-9331-d8c4975e38aa_jpg.rf.cQURVrmjDVVgzmVPRAIu.jpg,1,0,0,0,0,0
musa-acuminata-ripe-9b320f1f-1d0a-11ec-88b4-d8c4975e38aa_jpg.rf.IdXNgLO89rsDuJ1Uo0au.jpg,0,0,0,1,1,0
musa-acuminata-overripe-9db7f7a2-1d0a-11ec-9c03-d8c4975e38aa_jpg.rf.uk6hZLnrTMcbrBVmd5ll.jpg,0,0,1,0,0,0
musa-acuminata-banana-c3787081-394a-11ec-85a9-d8c4975e38aa_jpg.rf.caBwi5HQnJVlVzKnJJQX.jpg,0,0,0,1,0,0
musa-acuminata-banana-b7cb2bbe-4037-11ec-8f57-94b86d66fd1d_jpg.rf.FZsYUH0NxjsOAaVvckrn.jpg,0,1,0,0,0,1
musa-acuminata-freshunripe-69db0f90-1d0a-11ec-a59a-d8c4975e38aa_jpg.rf.dLZWA7bfPy408GgiORyu.jpg,0,1,0,0,0,0
musa-acuminata-ripe-6e8c2011-2653-11ec-9be4-d8c4975e38aa_jpg.rf.vWBQgb30069gHp2nkf5g.jpg,0,0,0,1,1,0
musa-acuminata-ripe-97849b43-1d0a-11ec-a3b7-d8c4975e38aa_jpg.rf.cl7gutkESu0jsNF6jfG7.jpg,0,0,0,1,1,0
musa-acuminata-banana-8b63ab35-394a-11ec-b54f-d8c4975e38aa_jpg.rf.clGl7hQde85jC0T2CC9w.jpg,0,0,0,0,1,0
musa-acuminata-banana-e11d7511-394a-11ec-a4d8-d8c4975e38aa_jpg.rf.cydegITJawSxaYsjDURe.jpg,1,0,0,1,0,0
musa-acuminata-ripe-95142646-1d0a-11ec-b12e-d8c4975e38aa_jpg.rf.cdnRvUKuisOXBL5srq9A.jpg,0,0,0,1,0,0
musa-acuminata-ripe-993fec69-1d0a-11ec-9136-d8c4975e38aa_jpg.rf.ctcgoEe9fL29CP5jI1Au.jpg,0,0,0,1,1,0
musa-acuminata-rotten-aa9af2e4-1d0a-11ec-a80e-d8c4975e38aa_jpg.rf.dvgtgO6d6M6QXr6qeK9b.jpg,0,0,0,0,1,0
musa-acuminata-freshunripe-20354d1e-2653-11ec-be6b-d8c4975e38aa_jpg.rf.ePjA1d09SkICBURCwIqG.jpg,0,1,0,0,0,0
musa-acuminata-banana-f32c2065-394a-11ec-a2f3-d8c4975e38aa_jpg.rf.FogqdLUixY7dt6HZxM6w.jpg,0,0,0,1,0,0
musa-acuminata-freshunripe-2f7d3773-2653-11ec-8fa0-d8c4975e38aa_jpg.rf.eR8vbnQsLWk6qY51qgWV.jpg,0,1,0,0,0,0
musa-acuminata-banana-a9bd07a0-394a-11ec-a76c-d8c4975e38aa_jpg.rf.eRJjJek0X3SVGBGBMgjq.jpg,0,0,1,0,1,0
musa-acuminata-freshripe-7d68540c-1d0a-11ec-8fc5-d8c4975e38aa_jpg.rf.eW2EBLjyfCurcKb7xA6u.jpg,1,0,0,0,0,0
musa-acuminata-ripe-993b2825-1d0a-11ec-acbe-d8c4975e38aa_jpg.rf.dTdYmNWciwtW80DPQoSF.jpg,0,0,0,1,1,0
musa-acuminata-banana-fa48538a-394a-11ec-b97e-d8c4975e38aa_jpg.rf.dpxM6vsCyFviZn4psjPi.jpg,0,0,0,1,0,0
musa-acuminata-ripe-7308ef07-2653-11ec-9166-d8c4975e38aa_jpg.rf.et0UTp6RmV0FSECUnQXk.jpg,0,0,0,0,1,0
musa-acuminata-banana-9ebb3756-394a-11ec-a9a8-d8c4975e38aa_jpg.rf.f8Kaqh69fAfNfDQQBlAd.jpg,0,0,0,0,1,0
musa-acuminata-freshripe-79c2e562-1d0a-11ec-9012-d8c4975e38aa_jpg.rf.f8ddkxeqsd8IeGs7cQas.jpg,1,0,0,0,0,0
musa-acuminata-rotten-b73188cd-1d0a-11ec-971e-d8c4975e38aa_jpg.rf.f9uRZ8yL15aXJ75na1rC.jpg,0,0,0,0,1,0
musa-acuminata-overripe-9e84f10e-1d0a-11ec-8e3d-d8c4975e38aa_jpg.rf.eWgIEGmsdrhYtZRXw5VB.jpg,0,0,1,0,0,0
musa-acuminata-ripe-93220389-1d0a-11ec-b922-d8c4975e38aa_jpg.rf.eej8k1tNEXH1mFxfJDbS.jpg,0,0,0,1,0,0
musa-acuminata-overripe-8049694d-2653-11ec-82bd-d8c4975e38aa_jpg.rf.edTBcY43APsxJcAm0WPf.jpg,0,0,1,0,0,0
musa-acuminata-freshunripe-34c49f3b-2653-11ec-ae3d-d8c4975e38aa_jpg.rf.fd2QMm8jDCAOzWTCUJTH.jpg,0,1,0,0,0,0
musa-acuminata-overripe-7d150272-2653-11ec-acf1-d8c4975e38aa_jpg.rf.KgDFz08uhfa9teIsIjXG.jpg,0,0,1,0,0,0
musa-acuminata-banana-885f6603-394a-11ec-bb96-d8c4975e38aa_jpg.rf.L2GvhAbg3SUFNYRU1DAd.jpg,0,0,1,0,1,0
musa-acuminata-ripe-725fb5f7-2653-11ec-ac9b-d8c4975e38aa_jpg.rf.L2iR9GRdeC2AxAhGM1b2.jpg,0,0,0,1,1,0
musa-acuminata-banana-f9e7eaa5-394a-11ec-8bc1-d8c4975e38aa_jpg.rf.Fbe06BHKEQ4MI0BXEJPG.jpg,0,0,0,1,0,0
musa-acuminata-overripe-9bbeafd3-1d0a-11ec-9182-d8c4975e38aa_jpg.rf.fBY2WCX3VFhDgkvtgT7O.jpg,0,0,1,0,0,0
musa-acuminata-ripe-6aea9752-2653-11ec-b750-d8c4975e38aa_jpg.rf.fadOhBWlzm4Hpi3PkPFF.jpg,0,0,0,1,0,0
musa-acuminata-ripe-74a2e32a-2653-11ec-8b97-d8c4975e38aa_jpg.rf.fEBr6Ro8C92gwHU49Trb.jpg,0,0,0,0,1,0
musa-acuminata-freshunripe-69e2cf38-1d0a-11ec-a166-d8c4975e38aa_jpg.rf.fGeB97fPKLFVni8a8i49.jpg,0,1,0,0,0,0
musa-acuminata-overripe-a159809e-1d0a-11ec-a7d6-d8c4975e38aa_jpg.rf.LbH1fa8eeTZPcgZesQWd.jpg,0,0,1,0,1,0
musa-acuminata-freshunripe-2d7f2a34-2653-11ec-a819-d8c4975e38aa_jpg.rf.LjFLksuVO1huzTo0xu10.jpg,0,1,0,0,0,0
musa-acuminata-banana-ad276bdf-394a-11ec-82c7-d8c4975e38aa_jpg.rf.Lle8kEqJHDWcrVj8kgrE.jpg,0,0,1,1,1,0
musa-acuminata-freshunripe-39af1015-2653-11ec-8877-d8c4975e38aa_jpg.rf.MFRfsDYE6GJzIDBCDGkq.jpg,0,1,0,0,0,0
musa-acuminata-freshripe-7d902805-1d0a-11ec-90e0-d8c4975e38aa_jpg.rf.MITOWLLgJW1mPrxbpxGt.jpg,1,0,0,0,0,0
musa-acuminata-banana-98400643-394a-11ec-9147-d8c4975e38aa_jpg.rf.vt1a3BaRTKwuEndWkuBT.jpg,0,0,1,1,0,0
musa-acuminata-rotten-88b2db88-2653-11ec-9d7d-d8c4975e38aa_jpg.rf.MJcsTMatmvba0KLSthQ0.jpg,0,0,0,0,1,0
musa-acuminata-mold-e653af60-1d0a-11ec-b163-d8c4975e38aa_jpg.rf.Mpidus7CePYfZkgNQcBJ.jpg,0,0,1,0,0,0
musa-acuminata-rotten-84fc4bd9-2653-11ec-9d56-d8c4975e38aa_jpg.rf.LFQSbzsGnWpx4Xuby3Jm.jpg,0,0,0,0,1,0
musa-acuminata-rotten-b6d635e6-1d0a-11ec-887f-d8c4975e38aa_jpg.rf.LU2RvLKTh5eWGkuB73PA.jpg,0,0,0,0,1,0
musa-acuminata-unripe-8d20b4ab-1d0a-11ec-9860-d8c4975e38aa-1-_jpg.rf.LXnjQWBudLed273IZBu6.jpg,0,0,0,0,1,1
musa-acuminata-freshunripe-73984d09-1d0a-11ec-b09b-d8c4975e38aa_jpg.rf.NIWiqQHAtxS2hfVFDTh1.jpg,0,1,0,0,0,1
musa-acuminata-banana-d50e9a87-4037-11ec-a212-94b86d66fd1d_jpg.rf.NJckhZzhGN1sjkmtGLlH.jpg,1,0,0,0,0,0
musa-acuminata-overripe-9c573862-1d0a-11ec-8428-d8c4975e38aa_jpg.rf.NLAFxR4hBijXAaBLdZ3F.jpg,0,0,1,0,0,0
musa-acuminata-unripe-84c6c64c-1d0a-11ec-843f-d8c4975e38aa-1-_jpg.rf.NPDWdDzm5sYYKnMR5ohm.jpg,0,0,0,0,1,1
musa-acuminata-rotten-8a8643ab-2653-11ec-bd1d-d8c4975e38aa_jpg.rf.NXaNTOoMkwSTYAw7yWWU.jpg,0,0,0,0,1,0
musa-acuminata-banana-f331a7bc-394a-11ec-bbab-d8c4975e38aa_jpg.rf.NZI6nB2HaleRFUoUv3OD.jpg,0,0,0,1,0,0
musa-acuminata-mold-e1c630e5-1d0a-11ec-9c04-d8c4975e38aa_jpg.rf.Nc0iLEPRD884FDL4T1KB.jpg,0,0,1,0,1,0
musa-acuminata-freshunripe-6ce23886-1d0a-11ec-ad59-d8c4975e38aa_jpg.rf.O4rniNNWQGI9uctyRX9i.jpg,0,1,0,0,0,0
musa-acuminata-mold-e373369f-1d0a-11ec-8583-d8c4975e38aa_jpg.rf.vkQhIWn0KwGx7PZTsSp1.jpg,0,0,1,0,1,0
musa-acuminata-freshripe-7a85a97a-1d0a-11ec-a71a-d8c4975e38aa_jpg.rf.FCYCUIrGysiKyj7Ri1mK.jpg,1,0,0,0,0,0
musa-acuminata-rotten-aebfb5b9-1d0a-11ec-9f7b-d8c4975e38aa_jpg.rf.vCODmrYXwagNNtxR73Vo.jpg,0,0,0,0,1,0
musa-acuminata-unripe-7fe07668-1d0a-11ec-815a-d8c4975e38aa_jpg.rf.Mss7CpjUlDqMo0KZAuD0.jpg,0,0,0,0,1,1
musa-acuminata-banana-edf5e409-394a-11ec-a9b3-d8c4975e38aa_jpg.rf.NEKWuaot79YbYmDPvHep.jpg,0,0,0,1,0,0
musa-acuminata-unripe-86a377d1-1d0a-11ec-8fa5-d8c4975e38aa-1-_jpg.rf.Odiya81sWv1atjHsKpUJ.jpg,0,0,0,0,1,1
musa-acuminata-unripe-5d14d64e-2653-11ec-9068-d8c4975e38aa---Copy_jpg.rf.Og2WcLEG5DqqK0Rmvso3.jpg,0,0,0,0,1,1
musa-acuminata-unripe-8d14c9de-1d0a-11ec-8342-d8c4975e38aa-1-_jpg.rf.PHsxfLxyd4Cf7PcrGZUd.jpg,0,0,0,0,0,1
musa-acuminata-rotten-bcf9598a-1d0a-11ec-b77f-d8c4975e38aa_jpg.rf.PT9M6N1tWrIOEP9c72MT.jpg,0,0,0,0,1,0
musa-acuminata-ripe-930308d1-1d0a-11ec-b1f9-d8c4975e38aa_jpg.rf.3vsWaefE3ZyXH50Zge8v.jpg,0,0,0,1,0,0
musa-acuminata-ripe-93377706-1d0a-11ec-9a62-d8c4975e38aa_jpg.rf.44294LMM91dBSgp0GXNo.jpg,0,0,0,1,0,0
musa-acuminata-banana-d2f5999d-4037-11ec-b49f-94b86d66fd1d_jpg.rf.488Fgftlao8jYlFj8t3V.jpg,1,0,0,1,0,0
musa-acuminata-overripe-7d290438-2653-11ec-bec5-d8c4975e38aa_jpg.rf.48kdMvSFSUNcaWzRCGoW.jpg,0,0,1,0,0,0
musa-acuminata-overripe-a1146206-1d0a-11ec-8961-d8c4975e38aa_jpg.rf.4EBH5Zce5dDloCiktHUm.jpg,0,0,1,0,1,0
musa-acuminata-freshripe-45ce46dc-2653-11ec-85a9-d8c4975e38aa_jpg.rf.4nBHlT4QfR6aHlJZMSvm.jpg,1,0,0,0,0,0
musa-acuminata-banana-ac589d62-394a-11ec-8b54-d8c4975e38aa_jpg.rf.FMbKQ1YLVq9URYOv3cm8.jpg,0,0,1,1,1,0
musa-acuminata-banana-91f7f4fd-394a-11ec-a9ab-d8c4975e38aa_jpg.rf.O8K6L1zYbXCCN2UGDHaq.jpg,0,0,1,0,0,0
musa-acuminata-freshunripe-6635b422-1d0a-11ec-84b8-d8c4975e38aa_jpg.rf.OZzQTojE01JqNC5ycDil.jpg,0,1,0,0,0,0
musa-acuminata-banana-cc402f83-394a-11ec-99c2-d8c4975e38aa_jpg.rf.OMwhD1i4IKzWx9EnfSWl.jpg,1,0,0,0,0,0
musa-acuminata-banana-ed1f40e0-394a-11ec-9f10-d8c4975e38aa_jpg.rf.5Cvi4KtDkdCjOCj2hO87.jpg,1,0,0,1,0,0
musa-acuminata-ripe-931fa183-1d0a-11ec-a0fd-d8c4975e38aa_jpg.rf.5DR44xkNwJuxaFo2kE6S.jpg,0,0,0,1,0,0
musa-acuminata-unripe-622ef13f-2653-11ec-8b62-d8c4975e38aa---Copy_jpg.rf.5W8xwe1gIQcTKTTs0186.jpg,0,0,0,0,0,1
musa-acuminata-mold-e201c6ba-1d0a-11ec-8f65-d8c4975e38aa_jpg.rf.5jruV712YCGZmrTcupAP.jpg,0,0,1,0,1,0
musa-acuminata-banana-ad424206-394a-11ec-8a3e-d8c4975e38aa_jpg.rf.60Q5hsQC0vvWb4MAHjIf.jpg,0,0,1,1,1,0
musa-acuminata-banana-d6b9e943-4037-11ec-bed7-94b86d66fd1d_jpg.rf.63biKTgrX8idgr1HHN3N.jpg,1,0,0,0,0,0
musa-acuminata-banana-85c4e0f3-394a-11ec-8f0c-d8c4975e38aa_jpg.rf.6LRwksbNeARnXvMPHbcz.jpg,0,0,1,0,1,0
musa-acuminata-freshunripe-2607ab8d-2653-11ec-80cd-d8c4975e38aa_jpg.rf.6TZDCO077N9xFBx0N9hl.jpg,0,1,0,0,0,0
musa-acuminata-banana-f463ca2d-394a-11ec-a895-d8c4975e38aa_jpg.rf.6rQPOJTi6uZPvoe6RpDp.jpg,0,0,0,1,0,0
musa-acuminata-unripe-8d6f5bbd-1d0a-11ec-a33d-d8c4975e38aa-1-_jpg.rf.6xb7HGebOs43ids1nxNN.jpg,0,0,0,0,0,1
musa-acuminata-overripe-9d301cae-1d0a-11ec-b3f4-d8c4975e38aa_jpg.rf.72ANpMXIzG69NXVvwAMD.jpg,0,0,1,0,0,0
musa-acuminata-banana-a769005a-394a-11ec-a93e-d8c4975e38aa_jpg.rf.wInZMERRvx74OvwHD9tq.jpg,0,0,0,0,1,0
musa-acuminata-ripe-9383bd28-1d0a-11ec-aaa0-d8c4975e38aa_jpg.rf.FqQ5ypNLdSJOTuON5ljP.jpg,0,0,0,1,0,0
musa-acuminata-ripe-9a415546-1d0a-11ec-a7ab-d8c4975e38aa_jpg.rf.wl89d4flz9e0u6ZBaay6.jpg,0,0,0,1,1,0
musa-acuminata-ripe-6c59a33f-2653-11ec-b51b-d8c4975e38aa_jpg.rf.77Eb1STVj0nBMOPptkBt.jpg,0,0,0,1,0,0
musa-acuminata-overripe-8086e0e4-2653-11ec-8098-d8c4975e38aa_jpg.rf.7G8KBdXUTOd46PvnqCsg.jpg,0,0,1,0,1,0
musa-acuminata-freshripe-798614f6-1d0a-11ec-a1d9-d8c4975e38aa_jpg.rf.4hqzu2lXBDbFSOuVz4u2.jpg,1,0,0,0,0,0
musa-acuminata-ripe-73f28288-2653-11ec-8416-d8c4975e38aa_jpg.rf.4tpwFw382eorwafyBvqz.jpg,0,0,0,0,1,0
musa-acuminata-freshunripe-74e279cb-1d0a-11ec-ab13-d8c4975e38aa_jpg.rf.50L4wVjHCREIiD0A2PaZ.jpg,0,1,0,0,0,1
musa-acuminata-banana-a0a9b859-394a-11ec-b772-d8c4975e38aa_jpg.rf.7IaFARcDXhpX7ByIp2xW.jpg,0,0,1,0,0,0
musa-acuminata-unripe-9145543b-1d0a-11ec-bee7-d8c4975e38aa-1-_jpg.rf.7PvkN0htIaYacNX1jXvV.jpg,0,1,0,0,0,0
musa-acuminata-rotten-ab1e1727-1d0a-11ec-b8e2-d8c4975e38aa_jpg.rf.7T31nu3boUxq1zi4VDW3.jpg,0,0,0,0,1,0
musa-acuminata-freshunripe-321fb994-2653-11ec-aa2a-d8c4975e38aa_jpg.rf.7V9uzvvJxmH7D2ZoujKv.jpg,0,1,0,0,0,0
musa-acuminata-banana-8d1c2a06-394a-11ec-920d-d8c4975e38aa_jpg.rf.7iYtV52ztwon04tvBzCt.jpg,0,0,0,0,1,0
musa-acuminata-mold-e4ca6de7-1d0a-11ec-befa-d8c4975e38aa_jpg.rf.8AD7aneKQ0dcSzBtWRmH.jpg,0,0,1,0,0,0
musa-acuminata-freshunripe-6828ce9b-1d0a-11ec-a5a3-d8c4975e38aa_jpg.rf.8KJ1sgZXicwrQtNHQvZm.jpg,0,1,0,0,0,0
musa-acuminata-banana-e528c3f1-394a-11ec-b875-d8c4975e38aa_jpg.rf.S7KcbIq0Ma3FQLYQAtCI.jpg,0,0,0,1,0,0
musa-acuminata-overripe-9d327efb-1d0a-11ec-9032-d8c4975e38aa_jpg.rf.S8fMmp8V87rfaTZIHB7m.jpg,0,0,1,0,0,0
musa-acuminata-banana-a00a1e01-4037-11ec-8582-94b86d66fd1d_jpg.rf.S9Fhjq5tqsbbnkI26N9S.jpg,1,0,0,0,0,0
musa-acuminata-banana-b598b9fe-394a-11ec-abe1-d8c4975e38aa_jpg.rf.SPjo484FFOrpYZxz9QCg.jpg,1,0,0,1,0,0
musa-acuminata-ripe-976f27e4-1d0a-11ec-b28e-d8c4975e38aa_jpg.rf.uUnAw9GeI1p4IpwYyl2d.jpg,0,0,0,1,1,0
musa-acuminata-overripe-76203ad0-2653-11ec-804f-d8c4975e38aa_jpg.rf.7ICv7tkPqPJSbN0DPmxe.jpg,0,0,1,0,0,0
musa-acuminata-banana-fc3f7019-394a-11ec-82f5-d8c4975e38aa_jpg.rf.TG7V2jv5iMMY9GdrcQdA.jpg,0,0,0,1,0,0
musa-acuminata-banana-a3bf113d-394a-11ec-80e6-d8c4975e38aa_jpg.rf.TGBH8BFFZlRTgrcRlI05.jpg,0,0,0,1,0,0
musa-acuminata-freshunripe-198ca601-2653-11ec-adb8-d8c4975e38aa_jpg.rf.TO0b4vZsanRAdHvw5aEL.jpg,0,1,0,0,0,0
musa-acuminata-banana-b46d0968-394a-11ec-87a2-d8c4975e38aa_jpg.rf.TWVINo9FULSpxgcyCmjZ.jpg,1,0,0,0,0,0
musa-acuminata-banana-b2aec0ab-394a-11ec-924e-d8c4975e38aa_jpg.rf.TbCKY6r5EgPS5qbMRvXb.jpg,0,0,0,1,0,0
musa-acuminata-rotten-b77deac6-1d0a-11ec-84ca-d8c4975e38aa_jpg.rf.TgPvDsqnyG4pePyyumUn.jpg,0,0,0,0,1,0
musa-acuminata-rotten-b7392ddb-1d0a-11ec-8e99-d8c4975e38aa_jpg.rf.TiaHQFgvKb82fORFBpwM.jpg,0,0,0,0,1,0
musa-acuminata-unripe-85f5781c-1d0a-11ec-8c3d-d8c4975e38aa-1-_jpg.rf.ToGK10xNYD7mrhM0PbhE.jpg,0,0,0,0,1,1
musa-acuminata-rotten-aaa93e68-1d0a-11ec-9d30-d8c4975e38aa_jpg.rf.Ty0JthIax0Z4aEj8qU12.jpg,0,0,0,0,1,0
musa-acuminata-freshripe-45c9829e-2653-11ec-ae7f-d8c4975e38aa_jpg.rf.TysDJyiFFvWkCgf5JtIr.jpg,1,0,0,0,0,0
musa-acuminata-freshunripe-1e52db28-2653-11ec-be80-d8c4975e38aa_jpg.rf.Siy7Fbrr9B81vXLyqvIy.jpg,0,1,0,0,0,0
musa-acuminata-freshunripe-72ee2653-1d0a-11ec-9fc4-d8c4975e38aa_jpg.rf.SU7m2CX9IutPy7hFXTu7.jpg,0,1,0,0,0,0
musa-acuminata-unripe-83802b39-1d0a-11ec-96d4-d8c4975e38aa-1-_jpg.rf.TBEF0iocvNX5JWOJrM0u.jpg,0,0,0,0,1,1
musa-acuminata-unripe-53b4ba52-2653-11ec-9419-d8c4975e38aa---Copy_jpg.rf.Sp5v9gNUEBGtCx2nSaQv.jpg,0,0,0,0,0,1
musa-acuminata-ripe-9a2e4429-1d0a-11ec-9568-d8c4975e38aa_jpg.rf.TCSDxya5ZCfxKAk0X7TG.jpg,0,0,0,1,1,0
musa-acuminata-banana-8b75a255-394a-11ec-902f-d8c4975e38aa_jpg.rf.ShgMZ6HgSasy6s36Mz4R.jpg,0,0,0,0,1,0
musa-acuminata-rotten-82ffa225-2653-11ec-9ff5-d8c4975e38aa_jpg.rf.TBzumCoe465fpajIZbrk.jpg,0,0,0,0,1,0
musa-acuminata-ripe-6ca84a70-2653-11ec-af4c-d8c4975e38aa_jpg.rf.ULZQmgEhuy2b3APCM4bK.jpg,0,0,0,1,0,0
musa-acuminata-ripe-73068cd6-2653-11ec-afad-d8c4975e38aa_jpg.rf.UM092j4s4R6qZyBLtCxn.jpg,0,0,0,0,1,0
musa-acuminata-banana-a6b83595-394a-11ec-8671-d8c4975e38aa_jpg.rf.UPslAuQQDAP6TFb7LfL2.jpg,0,0,1,0,1,0
musa-acuminata-banana-a63d9c55-394a-11ec-9957-d8c4975e38aa_jpg.rf.USzwhRPyqsAOLsw1fGTY.jpg,0,0,1,0,1,0
musa-acuminata-mold-e4f5543c-1d0a-11ec-a976-d8c4975e38aa_jpg.rf.UdRGbkx2iY8JdZLmc26g.jpg,0,0,1,0,1,0
musa-acuminata-overripe-a02d3279-1d0a-11ec-b1b1-d8c4975e38aa_jpg.rf.03NqCASkpp9ALnYJb8KY.jpg,0,0,1,0,1,0
musa-acuminata-rotten-8ce83917-2653-11ec-86c3-d8c4975e38aa_jpg.rf.0HUCypnlQtewxd59qDge.jpg,0,0,0,0,1,0
musa-acuminata-rotten-8a0f3d27-2653-11ec-97ee-d8c4975e38aa_jpg.rf.0JqJlilaTvwL0ackTLeE.jpg,0,0,0,0,1,0
musa-acuminata-freshripe-447bd5b3-2653-11ec-a533-d8c4975e38aa_jpg.rf.0Ku3SiWcNK09rmZA4u2f.jpg,1,0,0,0,0,0
musa-acuminata-freshripe-7811c56c-1d0a-11ec-8420-d8c4975e38aa_jpg.rf.0VKPSySBK7m1voXt3QtO.jpg,1,0,0,0,0,0
musa-acuminata-freshripe-4529d346-2653-11ec-83a1-d8c4975e38aa_jpg.rf.ShJYFLX5BxUH0CsgbIcB.jpg,1,0,0,0,0,0
musa-acuminata-ripe-6f41451b-2653-11ec-ac14-d8c4975e38aa_jpg.rf.xQDk9RBNWRF1ns7KBtUC.jpg,0,0,0,1,1,0
musa-acuminata-banana-82ff623f-394a-11ec-9bce-d8c4975e38aa_jpg.rf.xfw7NWlemwk1kVPjfkow.jpg,0,0,1,0,0,0
musa-acuminata-banana-fa3a644e-394a-11ec-9fbd-d8c4975e38aa_jpg.rf.TzWqOFqD0EtYJ4wfWcGz.jpg,0,0,0,1,0,0
musa-acuminata-unripe-5e83dfef-2653-11ec-83de-d8c4975e38aa---Copy_jpg.rf.U0HyOMXvt4xhHsKjZRyn.jpg,0,0,0,0,0,1
musa-acuminata-freshunripe-6f2c8b15-1d0a-11ec-9c64-d8c4975e38aa_jpg.rf.vbVe2KwDe0qyx8KCbd1B.jpg,0,1,0,0,0,0
musa-acuminata-freshripe-440bd087-2653-11ec-9527-d8c4975e38aa_jpg.rf.vkbjsyk1REr1utKtP0Nf.jpg,1,0,0,0,0,0
musa-acuminata-mold-e329521c-1d0a-11ec-a339-d8c4975e38aa_jpg.rf.vYF7m8rVx7m5H89CQeLB.jpg,0,0,1,0,1,0
musa-acuminata-unripe-84781f15-1d0a-11ec-90d2-d8c4975e38aa-1-_jpg.rf.vyItm1X1zExUNrz9XXPm.jpg,0,0,0,0,1,1
musa-acuminata-overripe-a03b7f40-1d0a-11ec-bdf0-d8c4975e38aa_jpg.rf.U4I3vgy4ZTLPBZ4Ra6ny.jpg,0,0,1,0,0,0
musa-acuminata-banana-aac36f42-394a-11ec-bb61-d8c4975e38aa_jpg.rf.xxO5D9g2Yb0YDpDphUzE.jpg,0,0,1,1,0,0
musa-acuminata-rotten-86c9a19f-2653-11ec-bd2b-d8c4975e38aa_jpg.rf.xyyQynfhuktxNnADvhgZ.jpg,0,0,0,0,1,0
musa-acuminata-unripe-5e817dbf-2653-11ec-9371-d8c4975e38aa---Copy_jpg.rf.yPJMkuUXK1ukyEBc0GNT.jpg,0,0,0,0,0,1
musa-acuminata-overripe-9f24a172-1d0a-11ec-a12e-d8c4975e38aa_jpg.rf.yPqXlwFXFwUOlUcmktD3.jpg,0,0,1,0,1,0
musa-acuminata-overripe-9cc4db93-1d0a-11ec-a9b4-d8c4975e38aa_jpg.rf.yTrX7VMimaI4paTyHLJn.jpg,0,0,1,0,0,0
musa-acuminata-banana-979127cf-394a-11ec-9995-d8c4975e38aa_jpg.rf.yXLSlOhxTmCn3kvUvVjt.jpg,0,0,0,1,1,0
musa-acuminata-freshunripe-7119959c-1d0a-11ec-92d5-d8c4975e38aa_jpg.rf.yZGRSn9aOJgPeYCGhj5C.jpg,0,1,0,0,0,0
musa-acuminata-freshripe-4af6b0fc-2653-11ec-8202-d8c4975e38aa_jpg.rf.yrQNSQrOHjnBCiMmIVfq.jpg,1,0,0,0,0,0
musa-acuminata-overripe-7cbc8511-2653-11ec-bf32-d8c4975e38aa_jpg.rf.yvCgPUkLcwgYCmpijmhP.jpg,0,0,1,0,0,0
musa-acuminata-ripe-935b374e-1d0a-11ec-a08a-d8c4975e38aa_jpg.rf.zndywSOpNxHoysenIPGE.jpg,0,0,0,1,0,0
musa-acuminata-overripe-8104ba1e-2653-11ec-859c-d8c4975e38aa_jpg.rf.xXr7yKSRuixg32qmYI6K.jpg,0,0,1,0,0,0
musa-acuminata-banana-885bc2ad-394a-11ec-adf8-d8c4975e38aa_jpg.rf.xqzkUVU5TeZ6jdg47FCU.jpg,0,0,1,0,1,0
musa-acuminata-banana-e74b284e-394a-11ec-ba5c-d8c4975e38aa_jpg.rf.xp30U1KU5wp3gMba5YWq.jpg,0,0,0,1,0,0
musa-acuminata-unripe-815de862-1d0a-11ec-8a24-d8c4975e38aa-1-_jpg.rf.xlBu99btAWcoj1T0zHVq.jpg,0,0,0,0,1,1
musa-acuminata-banana-864ae9a4-394a-11ec-a75f-d8c4975e38aa_jpg.rf.xsXYAguGzqAl1RX3wWrG.jpg,0,0,1,0,1,0
musa-acuminata-freshunripe-6770b1f3-1d0a-11ec-ae2e-d8c4975e38aa_jpg.rf.DbVTxLM0Cod7ySXKDCdk.jpg,0,1,0,0,0,0
musa-acuminata-freshunripe-766cb860-1d0a-11ec-b126-d8c4975e38aa_jpg.rf.DbdmkhQSMzJT67sZzQu1.jpg,0,0,0,0,0,1
musa-acuminata-banana-dd79bfff-394a-11ec-bf3e-d8c4975e38aa_jpg.rf.DheQjw11u6vh5lxUTLS5.jpg,0,0,0,1,0,0
musa-acuminata-banana-a4e65fec-4037-11ec-aa3d-94b86d66fd1d_jpg.rf.DkVAQY5INFtaO6AIzYQt.jpg,1,0,0,0,0,0
musa-acuminata-rotten-ab92e0c6-1d0a-11ec-9ef3-d8c4975e38aa_jpg.rf.DmDpuNL7U78q9n1oReuF.jpg,0,0,0,0,1,0
musa-acuminata-banana-fc77ab96-394a-11ec-91c0-d8c4975e38aa_jpg.rf.E2TDIMO984abPdch1sIA.jpg,1,0,0,1,0,0
musa-acuminata-unripe-83c7ad59-1d0a-11ec-a356-d8c4975e38aa-1-_jpg.rf.z4l5pY7xzrdt9YpP38xK.jpg,0,0,0,0,0,1
musa-acuminata-ripe-6abd4e84-2653-11ec-9d0f-d8c4975e38aa_jpg.rf.zTv2yBJU5wiOIAbfeIWa.jpg,0,0,0,1,0,0
musa-acuminata-rotten-8c519cb7-2653-11ec-80ca-d8c4975e38aa_jpg.rf.yn0wXRMy9Qo1No6iX0v1.jpg,0,0,0,0,1,0
musa-acuminata-freshripe-793cea7f-1d0a-11ec-a602-d8c4975e38aa_jpg.rf.zxJQawi6ken4hw8mecD8.jpg,1,0,0,0,0,0
musa-acuminata-overripe-766c7fbb-2653-11ec-a9d2-d8c4975e38aa_jpg.rf.yxFdK24tPf0QG22NAWKp.jpg,0,0,1,0,0,0
musa-acuminata-ripe-6ae370d7-2653-11ec-af28-d8c4975e38aa_jpg.rf.DYbOpQn0CLWnAx0ad1su.jpg,0,0,0,1,0,0
musa-acuminata-freshripe-7a681ac1-1d0a-11ec-99b5-d8c4975e38aa_jpg.rf.DZQ2ooEynLWhkt8cLPTH.jpg,1,0,0,0,0,0
musa-acuminata-unripe-5e032b73-2653-11ec-8c71-d8c4975e38aa---Copy_jpg.rf.zeSjQSvrhS5qU9tLJOu8.jpg,0,0,0,0,0,1
musa-acuminata-rotten-aee5d854-1d0a-11ec-8580-d8c4975e38aa_jpg.rf.yddUwMkjZYSMw94H9zzs.jpg,0,0,0,0,1,0
musa-acuminata-ripe-6d1ab1df-2653-11ec-b39d-d8c4975e38aa_jpg.rf.FWTgxBYjAhkeaDLO3XBM.jpg,0,0,0,1,0,0
musa-acuminata-freshunripe-6eda1bc3-1d0a-11ec-8b25-d8c4975e38aa_jpg.rf.Fa3k1TwY8h7gpW6MIIIM.jpg,0,1,0,0,0,0
musa-acuminata-banana-beb0c076-4037-11ec-b228-94b86d66fd1d_jpg.rf.FwzeVAvitiYNRLma0dL2.jpg,1,0,0,1,0,0
musa-acuminata-overripe-802020d5-2653-11ec-9bef-d8c4975e38aa_jpg.rf.G7t3ug7mOUhMuyI5ov9s.jpg,0,0,1,0,0,0
musa-acuminata-freshripe-457d3d66-2653-11ec-853c-d8c4975e38aa_jpg.rf.GGyCF02rPlVRNwYmn5lQ.jpg,1,0,0,0,0,0
musa-acuminata-freshunripe-6ffe5431-1d0a-11ec-bf26-d8c4975e38aa_jpg.rf.GXs3pQjbQcvp3knITJyE.jpg,0,1,0,0,0,0
musa-acuminata-ripe-9826addf-1d0a-11ec-be3b-d8c4975e38aa_jpg.rf.Gi6D5KyiTfcTyXtdtA4y.jpg,0,0,0,1,1,0
musa-acuminata-freshunripe-6e52336e-1d0a-11ec-b5ed-d8c4975e38aa_jpg.rf.zuAPcA8wbqdinpRN2qro.jpg,0,1,0,0,0,0
musa-acuminata-banana-a6413f8e-394a-11ec-9a61-d8c4975e38aa_jpg.rf.EK1L8B2ofFbNQgdixaSH.jpg,0,0,1,0,1,0
musa-acuminata-freshripe-7c983807-1d0a-11ec-b2e9-d8c4975e38aa_jpg.rf.DuU713F7lyX1bgFFDA6b.jpg,1,0,0,0,0,0
musa-acuminata-overripe-7dbbde04-2653-11ec-817b-d8c4975e38aa_jpg.rf.EIGspBRNOsx1W7lktCOe.jpg,0,0,1,0,1,0
musa-acuminata-banana-e27d93f0-394a-11ec-8ceb-d8c4975e38aa_jpg.rf.EB665ZRVIannYvT0sjJA.jpg,1,0,0,1,0,0
musa-acuminata-rotten-a247d84c-1d0a-11ec-af3e-d8c4975e38aa_jpg.rf.E8wcm3NR5AwOkOtbUZnn.jpg,0,0,0,0,1,0
musa-acuminata-banana-fb452ffd-394a-11ec-b7f4-d8c4975e38aa_jpg.rf.EljueRh5W6Ug0O8u5SY7.jpg,1,0,0,1,0,0
musa-acuminata-banana-8eb69f65-394a-11ec-8c93-d8c4975e38aa_jpg.rf.EteUGMj9mop5jizBKCUE.jpg,0,0,1,0,1,0
musa-acuminata-freshripe-7ad1bde3-1d0a-11ec-a482-d8c4975e38aa_jpg.rf.FD1o1WDAGcBjZOwzdkpw.jpg,1,0,0,0,0,0
musa-acuminata-banana-b059a97a-394a-11ec-9a64-d8c4975e38aa_jpg.rf.FDTSweRKPcV1DI7mQH5B.jpg,0,0,0,1,0,0
musa-acuminata-rotten-a247d84d-1d0a-11ec-bf8e-d8c4975e38aa_jpg.rf.81MgVLMGihJGV5yKJJXl.jpg,0,0,0,0,1,0
musa-acuminata-freshunripe-260c6fe0-2653-11ec-90a9-d8c4975e38aa_jpg.rf.84QntPd98PuMnGQbZUxa.jpg,0,1,0,0,0,0
musa-acuminata-unripe-8b8923db-1d0a-11ec-9b96-d8c4975e38aa-1-_jpg.rf.8cCB7Iovuu4orksehWZ7.jpg,0,0,0,0,0,1
musa-acuminata-banana-cf59c12c-4037-11ec-9a46-94b86d66fd1d_jpg.rf.94zxLXdQV09rkJ9dJB2N.jpg,0,0,0,1,0,0
musa-acuminata-freshripe-4d4829ec-2653-11ec-8f9a-d8c4975e38aa_jpg.rf.97VZKnpGQvuD738EEMnK.jpg,1,0,0,0,0,0
musa-acuminata-overripe-7daa969a-2653-11ec-9633-d8c4975e38aa_jpg.rf.9GB3xQD7Qg2gL8eI4vmY.jpg,0,0,1,0,1,0
musa-acuminata-ripe-9b8ca127-1d0a-11ec-961a-d8c4975e38aa_jpg.rf.9Nvo3dBmyT4ue4PHK7Vs.jpg,0,0,0,1,1,0
musa-acuminata-rotten-821fe848-2653-11ec-8cc0-d8c4975e38aa_jpg.rf.9m5eY25FUC0y7PQMy1pa.jpg,0,0,0,0,1,0
musa-acuminata-rotten-886553f8-2653-11ec-a0ca-d8c4975e38aa_jpg.rf.9xwatHUKqBmqrHqy5hRt.jpg,0,0,0,0,1,0
musa-acuminata-ripe-7451d893-2653-11ec-8163-d8c4975e38aa_jpg.rf.A0QPWzQILq6bYxYz6N2P.jpg,0,0,0,0,1,0
musa-acuminata-unripe-53ad92e8-2653-11ec-a6e5-d8c4975e38aa---Copy_jpg.rf.A14GiRIgBiTHEqUqMXvx.jpg,0,0,0,0,0,1
musa-acuminata-freshunripe-71da8c6b-1d0a-11ec-9e05-d8c4975e38aa_jpg.rf.AUGgUDutjBxhyXdSFEGz.jpg,0,1,0,0,0,0
musa-acuminata-freshunripe-681fb712-1d0a-11ec-ac1f-d8c4975e38aa_jpg.rf.AkeRvjUttize3UXTeSX0.jpg,0,1,0,0,0,0
musa-acuminata-banana-faf7dadc-394a-11ec-adc3-d8c4975e38aa_jpg.rf.HI3VhaJYSMvJhA5ylzBT.jpg,1,0,0,1,0,0
musa-acuminata-banana-ff710b2d-394a-11ec-9200-d8c4975e38aa_jpg.rf.HcEO9iTyxPwizN49EQle.jpg,1,0,0,1,0,0
musa-acuminata-banana-83032e15-394a-11ec-a988-d8c4975e38aa_jpg.rf.HVYHIZVacGUCeuU3EkMD.jpg,0,0,1,0,1,0
musa-acuminata-freshripe-7e7992f7-1d0a-11ec-96a1-d8c4975e38aa_jpg.rf.7tQogGeFxz2JHgtGYea3.jpg,1,0,0,0,0,0
musa-acuminata-freshunripe-66974e60-1d0a-11ec-bcb6-d8c4975e38aa_jpg.rf.HY5bv4mQgMTzd0RvnMfO.jpg,0,1,0,0,0,0
musa-acuminata-unripe-622c8f1b-2653-11ec-a57d-d8c4975e38aa---Copy_jpg.rf.7QihmUAYtndJ6qXWgptq.jpg,0,0,0,0,0,1
musa-acuminata-unripe-572b5b13-2653-11ec-9362-d8c4975e38aa---Copy_jpg.rf.HSa6gqqD73bdTIs9tTa9.jpg,0,0,0,0,1,1
musa-acuminata-ripe-708a2d68-2653-11ec-b1f2-d8c4975e38aa_jpg.rf.BlpR8TWrBoTIvao4Ur1X.jpg,0,0,0,0,1,0
musa-acuminata-ripe-9295644e-1d0a-11ec-adf8-d8c4975e38aa_jpg.rf.BoV4LeCVwdgk78W61qUc.jpg,0,0,0,1,0,0
musa-acuminata-banana-af9e96a7-394a-11ec-a8b0-d8c4975e38aa_jpg.rf.BpmISYgiFoo08mLjUkrE.jpg,1,0,0,0,0,0
musa-acuminata-banana-c6e3e493-394a-11ec-a6f9-d8c4975e38aa_jpg.rf.BrnJSEsSfe5PcRjleNhx.jpg,1,0,0,0,0,0
musa-acuminata-unripe-8fdfd0bd-1d0a-11ec-8ffd-d8c4975e38aa-1-_jpg.rf.Bu6dCuRhAXjXW8iTcwZu.jpg,0,0,0,0,0,1
musa-acuminata-banana-dc58cd2a-394a-11ec-b182-d8c4975e38aa_jpg.rf.BziAfa8oDixR5qjKspwg.jpg,0,0,0,1,0,0
musa-acuminata-overripe-80254829-2653-11ec-a899-d8c4975e38aa_jpg.rf.C6ejXOmLMXaajmmTp5x6.jpg,0,0,1,0,0,0
musa-acuminata-rotten-87ba1080-2653-11ec-acd7-d8c4975e38aa_jpg.rf.C9fqmQNUTJjkRcS6SfOm.jpg,0,0,0,0,1,0
musa-acuminata-rotten-a35eb494-1d0a-11ec-881e-d8c4975e38aa_jpg.rf.CQAgud77GAuZtSeYy1Fq.jpg,0,0,0,0,1,0
musa-acuminata-banana-b8105cfa-4037-11ec-8aca-94b86d66fd1d_jpg.rf.CRTwnF9V51ROLPidj90g.jpg,0,1,0,0,0,1
musa-acuminata-mold-e543f983-1d0a-11ec-bbdb-d8c4975e38aa_jpg.rf.CvUwWeAtJlgLVTsqd9ag.jpg,0,0,1,0,0,0
musa-acuminata-unripe-5b0618d4-2653-11ec-bfac-d8c4975e38aa---Copy_jpg.rf.qI4AvnkcvL1egkM0y1JO.jpg,0,0,0,0,1,1
musa-acuminata-freshripe-45204a7e-2653-11ec-997c-d8c4975e38aa_jpg.rf.qL4Pcw9J6SliEK26W2Vd.jpg,1,0,0,0,0,0
musa-acuminata-banana-aabf591d-394a-11ec-b913-d8c4975e38aa_jpg.rf.qLYiRCQg0pmqfQuX8vA5.jpg,0,0,1,1,0,0
musa-acuminata-freshripe-48aec0e8-2653-11ec-b2ce-d8c4975e38aa_jpg.rf.qNXzkLfvbvRdh51gkY5r.jpg,1,0,0,0,0,0
musa-acuminata-banana-b4eaa7f3-394a-11ec-b7ed-d8c4975e38aa_jpg.rf.HU8LAP87fTmKYgb9r2iM.jpg,0,0,0,1,0,0
musa-acuminata-rotten-86579a01-2653-11ec-930d-d8c4975e38aa_jpg.rf.BBNsJ475H6InhBZfOqc8.jpg,0,0,0,0,1,0
musa-acuminata-mold-e38fceeb-1d0a-11ec-8ec3-d8c4975e38aa_jpg.rf.BGuXcL8Ao8i0hxH1EzYU.jpg,0,0,1,0,1,0
musa-acuminata-banana-e8dfe66f-394a-11ec-8fc7-d8c4975e38aa_jpg.rf.BW50HiUk9461ul6hi6Sn.jpg,1,0,0,1,0,0
musa-acuminata-rotten-bd19172a-1d0a-11ec-936a-d8c4975e38aa_jpg.rf.BKJY4OavxoDXSlfCMoAv.jpg,0,0,0,0,1,0
musa-acuminata-freshunripe-68d596f7-1d0a-11ec-a810-d8c4975e38aa_jpg.rf.r081BAbP07dPWFJnVKoE.jpg,0,1,0,0,0,0
musa-acuminata-ripe-6ab88a03-2653-11ec-bb37-d8c4975e38aa_jpg.rf.rFdhy3p9jQYSQ3SgkCqF.jpg,0,0,0,1,0,0
musa-acuminata-banana-d60bc794-4037-11ec-80b9-94b86d66fd1d_jpg.rf.rG4kANYLLMeCP5Isvjmq.jpg,1,0,0,0,0,0
musa-acuminata-banana-9dfc172b-394a-11ec-b28b-d8c4975e38aa_jpg.rf.rMcMM6HoH3W6pU7VQcgl.jpg,0,0,1,0,1,0
musa-acuminata-banana-858086cf-394a-11ec-918b-d8c4975e38aa_jpg.rf.rXlPaAp3Z7iSWhZLWZ9D.jpg,0,0,0,1,1,0
musa-acuminata-unripe-84cb8cdb-1d0a-11ec-97f7-d8c4975e38aa-1-_jpg.rf.rahuiNK5LNfAzvobW7UR.jpg,0,0,0,0,1,1
musa-acuminata-banana-dab3b9de-4037-11ec-a009-94b86d66fd1d_jpg.rf.re3RwyVxKYZ0bGPQXeAm.jpg,1,0,0,1,0,0
musa-acuminata-ripe-95dc5b66-1d0a-11ec-9bee-d8c4975e38aa_jpg.rf.re7nSaWDAGoaV1PYHxi5.jpg,0,0,0,1,1,0
musa-acuminata-freshripe-7d5ae680-1d0a-11ec-a91a-d8c4975e38aa_jpg.rf.rwHcuQ3GkdHiwhhthVN5.jpg,1,0,0,0,0,0
musa-acuminata-mold-e1a9970f-1d0a-11ec-b72a-d8c4975e38aa_jpg.rf.sAr6Fq7cz1vmm7MLGgCb.jpg,0,0,1,0,1,0
musa-acuminata-banana-a63593df-394a-11ec-862a-d8c4975e38aa_jpg.rf.sKhjlKFmsmEKh1RskKkQ.jpg,0,0,1,0,1,0
musa-acuminata-freshunripe-6f32f9d0-1d0a-11ec-9333-d8c4975e38aa_jpg.rf.sZ40mkUGD2z0LBNoDsbc.jpg,0,1,0,0,0,0
musa-acuminata-unripe-83cc729d-1d0a-11ec-a3df-d8c4975e38aa-1-_jpg.rf.scQupPClsUeZQEAgNlwD.jpg,0,0,0,0,0,1
musa-acuminata-ripe-6bff1171-2653-11ec-99b4-d8c4975e38aa_jpg.rf.ssNKRpeEUX9N0xCPxgXZ.jpg,0,0,0,1,0,0
musa-acuminata-overripe-9ec54b2a-1d0a-11ec-8a5e-d8c4975e38aa_jpg.rf.st3v7YWoNWscK04bHb9F.jpg,0,0,1,0,0,0
musa-acuminata-banana-8df3bd25-394a-11ec-8b4d-d8c4975e38aa_jpg.rf.qcGqTD2ypHtxRolbFwwu.jpg,0,0,0,0,1,0
musa-acuminata-ripe-91a97144-1d0a-11ec-b38e-d8c4975e38aa_jpg.rf.qhCGxypFipx0WCnEfcX9.jpg,0,0,0,1,0,0
musa-acuminata-banana-cd937af3-4037-11ec-8055-94b86d66fd1d_jpg.rf.qrM11DtCat9DEIPHKYh0.jpg,0,0,0,1,0,0
musa-acuminata-ripe-93d72791-1d0a-11ec-a697-d8c4975e38aa_jpg.rf.qr5mQrDEpSH66EeuOOOj.jpg,0,0,0,1,0,0
musa-acuminata-freshunripe-669a4d12-1d0a-11ec-b86c-d8c4975e38aa_jpg.rf.qlicRxRAVAf88VQTHOlP.jpg,0,1,0,0,0,0
musa-acuminata-unripe-8b7f9b2c-1d0a-11ec-bfb3-d8c4975e38aa-1-_jpg.rf.tYdPzxvFrohZKDnRM8ke.jpg,0,0,0,0,0,1
musa-acuminata-overripe-9fc45210-1d0a-11ec-b02b-d8c4975e38aa_jpg.rf.NwmvTsL3ZV6DKfaFZ85y.jpg,0,0,1,0,0,0
musa-acuminata-ripe-6b55d849-2653-11ec-afb3-d8c4975e38aa_jpg.rf.OSqaoWDqrsG1mvAiaS50.jpg,0,0,0,1,0,0
musa-acuminata-freshripe-44096e76-2653-11ec-9988-d8c4975e38aa_jpg.rf.OV8irrQDOo5JTh5J5ElT.jpg,1,0,0,0,0,0
musa-acuminata-banana-b3b4e45f-394a-11ec-8059-d8c4975e38aa_jpg.rf.OVgn60XowqT8INHyW6ul.jpg,1,0,0,0,0,0
musa-acuminata-mold-e2ad636c-1d0a-11ec-a269-d8c4975e38aa_jpg.rf.OgOwfvszQ05bX8mlum2p.jpg,0,0,1,0,1,0
musa-acuminata-banana-c8854d6b-394a-11ec-bd45-d8c4975e38aa_jpg.rf.szvPhzPgcxYa109Ujpll.jpg,1,0,0,0,0,0
musa-acuminata-unripe-88c7a6a7-1d0a-11ec-a0e3-d8c4975e38aa-1-_jpg.rf.tGVZCYJjYtBcxjuK1Adc.jpg,0,0,0,0,0,1
musa-acuminata-banana-e2786dbf-394a-11ec-af87-d8c4975e38aa_jpg.rf.tHWgE8Xxoqf8Zlo9GNNI.jpg,1,0,0,1,0,0
musa-acuminata-banana-aaff9bc2-394a-11ec-b139-d8c4975e38aa_jpg.rf.t6yS1xAts4DhnFh3uTo6.jpg,0,0,1,1,1,0
musa-acuminata-freshunripe-285de673-2653-11ec-ba0e-d8c4975e38aa_jpg.rf.tQ7djzUto5ljhrWRLDhz.jpg,0,1,0,0,0,0
musa-acuminata-banana-a5247a45-394a-11ec-874b-d8c4975e38aa_jpg.rf.QNIGcqBXaqevFs7sHrw4.jpg,0,0,1,0,0,0
musa-acuminata-unripe-8654ce5d-1d0a-11ec-8c46-d8c4975e38aa-1-_jpg.rf.QOjf573PtFMCOh6haBWw.jpg,0,0,0,0,1,1
musa-acuminata-rotten-856c394e-2653-11ec-8540-d8c4975e38aa_jpg.rf.QevbZHVzzLZ8QPXZnaml.jpg,0,0,0,0,1,0
musa-acuminata-banana-b6f4c951-394a-11ec-ad6e-d8c4975e38aa_jpg.rf.QzFTD55O255UMoawoOvU.jpg,0,0,0,1,0,0
musa-acuminata-overripe-a167cd8d-1d0a-11ec-adbb-d8c4975e38aa_jpg.rf.RDGj9YXFswAAX5py74RP.jpg,0,0,1,0,0,0
musa-acuminata-banana-910cda48-394a-11ec-a87b-d8c4975e38aa_jpg.rf.RVT0HABSzPGuc3UzC9HC.jpg,0,0,1,0,1,0
musa-acuminata-overripe-7d56ba93-2653-11ec-b3d6-d8c4975e38aa_jpg.rf.Ra3w20UyZ8zAnx3a0mFD.jpg,0,0,1,0,1,0
musa-acuminata-banana-e53229af-394a-11ec-a5ce-d8c4975e38aa_jpg.rf.RaYU0bxreAK1v4ojblsE.jpg,0,0,0,1,0,0
musa-acuminata-unripe-872b5345-1d0a-11ec-9c12-d8c4975e38aa-1-_jpg.rf.PUXieTOV837x5UEBkkWG.jpg,0,0,0,0,1,1
musa-acuminata-banana-b79e4039-4037-11ec-a66b-94b86d66fd1d_jpg.rf.OwIPG2VO988FDJ19HsF1.jpg,0,1,0,0,0,1
musa-acuminata-unripe-87ec617b-1d0a-11ec-b439-d8c4975e38aa-1-_jpg.rf.PoPHt8uOcJYgGjVhDjB2.jpg,0,0,0,0,1,1
musa-acuminata-banana-e7fd7588-394a-11ec-8ab6-d8c4975e38aa_jpg.rf.P2dXIeveia51BeXS0J20.jpg,0,0,0,1,0,0
musa-acuminata-overripe-9d66efa7-1d0a-11ec-bb27-d8c4975e38aa_jpg.rf.P1r4C3oMyV2AscDdrb4s.jpg,0,0,1,0,0,0
musa-acuminata-banana-9a020b3f-4037-11ec-8602-94b86d66fd1d_jpg.rf.PfVDEbaqW7BUo7sUCNCN.jpg,1,0,0,0,0,0
musa-acuminata-ripe-70dd98b8-2653-11ec-9c0c-d8c4975e38aa_jpg.rf.PQklZC1sK3MtW22zrAVx.jpg,0,0,0,0,1,0
musa-acuminata-mold-e56a1c19-1d0a-11ec-9d4b-d8c4975e38aa_jpg.rf.PCHfMdQFX6QXgFDdvlKS.jpg,0,0,1,0,1,0
musa-acuminata-banana-8e41d5c6-394a-11ec-942c-d8c4975e38aa_jpg.rf.QEVvbPxcnHRkNA2ciyre.jpg,0,0,0,0,1,0
musa-acuminata-rotten-8a688177-2653-11ec-9d98-d8c4975e38aa_jpg.rf.OnOgMSpiHuDubTeqzPIR.jpg,0,0,0,0,1,0
musa-acuminata-freshunripe-744de322-1d0a-11ec-8275-d8c4975e38aa_jpg.rf.POarvgZrpaQZEix06jYZ.jpg,0,1,0,0,0,0
musa-acuminata-banana-c532fcb6-394a-11ec-a1f7-d8c4975e38aa_jpg.rf.QEykpJtYxmWq6HS0TaUG.jpg,1,0,0,1,0,0
musa-acuminata-rotten-b5f92e04-1d0a-11ec-b94f-d8c4975e38aa_jpg.rf.Q1TAiYt1VEt0PTEKVUyC.jpg,0,0,0,0,1,0
musa-acuminata-ripe-993401a1-1d0a-11ec-b770-d8c4975e38aa_jpg.rf.QI3SAjfDj31vA7IWwkcQ.jpg,0,0,0,1,1,0
musa-acuminata-rotten-aa9d5395-1d0a-11ec-87be-d8c4975e38aa_jpg.rf.ff9pEP3qTwxgdQqJtMKk.jpg,0,0,0,0,1,0
musa-acuminata-banana-c6a3c751-394a-11ec-ad90-d8c4975e38aa_jpg.rf.fqgBMOIHYyVcbIPeqvME.jpg,1,0,0,0,0,0
musa-acuminata-overripe-7517ab73-2653-11ec-81dc-d8c4975e38aa_jpg.rf.fw8SR1Vi8jti13b9heN4.jpg,0,0,1,0,0,0
musa-acuminata-freshunripe-2aefb966-2653-11ec-bc72-d8c4975e38aa_jpg.rf.gBIGGaTjq1FeBPAT5JSg.jpg,0,1,0,0,0,0
musa-acuminata-ripe-70345fa4-2653-11ec-96a5-d8c4975e38aa_jpg.rf.gaFNhvZo8RU65ZB8e7oY.jpg,0,0,0,0,1,0
musa-acuminata-banana-ff1b722f-394a-11ec-beb4-d8c4975e38aa_jpg.rf.S0hYnVOjfdoZrWKe7Iq9.jpg,1,0,0,1,0,0
musa-acuminata-banana-c589d4ff-394a-11ec-a0fb-d8c4975e38aa_jpg.rf.S0f2GMHLRInPwSLVJRk5.jpg,1,0,0,1,0,0
musa-acuminata-overripe-7d814a35-2653-11ec-860a-d8c4975e38aa_jpg.rf.gOv5PxyGVRc3Z8Ez3ZcW.jpg,0,0,1,0,1,0
musa-acuminata-freshunripe-63510a1b-1d0a-11ec-b5e5-d8c4975e38aa_jpg.rf.ggvXEi7VMZErWG7HjLp4.jpg,0,1,0,0,0,0
musa-acuminata-banana-892fbc76-394a-11ec-9455-d8c4975e38aa_jpg.rf.gIeVhwFX93M4wDb8SIEb.jpg,0,0,0,0,1,0
musa-acuminata-rotten-82aeedfb-2653-11ec-bd76-d8c4975e38aa_jpg.rf.S26ucz52ptTwUt28ScX4.jpg,0,0,0,0,1,0
musa-acuminata-banana-ffc819c4-394a-11ec-86c8-d8c4975e38aa_jpg.rf.ggG8lrJc53oHFIS22neN.jpg,1,0,0,1,0,0
musa-acuminata-banana-f25ee8d6-394a-11ec-a26e-d8c4975e38aa_jpg.rf.g5pkwnn0loOJfcDh1owM.jpg,1,0,0,1,0,0
musa-acuminata-unripe-863f5af9-1d0a-11ec-94e7-d8c4975e38aa-1-_jpg.rf.gwWthAWMASZtx8Qgbd7U.jpg,0,0,0,0,1,1
musa-acuminata-overripe-9c527416-1d0a-11ec-a08c-d8c4975e38aa_jpg.rf.gkvknGBwJRGgGDKJWnbn.jpg,0,0,1,0,0,0
musa-acuminata-banana-fe5413d3-394a-11ec-b4ab-d8c4975e38aa_jpg.rf.h5pdaIoO2hRXPd8NBKJr.jpg,1,0,0,1,0,0
musa-acuminata-ripe-9326c7ea-1d0a-11ec-b175-d8c4975e38aa_jpg.rf.h9brVC0lU09Bk529E7vK.jpg,0,0,0,1,0,0
musa-acuminata-banana-b2ecfef7-394a-11ec-975c-d8c4975e38aa_jpg.rf.hKHQL32DCNqEU280Aru8.jpg,1,0,0,0,0,0
musa-acuminata-mold-e3a542c7-1d0a-11ec-b620-d8c4975e38aa_jpg.rf.h6mezvvhe321ogrFOuUP.jpg,0,0,1,0,0,0
musa-acuminata-banana-eacf4e85-394a-11ec-af25-d8c4975e38aa_jpg.rf.gjLaMf3mkmQyR9qfjHuD.jpg,0,0,0,1,0,0
musa-acuminata-unripe-909c1b48-1d0a-11ec-b5c8-d8c4975e38aa-1-_jpg.rf.hAoeyNYPcAz6CiDmFMrA.jpg,0,0,0,0,0,1
musa-acuminata-banana-df39c40b-394a-11ec-aa74-d8c4975e38aa_jpg.rf.hOLL6IrmwGwuV3is33Se.jpg,0,0,0,1,0,0
musa-acuminata-overripe-a0724f83-1d0a-11ec-be5e-d8c4975e38aa_jpg.rf.hUz8aO1Tze6xfN0CIM7K.jpg,0,0,1,0,1,0
musa-acuminata-banana-97e867f9-394a-11ec-a069-d8c4975e38aa_jpg.rf.hQA9DIiKrvmtiDgWXzOX.jpg,0,0,1,0,0,0
musa-acuminata-overripe-7e5aa5ce-2653-11ec-9150-d8c4975e38aa_jpg.rf.hctYxFfoFAzeIDCv2xHg.jpg,0,0,1,0,0,0
musa-acuminata-banana-f0ac4905-394a-11ec-ac19-d8c4975e38aa_jpg.rf.gctkoWWnZ6qOleSMiyp6.jpg,1,0,0,0,0,0
musa-acuminata-banana-ab73b60f-394a-11ec-8b29-d8c4975e38aa_jpg.rf.iG3Rjl9xB5TkJDFqzS90.jpg,0,0,1,1,0,0
musa-acuminata-unripe-544fa6cb-2653-11ec-a152-d8c4975e38aa---Copy_jpg.rf.guXwzrIl5HC0knJAGfHX.jpg,0,0,0,0,0,1
musa-acuminata-unripe-876949d9-1d0a-11ec-ad90-d8c4975e38aa-1-_jpg.rf.i7GlnFVmKsruLsBYB6fj.jpg,0,0,0,0,0,1
musa-acuminata-freshripe-7e5a0dee-1d0a-11ec-9eac-d8c4975e38aa_jpg.rf.i6unp0viH1ZxRpz0OAvx.jpg,1,0,0,0,0,0
musa-acuminata-banana-bfc1b02a-4037-11ec-88ac-94b86d66fd1d_jpg.rf.VJMBsLJcEppGU2LwZ1jr.jpg,1,0,0,0,0,0
musa-acuminata-freshripe-44960c7a-2653-11ec-83aa-d8c4975e38aa_jpg.rf.VJtPVLWHyZFl2HF3ifIa.jpg,1,0,0,0,0,0
musa-acuminata-ripe-6e3fdb12-2653-11ec-bc33-d8c4975e38aa_jpg.rf.VRdBRIvyCO2McauPqk94.jpg,0,0,0,1,1,0
musa-acuminata-banana-89375061-394a-11ec-87b5-d8c4975e38aa_jpg.rf.VV7YAp2UHnwdPyxZLuAf.jpg,0,0,0,0,1,0
musa-acuminata-rotten-83854db5-2653-11ec-b840-d8c4975e38aa_jpg.rf.VYmTM4QmnZEsVwdKu6YI.jpg,0,0,0,0,1,0
musa-acuminata-overripe-7654aa33-2653-11ec-812a-d8c4975e38aa_jpg.rf.Vaf4fIaHWlfbwh3AEkZ9.jpg,0,0,1,0,0,0
musa-acuminata-freshunripe-2c448d98-2653-11ec-a2cf-d8c4975e38aa_jpg.rf.WBdtXOrhZdG7go4tc8Bp.jpg,0,1,0,0,0,0
musa-acuminata-unripe-618f40c8-2653-11ec-99f4-d8c4975e38aa---Copy_jpg.rf.WE9Yqzf3BmgP3AevG7o6.jpg,0,0,0,0,0,1
musa-acuminata-mold-e6a4b8ae-1d0a-11ec-8eba-d8c4975e38aa_jpg.rf.iqyBVwzMXJFTG7s7rGds.jpg,0,0,1,0,0,0
musa-acuminata-banana-bf455b1d-394a-11ec-8de3-d8c4975e38aa_jpg.rf.i3lsVwTQtcZtBU0qqLaY.jpg,1,0,0,1,0,0
musa-acuminata-rotten-844473fa-2653-11ec-9706-d8c4975e38aa_jpg.rf.i7Rq34ooIappdXboeCn6.jpg,0,0,0,0,1,0
musa-acuminata-freshunripe-2cfe75ce-2653-11ec-9971-d8c4975e38aa_jpg.rf.UdZR6Cu6GmJs1spHW22v.jpg,0,1,0,0,0,0
musa-acuminata-rotten-b43cabb7-1d0a-11ec-b349-d8c4975e38aa_jpg.rf.UmGgeD0uz5CLiXO5P3jg.jpg,0,0,0,0,1,0
musa-acuminata-mold-e2b2266a-1d0a-11ec-9d1d-d8c4975e38aa_jpg.rf.UsXSiCntLBPs491mOBuP.jpg,0,0,1,0,1,0
musa-acuminata-mold-e406faed-1d0a-11ec-8508-d8c4975e38aa_jpg.rf.UuCPO9wNX0YLGJYa3TQl.jpg,0,0,1,0,1,0
musa-acuminata-banana-88f20c51-394a-11ec-b9fe-d8c4975e38aa_jpg.rf.UnRSWGDh0ywTHoriA4nB.jpg,0,0,1,0,1,0
musa-acuminata-banana-f90d8e6e-394a-11ec-b59e-d8c4975e38aa_jpg.rf.V8CiiWzpjsWQoljrMtv5.jpg,0,0,0,1,0,0
musa-acuminata-rotten-8aca0c73-2653-11ec-a776-d8c4975e38aa_jpg.rf.UtfB64It43t8kQoQV2jX.jpg,0,0,0,0,1,0
musa-acuminata-freshunripe-2805b699-2653-11ec-b6d9-d8c4975e38aa_jpg.rf.XAtRukxt2VhCTAR84AIx.jpg,0,1,0,0,0,0
musa-acuminata-banana-9a657b7d-4037-11ec-8475-94b86d66fd1d_jpg.rf.XAxo2tuyG6QyDqXpjudQ.jpg,1,0,0,0,0,0
musa-acuminata-banana-ad3b6ff3-394a-11ec-90db-d8c4975e38aa_jpg.rf.XGNDxA6YVUJaPeNOPlSN.jpg,0,0,1,1,1,0
musa-acuminata-rotten-8b5c8088-2653-11ec-ac51-d8c4975e38aa_jpg.rf.XJCLnVtSOLd0FoIJGupE.jpg,0,0,0,0,1,0
musa-acuminata-freshunripe-75378113-1d0a-11ec-b6d5-d8c4975e38aa_jpg.rf.XTFiQrrCpkTyRY0HDnt3.jpg,0,1,0,0,0,0
musa-acuminata-ripe-6f460868-2653-11ec-84c5-d8c4975e38aa_jpg.rf.XiTKmPC1lY1aEU4aCXtz.jpg,0,0,0,1,1,0
musa-acuminata-overripe-74f8af6d-2653-11ec-92b8-d8c4975e38aa_jpg.rf.Y8sxc8JGD6VMLB5RhMJs.jpg,0,0,1,0,0,0
musa-acuminata-banana-c53f8fd8-394a-11ec-8e56-d8c4975e38aa_jpg.rf.YHTT1uO2QpSQwRQX3qIb.jpg,1,0,0,1,0,0
musa-acuminata-banana-afbe52c3-4037-11ec-a6cd-94b86d66fd1d_jpg.rf.mniAmZOBemgLmdQ98DWd.jpg,0,1,0,0,0,0
musa-acuminata-banana-b2565768-4037-11ec-93db-94b86d66fd1d_jpg.rf.mvQjrPNea23z1qkZQuRS.jpg,0,1,0,0,0,1
musa-acuminata-banana-fe5dc75b-394a-11ec-bbc1-d8c4975e38aa_jpg.rf.n0ixIitM4aen51nHYNBj.jpg,1,0,0,1,0,0
musa-acuminata-unripe-815b861d-1d0a-11ec-8283-d8c4975e38aa-1-_jpg.rf.n3s7TlxOJ2WTdgCtZyyn.jpg,0,0,0,0,1,1
musa-acuminata-mold-e5465d0c-1d0a-11ec-b223-d8c4975e38aa_jpg.rf.n4w0kegoSRT2ficDlOsx.jpg,0,0,1,0,0,0
musa-acuminata-banana-b697ba67-394a-11ec-9568-d8c4975e38aa_jpg.rf.nDJ33H0Qt9XWb1TJTsGp.jpg,1,0,0,1,1,0
musa-acuminata-freshunripe-31872f8c-2653-11ec-a1b0-d8c4975e38aa_jpg.rf.nEdPmOEKwMo7A7FZ8bEI.jpg,0,1,0,0,0,0
musa-acuminata-freshripe-47b47fdf-2653-11ec-9471-d8c4975e38aa_jpg.rf.nYXuRwWWmX2uZP6ezBGR.jpg,1,0,0,0,0,0
musa-acuminata-unripe-8b7ad79f-1d0a-11ec-86e3-d8c4975e38aa-1-_jpg.rf.nb5UWEcEe77ukFoFZa9i.jpg,0,0,0,0,0,1
musa-acuminata-unripe-81bd3eac-1d0a-11ec-b2d8-d8c4975e38aa-1-_jpg.rf.WEl9eSU42k2dUNCSRYyg.jpg,0,0,0,0,0,1
musa-acuminata-unripe-54b621f2-2653-11ec-b08b-d8c4975e38aa---Copy_jpg.rf.WRB9A3jVfeBBRfm7HK5h.jpg,0,0,0,0,1,1
musa-acuminata-freshripe-77e9ade7-1d0a-11ec-ad7c-d8c4975e38aa_jpg.rf.X4DJHEWxRM5UiN0cgPjp.jpg,1,0,0,0,0,0
musa-acuminata-banana-abef4369-394a-11ec-8879-d8c4975e38aa_jpg.rf.WGXUsryRKcZVlRITfiHk.jpg,0,0,1,1,0,0
musa-acuminata-banana-b6fcf890-394a-11ec-b06b-d8c4975e38aa_jpg.rf.WVsIJsRfeHUDOpc3ag35.jpg,0,0,0,1,0,0
musa-acuminata-unripe-8bd7cd4f-1d0a-11ec-9a12-d8c4975e38aa-1-_jpg.rf.X6msWruuUHoQhLPLpm0O.jpg,0,0,0,0,0,1
musa-acuminata-banana-8a7b5659-394a-11ec-9254-d8c4975e38aa_jpg.rf.WsPNmetrPTaMa2coZmcu.jpg,0,0,0,0,1,0
musa-acuminata-unripe-84c203f8-1d0a-11ec-a022-d8c4975e38aa-1-_jpg.rf.ndRhkYuOJqV7At3s0bBQ.jpg,0,0,0,0,1,1
musa-acuminata-banana-840b520e-394a-11ec-a630-d8c4975e38aa_jpg.rf.ndeWIwcSlCz2ZFbzO2hc.jpg,0,0,1,0,1,0
musa-acuminata-overripe-a18df165-1d0a-11ec-b4a0-d8c4975e38aa_jpg.rf.njAuB2XfUWVphucQZqBX.jpg,0,0,1,0,0,0
musa-acuminata-overripe-74d75172-2653-11ec-9d18-d8c4975e38aa_jpg.rf.o2r8WOcolgyvCeW0Ci14.jpg,0,0,1,0,0,0
musa-acuminata-ripe-6b2fb5eb-2653-11ec-a31d-d8c4975e38aa_jpg.rf.oAudvdGN2LeifTkqdegd.jpg,0,0,0,1,0,0
musa-acuminata-overripe-9be9966f-1d0a-11ec-b5a1-d8c4975e38aa_jpg.rf.oNk5XELBuuE4ALf39xxJ.jpg,0,0,1,0,0,0
musa-acuminata-ripe-945317b3-1d0a-11ec-b543-d8c4975e38aa_jpg.rf.oXUEn7andaDTpwWudQaD.jpg,0,0,0,1,0,0
musa-acuminata-ripe-920662f2-1d0a-11ec-9bb1-d8c4975e38aa_jpg.rf.ocmG4tf7RPQBIYZ44EHZ.jpg,0,0,0,1,0,0
musa-acuminata-freshripe-43e5acf0-2653-11ec-8350-d8c4975e38aa_jpg.rf.ogZq8E76AEZuZ3jf8TGI.jpg,1,0,0,0,0,0
musa-acuminata-unripe-8882870b-1d0a-11ec-8fd5-d8c4975e38aa-1-_jpg.rf.okT3VXujZbVHXEqKvUC0.jpg,0,0,0,0,0,1
musa-acuminata-rotten-bd0c56d8-1d0a-11ec-abd4-d8c4975e38aa_jpg.rf.or9It4FEUrVlc80AufS3.jpg,0,0,0,0,1,0
musa-acuminata-banana-aa93b07d-394a-11ec-8a5f-d8c4975e38aa_jpg.rf.nbVDCAwFE8wTdaZSvd1W.jpg,0,0,1,0,1,0
musa-acuminata-rotten-88635b8d-2653-11ec-b12c-d8c4975e38aa_jpg.rf.oqmQsASQ86ViWu6sDLVB.jpg,0,0,0,0,1,0
musa-acuminata-freshripe-7b3779c1-1d0a-11ec-bd5b-d8c4975e38aa_jpg.rf.oxRHfD5jQsmI28FOzSH9.jpg,1,0,0,0,0,0
musa-acuminata-rotten-8204b6e4-2653-11ec-88a5-d8c4975e38aa_jpg.rf.ooforvdT2wuU3U4MTsTd.jpg,0,0,0,0,1,0
musa-acuminata-mold-e204290c-1d0a-11ec-8719-d8c4975e38aa_jpg.rf.opv9dx7orsgnCthHmqq5.jpg,0,0,1,0,1,0
musa-acuminata-banana-dd889a7a-394a-11ec-abb9-d8c4975e38aa_jpg.rf.p4B3XszuJrf3kR0LYRdf.jpg,0,0,0,1,0,0
musa-acuminata-rotten-bf82603d-1d0a-11ec-a260-d8c4975e38aa_jpg.rf.pCe7emDKqoNSzLzt5oLF.jpg,0,0,0,0,1,0
musa-acuminata-rotten-b5763aaf-1d0a-11ec-903c-d8c4975e38aa_jpg.rf.p8CKWOTi3mydRMIbkmQM.jpg,0,0,0,0,1,0
musa-acuminata-banana-83dc79d1-394a-11ec-8f35-d8c4975e38aa_jpg.rf.0iiWQJZKLAJIHJgR31vN.jpg,0,0,1,0,0,0
musa-acuminata-freshripe-50a95877-2653-11ec-b6ae-d8c4975e38aa_jpg.rf.pWvyf1nC21wQS8fSJ4VQ.jpg,1,0,0,0,0,0
musa-acuminata-freshunripe-341dc6f0-2653-11ec-aa5a-d8c4975e38aa_jpg.rf.pMYfagkI9a0iHzglgCLi.jpg,0,1,0,0,0,0
musa-acuminata-freshunripe-730f4213-1d0a-11ec-bdbb-d8c4975e38aa_jpg.rf.0oF6mbeAxCJMTtJyOfRr.jpg,0,1,0,0,0,0
musa-acuminata-ripe-923ad28f-1d0a-11ec-a232-d8c4975e38aa_jpg.rf.1HSigTdpwDJ1wwxfcym2.jpg,0,0,0,1,0,0
musa-acuminata-banana-d47d0788-4037-11ec-a542-94b86d66fd1d_jpg.rf.11JsZzCvHxQvsZtWwLDm.jpg,1,0,0,1,0,0
musa-acuminata-freshripe-7cfcc696-1d0a-11ec-a0a1-d8c4975e38aa_jpg.rf.0Z8x30C3gsLN9fj0Riil.jpg,1,0,0,0,0,0
musa-acuminata-rotten-a84200a7-1d0a-11ec-b36e-d8c4975e38aa_jpg.rf.1AaYBd7Etbq6pB00FYHs.jpg,0,0,0,0,1,0
musa-acuminata-mold-e5419768-1d0a-11ec-a664-d8c4975e38aa_jpg.rf.1g0qbPgt8ByJS4ZctYzQ.jpg,0,0,1,0,0,0
musa-acuminata-banana-bf50262a-4037-11ec-b461-94b86d66fd1d_jpg.rf.1XnCXXmM9UAj683eyxHq.jpg,1,0,0,0,0,0
musa-acuminata-banana-b1aeed06-394a-11ec-9a2c-d8c4975e38aa_jpg.rf.22RXu8hBcd2IEKs2hONm.jpg,1,0,0,0,0,0
musa-acuminata-unripe-8adfead6-1d0a-11ec-a0f5-d8c4975e38aa-1-_jpg.rf.1LZAIR9i0mxY1mp6iTCs.jpg,0,0,0,0,0,1
musa-acuminata-ripe-95737c8b-1d0a-11ec-a8f9-d8c4975e38aa_jpg.rf.1LQJ4TQnsWLpEX6eYV2K.jpg,0,0,0,1,1,0
musa-acuminata-mold-e4b75b34-1d0a-11ec-8bb0-d8c4975e38aa_jpg.rf.25oLNDlgZFSVy8cDsdj7.jpg,0,0,1,0,0,0
musa-acuminata-overripe-76229cfa-2653-11ec-8905-d8c4975e38aa_jpg.rf.22tDYLn4vbVNCNgxfbqD.jpg,0,0,1,0,0,0
musa-acuminata-rotten-865c23f6-2653-11ec-8fd2-d8c4975e38aa_jpg.rf.1PpWqqNzoO2NCdrU5QfR.jpg,0,0,0,0,1,0
musa-acuminata-banana-d796aaa0-394a-11ec-960f-d8c4975e38aa_jpg.rf.1SwKfqCg7PnsDYe79P6d.jpg,1,0,0,1,0,0
musa-acuminata-overripe-9c3a9e6c-1d0a-11ec-a5e5-d8c4975e38aa_jpg.rf.29T0ozodT8hqOHIopvgF.jpg,0,0,1,0,0,0
musa-acuminata-banana-f159b663-394a-11ec-896c-d8c4975e38aa_jpg.rf.24DS2kAmScoTN5qsUx6P.jpg,1,0,0,1,0,0
musa-acuminata-overripe-80ddb640-2653-11ec-9a85-d8c4975e38aa_jpg.rf.2WYwgSsCUf8pzPIcwtms.jpg,0,0,1,0,1,0
musa-acuminata-banana-e694208f-394a-11ec-a559-d8c4975e38aa_jpg.rf.2EJQPQP109bVfAZNRFM4.jpg,0,0,0,1,0,0
musa-acuminata-freshunripe-2af47dda-2653-11ec-983e-d8c4975e38aa_jpg.rf.3VbB2IL04w9SSAWXdEKf.jpg,0,1,0,0,0,0
musa-acuminata-banana-f2575630-394a-11ec-a234-d8c4975e38aa_jpg.rf.3Pr7gONdf9c90Uq6L9PM.jpg,1,0,0,1,0,0
musa-acuminata-freshunripe-1e3bac26-2653-11ec-afe4-d8c4975e38aa_jpg.rf.2Ltqcw1Zfkqtd7JbkxLh.jpg,0,1,0,0,0,0
musa-acuminata-banana-ad008aa6-394a-11ec-a0cb-d8c4975e38aa_jpg.rf.2eVscyShDi7ulppnZeSS.jpg,0,0,1,0,1,0
musa-acuminata-banana-a9cc6b32-394a-11ec-91f6-d8c4975e38aa_jpg.rf.1duhSLRFRmF6Hv8r6vOL.jpg,0,0,1,0,1,0
musa-acuminata-banana-863fd8f0-394a-11ec-9f62-d8c4975e38aa_jpg.rf.3ftNbus9K6DQhLeJI8uf.jpg,0,0,1,0,1,0
musa-acuminata-unripe-86d0be93-1d0a-11ec-a9a5-d8c4975e38aa-1-_jpg.rf.Hs7ARveyyLIZykXFRDbf.jpg,0,0,0,0,1,1
musa-acuminata-banana-b2e7fe9f-394a-11ec-a423-d8c4975e38aa_jpg.rf.2l42qqE7cs8P4LJeENh3.jpg,1,0,0,0,0,0
musa-acuminata-overripe-7d4acb07-2653-11ec-a304-d8c4975e38aa_jpg.rf.3ILwf8GnvSZgusO8lZpK.jpg,0,0,1,0,1,0
musa-acuminata-freshripe-7a4c284f-1d0a-11ec-944b-d8c4975e38aa_jpg.rf.3tp0kTdkcSn6Dtagiy8V.jpg,1,0,0,0,0,0
musa-acuminata-banana-c771ca36-4037-11ec-83d7-94b86d66fd1d_jpg.rf.HegjIpAhp74w6cmZbExg.jpg,0,0,0,1,0,0
musa-acuminata-banana-a7fa65c9-394a-11ec-b94d-d8c4975e38aa_jpg.rf.HdUkcbyNA4PXUdHDuaZv.jpg,0,0,1,0,0,0
musa-acuminata-freshunripe-26c3f3a9-2653-11ec-99c8-d8c4975e38aa_jpg.rf.I4gZ2civWbHgIx9mR8d2.jpg,0,1,0,0,0,0
musa-acuminata-ripe-6c2c5a4e-2653-11ec-b142-d8c4975e38aa_jpg.rf.Ht9jWM5Qo2kpKFxbLLcr.jpg,0,0,0,1,0,0
musa-acuminata-banana-f8bd263a-394a-11ec-bc3a-d8c4975e38aa_jpg.rf.IJZgOKhw2D6wPDLJYNV5.jpg,0,0,0,1,0,0
musa-acuminata-freshunripe-6a5c8966-1d0a-11ec-89f5-d8c4975e38aa_jpg.rf.I919KS8eOqHRq5XexMqZ.jpg,0,1,0,0,0,0
musa-acuminata-banana-a110d039-394a-11ec-bf66-d8c4975e38aa_jpg.rf.I5RpLzk2ofIiCjgytZgN.jpg,0,0,0,0,1,0
musa-acuminata-rotten-8c59a558-2653-11ec-9a10-d8c4975e38aa_jpg.rf.2ny9B4jrxRIf8HEb8vtY.jpg,0,0,0,0,1,0
musa-acuminata-overripe-80528160-2653-11ec-be1a-d8c4975e38aa_jpg.rf.IcUn1L4e9Wm109rRPdKU.jpg,0,0,1,0,0,0
musa-acuminata-banana-a926f658-394a-11ec-9f5e-d8c4975e38aa_jpg.rf.J04Q302NrkaPsaylnyTm.jpg,0,0,1,0,1,0
musa-acuminata-freshunripe-2c46efc8-2653-11ec-9454-d8c4975e38aa_jpg.rf.I358XqN0fOGq1H4KGSzC.jpg,0,1,0,0,0,0
musa-acuminata-banana-b74b9ad1-4037-11ec-b04d-94b86d66fd1d_jpg.rf.IYsRotnTOE3DXuu7NYid.jpg,0,1,0,0,0,1
musa-acuminata-banana-d795d728-4037-11ec-940e-94b86d66fd1d_jpg.rf.1dAEtamdBtm0mdgT5PHk.jpg,1,0,0,0,0,0
musa-acuminata-overripe-7cb53e92-2653-11ec-96e3-d8c4975e38aa_jpg.rf.JAeXU3SBCAJIAtRdgivX.jpg,0,0,1,0,0,0
musa-acuminata-overripe-a0ade545-1d0a-11ec-8b60-d8c4975e38aa_jpg.rf.InEbTLqSpCr9OKFFIWlP.jpg,0,0,1,0,0,0
musa-acuminata-overripe-a16ef572-1d0a-11ec-ad02-d8c4975e38aa_jpg.rf.J3Ab1TDabum1SkHOj8kN.jpg,0,0,1,0,1,0
musa-acuminata-unripe-8bd0a769-1d0a-11ec-819b-d8c4975e38aa-1-_jpg.rf.JD0w8dgSuEc36iKEiZU5.jpg,0,0,0,0,0,1
musa-acuminata-freshunripe-75ba6437-1d0a-11ec-9990-d8c4975e38aa_jpg.rf.JLUEL7C9xIxYrG6GulYQ.jpg,0,0,0,0,0,1
musa-acuminata-banana-96c220e3-394a-11ec-b5ca-d8c4975e38aa_jpg.rf.JasxGh5fKA3tr15xB43O.jpg,0,0,1,0,1,0
musa-acuminata-rotten-8f716a28-2653-11ec-9c64-d8c4975e38aa_jpg.rf.JM5cPd4PBL7nSFSmA5AF.jpg,0,0,0,1,1,0
musa-acuminata-banana-ea17298a-394a-11ec-a56e-d8c4975e38aa_jpg.rf.IISKOnKV0o8gliD4TE0f.jpg,1,0,0,1,0,0
musa-acuminata-banana-8dd1676e-394a-11ec-9d0a-d8c4975e38aa_jpg.rf.JbXh6alCi8Jv7PXoptxC.jpg,0,0,0,0,1,0
musa-acuminata-mold-e4e4a331-1d0a-11ec-be06-d8c4975e38aa_jpg.rf.JgSsP6gDBrz8YOVwKsOk.jpg,0,0,1,0,1,0
musa-acuminata-banana-f45954de-394a-11ec-bc7f-d8c4975e38aa_jpg.rf.KTebuAeBT3nkJeDF7cgt.jpg,0,0,0,1,0,0
musa-acuminata-mold-e567bb99-1d0a-11ec-95cb-d8c4975e38aa_jpg.rf.KRj3W20IBrwYT5W8qouV.jpg,0,0,1,0,1,0
musa-acuminata-unripe-57ae72fb-2653-11ec-930f-d8c4975e38aa_jpg.rf.KWYynCWZpv7iby3q3eTg.jpg,0,0,0,0,1,1
musa-acuminata-banana-9dfa6c1b-394a-11ec-8afb-d8c4975e38aa_jpg.rf.YKZpNMq9CuYJjgmfJmZO.jpg,0,0,1,0,1,0
musa-acuminata-banana-f12261b1-394a-11ec-b68d-d8c4975e38aa_jpg.rf.JguRldVaITEqQYbsXiPb.jpg,1,0,0,1,0,0
musa-acuminata-unripe-55b52aee-2653-11ec-aa91-d8c4975e38aa---Copy_jpg.rf.KIEEFmiKnf8wzEM9fRnN.jpg,0,0,0,0,0,1
musa-acuminata-mold-e691a8f1-1d0a-11ec-8d3f-d8c4975e38aa_jpg.rf.YiFz3n3MPMNiXZZP6bfW.jpg,0,0,1,0,0,0
musa-acuminata-unripe-5c0c44b1-2653-11ec-abc7-d8c4975e38aa---Copy_jpg.rf.YLX0nWGlW0ZfjrkCafaF.jpg,0,0,0,0,1,1
musa-acuminata-ripe-980a1418-1d0a-11ec-8756-d8c4975e38aa_jpg.rf.YPqFL5xMSF7vZByO8EOD.jpg,0,0,0,1,1,0
musa-acuminata-unripe-8e1894e1-1d0a-11ec-b9ad-d8c4975e38aa-1-_jpg.rf.Jhk0Gvtv1Xh9S1vvJRv5.jpg,0,1,0,0,0,0
musa-acuminata-unripe-9030da38-1d0a-11ec-982e-d8c4975e38aa-1-_jpg.rf.KbulkwifOqCOH20nKnOs.jpg,0,0,0,0,0,1
musa-acuminata-banana-b4766bdc-394a-11ec-bb45-d8c4975e38aa_jpg.rf.Jte5GRGS3ao9tq8XUB42.jpg,1,0,0,0,0,0
musa-acuminata-overripe-a00bd29a-1d0a-11ec-b8cd-d8c4975e38aa_jpg.rf.b7Jc3uo8nqna9Z5Yu6xE.jpg,0,0,1,0,0,0
musa-acuminata-overripe-9f629af9-1d0a-11ec-8533-d8c4975e38aa_jpg.rf.ZfusduuxOSlvDLkfMF36.jpg,0,0,1,0,0,0
musa-acuminata-freshunripe-747165da-1d0a-11ec-9798-d8c4975e38aa_jpg.rf.cAvntgBwmkmpzNpYHfUT.jpg,0,1,0,0,0,0
musa-acuminata-ripe-6fe81c1a-2653-11ec-b6ae-d8c4975e38aa_jpg.rf.KdXtQiBEJM4hoc1nt8Dm.jpg,0,0,0,1,1,0
musa-acuminata-freshripe-7e907475-1d0a-11ec-a023-d8c4975e38aa_jpg.rf.KdkGAkyyyBGuVH76yw7a.jpg,1,0,0,0,0,0
musa-acuminata-freshripe-7f2e5bf8-1d0a-11ec-81cd-d8c4975e38aa_jpg.rf.b5mfDx7l1z91DKP1uSFr.jpg,1,0,0,0,0,0
musa-acuminata-banana-b0193ea4-394a-11ec-8006-d8c4975e38aa_jpg.rf.Kewca6Buue63xzYNUiaU.jpg,0,0,0,1,0,0
musa-acuminata-ripe-94341b87-1d0a-11ec-8ea1-d8c4975e38aa_jpg.rf.KpEPF52OYr5IqVIxc5lg.jpg,0,0,0,1,0,0
musa-acuminata-banana-a044d52f-394a-11ec-b77c-d8c4975e38aa_jpg.rf.ax18d2L8CP5a1uEn6vHv.jpg,0,0,0,0,1,0
musa-acuminata-freshripe-799a684d-1d0a-11ec-8311-d8c4975e38aa_jpg.rf.Ktk0dtR9uHsNKM6fIceG.jpg,1,0,0,0,0,0
musa-acuminata-mold-e4f5543b-1d0a-11ec-a34b-d8c4975e38aa_jpg.rf.aRGoUT1DPzrnDspXQksa.jpg,0,0,1,0,1,0
musa-acuminata-unripe-8365f4dc-1d0a-11ec-a9dd-d8c4975e38aa-1-_jpg.rf.ZSSTipCsz7f5QYqiXW6l.jpg,0,0,0,0,1,1
musa-acuminata-unripe-9142f233-1d0a-11ec-876b-d8c4975e38aa-1-_jpg.rf.KyUWYPVFyLRUKNl74iV7.jpg,0,0,0,0,0,1
musa-acuminata-rotten-81d19d2b-2653-11ec-8ae0-d8c4975e38aa_jpg.rf.Kwo4nRAZHTUvtAvkfBN4.jpg,0,0,0,0,1,0
musa-acuminata-freshunripe-67cdb8ea-1d0a-11ec-86a9-d8c4975e38aa_jpg.rf.L8H05FPhhMUt1okqICAB.jpg,0,1,0,0,0,0
musa-acuminata-freshripe-7e3131dc-1d0a-11ec-bc45-d8c4975e38aa_jpg.rf.LWmSAPcHyyh4gpbXnye3.jpg,1,0,0,0,0,0
musa-acuminata-freshunripe-1d984b0e-2653-11ec-aacd-d8c4975e38aa_jpg.rf.L1eR2sXDyIuJvzyLXVxF.jpg,0,1,0,0,0,0
musa-acuminata-freshunripe-75b1d8c2-1d0a-11ec-bd7d-d8c4975e38aa_jpg.rf.LWDn8CbskaXKhN0UJODY.jpg,0,0,0,0,0,1
musa-acuminata-banana-e7af3924-394a-11ec-9b34-d8c4975e38aa_jpg.rf.Lc0a9fJpSuUzhAx6FSTg.jpg,0,0,0,1,0,0
musa-acuminata-banana-ad3cf409-394a-11ec-a8ed-d8c4975e38aa_jpg.rf.LnAymwcMVXhMoFsRZy1M.jpg,0,0,1,1,1,0
musa-acuminata-mold-e543f982-1d0a-11ec-a6d5-d8c4975e38aa_jpg.rf.LfZKGF32aDJOWMhOeph0.jpg,0,0,1,0,0,0
musa-acuminata-banana-96bdbbb2-394a-11ec-9373-d8c4975e38aa_jpg.rf.M1A92ax7qPOBIeUb0IXm.jpg,0,0,1,0,1,0
musa-acuminata-freshunripe-72468d63-1d0a-11ec-8cf9-d8c4975e38aa_jpg.rf.M3GmWwdSzJYcp8RfIKXH.jpg,0,1,0,0,0,0
musa-acuminata-rotten-ae88cea1-1d0a-11ec-bde5-d8c4975e38aa_jpg.rf.MR6cuDmz1HMtdlTKaAEe.jpg,0,0,0,0,1,0
musa-acuminata-banana-ab5e3aa9-4037-11ec-bcc7-94b86d66fd1d_jpg.rf.aywb6j4FqedZAIQDQQjo.jpg,1,0,0,0,0,0
musa-acuminata-ripe-92124dbf-1d0a-11ec-af17-d8c4975e38aa_jpg.rf.M7p9PVfd7pL3X0g9QN6C.jpg,0,0,0,1,0,0
musa-acuminata-freshunripe-3aa6f02e-2653-11ec-9c02-d8c4975e38aa_jpg.rf.MEpdg3D3HOehEOX10iOS.jpg,0,1,0,0,0,0
musa-acuminata-banana-dd851e17-394a-11ec-999c-d8c4975e38aa_jpg.rf.N3bGHLInLvYfhQCKEcix.jpg,0,0,0,1,0,0
musa-acuminata-rotten-8ac5586d-2653-11ec-a0ed-d8c4975e38aa_jpg.rf.N7Uk0LqeKut7KCPw1Sl9.jpg,0,0,0,0,1,0
musa-acuminata-banana-a67bbbb8-394a-11ec-9d0c-d8c4975e38aa_jpg.rf.MI7jkUneFORdjMjoW5hc.jpg,0,0,1,0,1,0
musa-acuminata-freshunripe-6ccda96a-1d0a-11ec-949c-d8c4975e38aa_jpg.rf.MEuJlHqMncvcCtXF7TFs.jpg,0,1,0,0,0,0
musa-acuminata-freshunripe-1f604215-2653-11ec-b679-d8c4975e38aa_jpg.rf.N2CpeGotjJltVcGAov3y.jpg,0,1,0,0,0,0
musa-acuminata-ripe-9b7e5429-1d0a-11ec-a3a5-d8c4975e38aa_jpg.rf.cAu24fmxjSAvh1vMqDcN.jpg,0,0,0,1,1,0
musa-acuminata-ripe-921e388f-1d0a-11ec-8d5b-d8c4975e38aa_jpg.rf.NJx5DsDpcWKpg2R46b6D.jpg,0,0,0,1,0,0
musa-acuminata-rotten-8b5b49e8-2653-11ec-b4e3-d8c4975e38aa_jpg.rf.Nm9mqcg6q0uk5A0wsNa4.jpg,0,0,0,0,1,0
musa-acuminata-ripe-72ae5d14-2653-11ec-848b-d8c4975e38aa_jpg.rf.NJr24ClGoHE7ffNLqC6k.jpg,0,0,0,0,1,0
musa-acuminata-ripe-91d6b7c0-1d0a-11ec-be53-d8c4975e38aa_jpg.rf.N8fo5AnvqLnG0wAyWPU1.jpg,0,0,0,1,0,0
musa-acuminata-banana-82fcceac-394a-11ec-b1bb-d8c4975e38aa_jpg.rf.anFtkXKook5UDnYKUk5X.jpg,0,0,1,0,0,0
musa-acuminata-freshunripe-7123cd7f-1d0a-11ec-9bbc-d8c4975e38aa_jpg.rf.jLgapfGTa9r2IRQc6bzT.jpg,0,1,0,0,0,0
musa-acuminata-banana-c4f0ef05-394a-11ec-9e53-d8c4975e38aa_jpg.rf.jMAv0RXE7MNOGmJc6aa9.jpg,0,0,0,1,0,0
musa-acuminata-banana-a8761419-394a-11ec-b6b2-d8c4975e38aa_jpg.rf.jPw2YRPv7w5FGikIYYaE.jpg,0,0,0,0,1,0
musa-acuminata-freshunripe-7460f348-1d0a-11ec-8860-d8c4975e38aa_jpg.rf.Nq6qKtKrTx0Ye1E7Jik9.jpg,0,1,0,0,0,0
musa-acuminata-banana-a83cefb4-394a-11ec-a57d-d8c4975e38aa_jpg.rf.NmYHvAYltsjfrj3m96Sa.jpg,0,0,0,0,1,0
musa-acuminata-freshripe-7e431c8a-1d0a-11ec-81b9-d8c4975e38aa_jpg.rf.jIceQL6d3kvx6keNMO2y.jpg,1,0,0,0,0,0
musa-acuminata-mold-e1b7e3ee-1d0a-11ec-99f8-d8c4975e38aa_jpg.rf.jiCdY2nbn1CHwuWkEWMa.jpg,0,0,1,0,1,0
musa-acuminata-freshunripe-35408dea-2653-11ec-b367-d8c4975e38aa_jpg.rf.jlDt7mzTK92FLsNtKNvW.jpg,0,1,0,0,0,0
musa-acuminata-ripe-72ba47e6-2653-11ec-86ba-d8c4975e38aa_jpg.rf.jllGJQgGvscWj4SDK8k7.jpg,0,0,0,0,1,0
musa-acuminata-banana-b01d2f7c-394a-11ec-a466-d8c4975e38aa_jpg.rf.k1JvXF5zybfZtUHYJXA8.jpg,0,0,0,1,0,0
musa-acuminata-banana-c7a80d72-394a-11ec-b5bd-d8c4975e38aa_jpg.rf.jgZFWuAQEs6ww1e9QUss.jpg,0,0,0,1,0,0
musa-acuminata-rotten-860d60a2-2653-11ec-84d9-d8c4975e38aa_jpg.rf.jUce1YKXEevwSgxTDpfO.jpg,0,0,0,0,1,0
musa-acuminata-banana-b3b8fc13-394a-11ec-a5b4-d8c4975e38aa_jpg.rf.kJX182tjwxfk0PH2elRG.jpg,1,0,0,0,0,0
musa-acuminata-overripe-7df2f319-2653-11ec-832e-d8c4975e38aa_jpg.rf.kMkAvFPDLijuq8zbh4UB.jpg,0,0,1,0,0,0
musa-acuminata-banana-b2e5441f-394a-11ec-a7bd-d8c4975e38aa_jpg.rf.kP0wZvyTsZtlyrIqmd14.jpg,1,0,0,0,0,0
musa-acuminata-overripe-76191454-2653-11ec-be27-d8c4975e38aa_jpg.rf.ZFe77E8o3Jq8W4I90LeD.jpg,0,0,1,0,0,0
musa-acuminata-rotten-ad44aa95-1d0a-11ec-97d9-d8c4975e38aa_jpg.rf.jz4k1bayMRIthx9CTU4D.jpg,0,0,0,0,1,0
musa-acuminata-rotten-84115375-2653-11ec-9605-d8c4975e38aa_jpg.rf.kEirSDyhkJhAZBycZlPw.jpg,0,0,0,0,1,0
musa-acuminata-ripe-935410d5-1d0a-11ec-8210-d8c4975e38aa_jpg.rf.lCuAi82qb7knZeb0bIih.jpg,0,0,0,1,0,0
musa-acuminata-freshripe-7cf02794-1d0a-11ec-b396-d8c4975e38aa_jpg.rf.lYQJt4iLsXDSSTkIcrEa.jpg,1,0,0,0,0,0
musa-acuminata-banana-c69afcc8-394a-11ec-a8d7-d8c4975e38aa_jpg.rf.lihkxMPOrBch3NmxodTn.jpg,1,0,0,0,0,0
musa-acuminata-banana-a0741b0b-4037-11ec-98a7-94b86d66fd1d_jpg.rf.lkBHBRTu25HhxRdcAr8o.jpg,0,0,0,1,0,0
musa-acuminata-overripe-9dc1816a-1d0a-11ec-9da6-d8c4975e38aa_jpg.rf.kkS25wzjJdr6ub3yreI6.jpg,0,0,1,0,0,0
musa-acuminata-freshripe-43e34ac1-2653-11ec-b775-d8c4975e38aa_jpg.rf.kILnncVnzcmaGlbxx5d9.jpg,1,0,0,0,0,0
musa-acuminata-unripe-8779f7b2-1d0a-11ec-9377-d8c4975e38aa-1-_jpg.rf.lAzQM5i96aou6O1XRsfR.jpg,0,0,0,0,1,1
musa-acuminata-banana-9ead6c88-394a-11ec-a580-d8c4975e38aa_jpg.rf.lBktbW8xSppQPGerSYmZ.jpg,0,0,0,0,1,0
musa-acuminata-overripe-7e4327d2-2653-11ec-8537-d8c4975e38aa_jpg.rf.lwWoEVRGo3sjUNigp128.jpg,0,0,1,0,0,0
musa-acuminata-banana-a76707ef-394a-11ec-975b-d8c4975e38aa_jpg.rf.m5JKuMR9q4VnPKRP9stA.jpg,0,0,0,0,1,0
musa-acuminata-banana-b376bdc4-394a-11ec-9de7-d8c4975e38aa_jpg.rf.mGtIb08Q3EgdFHaA4rI7.jpg,1,0,0,0,0,0
musa-acuminata-freshunripe-1cc2aac2-2653-11ec-9ab1-d8c4975e38aa_jpg.rf.mUoYqQxLMjqZdp9C6fSE.jpg,0,1,0,0,0,0
musa-acuminata-rotten-ac77b11f-1d0a-11ec-a540-d8c4975e38aa_jpg.rf.bjA675tIbSzrTA6fTftY.jpg,0,0,0,0,1,0
musa-acuminata-mold-e3032fab-1d0a-11ec-adde-d8c4975e38aa_jpg.rf.mXjWKhtVbzQDOpD6s4V0.jpg,0,0,1,0,1,0
musa-acuminata-overripe-9e3b0e2f-1d0a-11ec-90a2-d8c4975e38aa_jpg.rf.8l43VrgzUajuXA0GNvwk.jpg,0,0,1,0,1,0
musa-acuminata-unripe-8c2d9b0c-1d0a-11ec-97d4-d8c4975e38aa-1-_jpg.rf.lmT1Gi4RAnHSo7UUJReI.jpg,0,1,0,0,0,1
musa-acuminata-banana-e491cbcc-394a-11ec-a4d8-d8c4975e38aa_jpg.rf.bueEAHGVXP4E7xa7RKF4.jpg,0,0,0,1,0,0
musa-acuminata-overripe-7e05eed0-2653-11ec-82a5-d8c4975e38aa_jpg.rf.ltFNPp9qLv2Gyiv2VOPk.jpg,0,0,1,0,0,0
musa-acuminata-banana-a3cf94df-394a-11ec-8a6e-d8c4975e38aa_jpg.rf.8uEl60mw69JH40qGrh47.jpg,0,0,0,1,0,0
musa-acuminata-freshunripe-27f769c6-2653-11ec-8bd3-d8c4975e38aa_jpg.rf.8wRX2Q8uYbwC5dJapfVb.jpg,0,1,0,0,0,0
musa-acuminata-freshripe-7d8eefa5-1d0a-11ec-8c83-d8c4975e38aa_jpg.rf.8wuRZew5pUGPQaBPNQsz.jpg,1,0,0,0,0,0
musa-acuminata-banana-e2821fef-394a-11ec-a5ff-d8c4975e38aa_jpg.rf.8xq4P1EDSUTTIkY7hxZk.jpg,1,0,0,1,0,0
musa-acuminata-banana-e7ff6e39-394a-11ec-a102-d8c4975e38aa_jpg.rf.91hdOE6yXQ1JUkkJEYdV.jpg,0,0,0,1,0,0
musa-acuminata-overripe-7eddcd3e-2653-11ec-809a-d8c4975e38aa_jpg.rf.93dHcuAiQJAdrTnYQzPJ.jpg,0,0,1,0,0,0
musa-acuminata-overripe-9caaa50e-1d0a-11ec-97c8-d8c4975e38aa_jpg.rf.94l06P6JfSUEjxyYEN1o.jpg,0,0,1,0,0,0
musa-acuminata-banana-d33d22cf-394a-11ec-8eee-d8c4975e38aa_jpg.rf.baBbKjQsrMadYrhNHlOr.jpg,1,0,0,1,0,0
musa-acuminata-banana-a99d58f8-394a-11ec-bcf6-d8c4975e38aa_jpg.rf.b4ANCcYlah30ySw2RZwl.jpg,0,0,0,0,1,0
musa-acuminata-banana-9622da87-4037-11ec-8e8d-94b86d66fd1d_jpg.rf.bU4kCXyCStWrOkjt3P0O.jpg,1,0,0,0,0,0
musa-acuminata-freshripe-48cdbe24-2653-11ec-bb61-d8c4975e38aa_jpg.rf.8tBqwSBjqLuj5FhyJX5t.jpg,1,0,0,0,0,0
musa-acuminata-rotten-8a32663a-2653-11ec-9912-d8c4975e38aa_jpg.rf.8tzBH4v1T6XxVBgjONZA.jpg,0,0,0,1,1,0
musa-acuminata-banana-9de05a32-394a-11ec-9ff5-d8c4975e38aa_jpg.rf.9JRe5dt9tb3VFghUKDYB.jpg,0,0,1,0,1,0
musa-acuminata-unripe-5cb0b976-2653-11ec-950c-d8c4975e38aa---Copy_jpg.rf.9M4vBBSGkKiyD8ycPltP.jpg,0,0,0,0,1,1
musa-acuminata-banana-aa8cdea5-394a-11ec-adc8-d8c4975e38aa_jpg.rf.9MY2z3Lk5a49xD1NPVol.jpg,0,0,1,0,1,0
musa-acuminata-banana-c4f2257c-394a-11ec-b5d9-d8c4975e38aa_jpg.rf.9SL4IUPhEk35uRlh4fEA.jpg,0,0,0,1,0,0
musa-acuminata-banana-c78aa5ee-394a-11ec-95fb-d8c4975e38aa_jpg.rf.9SV1BJOMwFyDf9ml6Xuw.jpg,0,0,0,1,0,0
musa-acuminata-banana-0013414e-394b-11ec-909b-d8c4975e38aa_jpg.rf.9StdG2eKfC2PafrXEe2F.jpg,0,0,0,1,0,0
musa-acuminata-banana-ef255323-394a-11ec-8667-d8c4975e38aa_jpg.rf.9XIm0aLgeRlU4QBOpS9C.jpg,0,0,0,1,0,0
musa-acuminata-ripe-6f997392-2653-11ec-aca2-d8c4975e38aa_jpg.rf.9e0A2KxVmrZCYnvUg4Ns.jpg,0,0,0,1,1,0
musa-acuminata-freshunripe-1d9a6a2e-2653-11ec-901d-d8c4975e38aa_jpg.rf.9iLiYEy24Qw8F90xykki.jpg,0,1,0,0,0,0
musa-acuminata-banana-834b6da3-394a-11ec-8564-d8c4975e38aa_jpg.rf.9lyrCNfblgpf1DJIwV56.jpg,0,0,1,0,0,0
musa-acuminata-ripe-9300a562-1d0a-11ec-a460-d8c4975e38aa_jpg.rf.9nKtNd0YfH8u1e33qOKT.jpg,0,0,0,1,0,0
musa-acuminata-rotten-bb8285b6-1d0a-11ec-a709-d8c4975e38aa_jpg.rf.aHMfWzHIupg6apY04xBP.jpg,0,0,0,0,1,0
musa-acuminata-freshunripe-703889cb-1d0a-11ec-8933-d8c4975e38aa_jpg.rf.99pW6pjhiY5j8dJBLYuW.jpg,0,1,0,0,0,0
musa-acuminata-banana-abb985c8-394a-11ec-a801-d8c4975e38aa_jpg.rf.afhs9RcmFDMR8XGhtbs6.jpg,0,0,1,1,0,0
musa-acuminata-overripe-a12e99d5-1d0a-11ec-a437-d8c4975e38aa_jpg.rf.9CIEbO4Tp71oiyekUFmG.jpg,0,0,1,0,1,0
musa-acuminata-banana-9849e06a-394a-11ec-bc92-d8c4975e38aa_jpg.rf.9HGct0mFsksACplp1be6.jpg,0,0,1,0,0,0
musa-acuminata-banana-ad772802-394a-11ec-996c-d8c4975e38aa_jpg.rf.9tpRML0sp2aDQD2Mukfg.jpg,1,0,0,0,0,0
musa-acuminata-freshripe-46abef32-2653-11ec-9d63-d8c4975e38aa_jpg.rf.9vE7ynU6kV2Tqp3OvqP5.jpg,1,0,0,0,0,0
musa-acuminata-rotten-8c5b9da0-2653-11ec-976c-d8c4975e38aa_jpg.rf.9wlgIrl7bctufrTaaqTQ.jpg,0,0,0,0,1,0
musa-acuminata-banana-958f0b3a-394a-11ec-ab89-d8c4975e38aa_jpg.rf.9yBWdphYgscPWSVWc7hB.jpg,0,0,1,0,1,0
musa-acuminata-freshripe-78fe55b4-1d0a-11ec-a6c2-d8c4975e38aa_jpg.rf.9yGpwA89pQHf5Ni0xUy7.jpg,1,0,0,0,0,0
musa-acuminata-freshripe-4c209e7f-2653-11ec-bbc2-d8c4975e38aa_jpg.rf.A00uZIX60eZRfbMY5RG4.jpg,1,0,0,0,0,0
musa-acuminata-freshunripe-76e90233-1d0a-11ec-ac37-d8c4975e38aa_jpg.rf.A1LfBo4xzFH7mKvOaFPa.jpg,0,0,0,0,0,1
musa-acuminata-ripe-93672386-1d0a-11ec-af85-d8c4975e38aa_jpg.rf.A3LpEz1j9KRAiaVmKnSO.jpg,0,0,0,1,0,0
musa-acuminata-unripe-5523c513-2653-11ec-a74b-d8c4975e38aa---Copy_jpg.rf.A8e30XBCF5bkqDAPDm5P.jpg,0,0,0,0,1,1
musa-acuminata-freshripe-78e8a957-1d0a-11ec-b6b6-d8c4975e38aa_jpg.rf.ABuaOxW42KWynG4nyp2E.jpg,1,0,0,0,0,0
musa-acuminata-banana-c4bab72b-394a-11ec-99c6-d8c4975e38aa_jpg.rf.AWW9uochmNa7TGZuUcp5.jpg,0,0,0,1,0,0
musa-acuminata-overripe-9f5b7313-1d0a-11ec-8b69-d8c4975e38aa_jpg.rf.Aa5hGxPbrDmyGWXKjg7c.jpg,0,0,1,0,0,0
musa-acuminata-unripe-5dcc59f1-2653-11ec-ac77-d8c4975e38aa---Copy_jpg.rf.9qkSg59iQVM9IVXiJR3u.jpg,0,0,0,0,0,1
musa-acuminata-ripe-6d53e5b5-2653-11ec-952b-d8c4975e38aa_jpg.rf.AwCpMEOTUqSLPrh1ZLVS.jpg,0,0,0,1,0,0
musa-acuminata-banana-a83a831e-394a-11ec-9303-d8c4975e38aa_jpg.rf.B0jWPUQ9TAwVZiiBugeb.jpg,0,0,0,0,1,0
musa-acuminata-rotten-ad509418-1d0a-11ec-9f02-d8c4975e38aa_jpg.rf.B61dgTkvHKsvqGZV467l.jpg,0,0,0,0,1,0
musa-acuminata-unripe-8b656383-1d0a-11ec-9a4f-d8c4975e38aa-1-_jpg.rf.B6jArETkMZSkLrZQOp80.jpg,0,0,0,0,0,1
musa-acuminata-banana-aaf9d92b-394a-11ec-bacb-d8c4975e38aa_jpg.rf.B8w2SHX1ArdKD0CTy28i.jpg,0,0,1,0,1,0
musa-acuminata-freshunripe-652d9ccc-1d0a-11ec-b2e6-d8c4975e38aa_jpg.rf.B8zgdL62PxZzREPKvhM1.jpg,0,1,0,0,0,0
musa-acuminata-banana-a5fe4103-394a-11ec-a1cb-d8c4975e38aa_jpg.rf.BFJeIMiWQ2MR8urhu6nB.jpg,0,0,1,0,1,0
musa-acuminata-freshripe-78671023-1d0a-11ec-9b32-d8c4975e38aa_jpg.rf.BJF6Ibj6tg5BlC88i6V7.jpg,1,0,0,0,0,0
musa-acuminata-freshripe-47be087f-2653-11ec-b264-d8c4975e38aa_jpg.rf.BQxC9xVauovXTCFQr8ES.jpg,1,0,0,0,0,0
musa-acuminata-rotten-b3057efa-1d0a-11ec-b067-d8c4975e38aa_jpg.rf.BVB2au77Wt979qD4DoH0.jpg,0,0,0,0,1,0
musa-acuminata-unripe-814d3a99-1d0a-11ec-855d-d8c4975e38aa-1-_jpg.rf.BeYrz0sAAPNGvrSsKIye.jpg,0,0,0,0,1,1
musa-acuminata-freshunripe-739da8ce-1d0a-11ec-a42e-d8c4975e38aa_jpg.rf.aEr0Hx3r0U71zedyYCRE.jpg,0,1,0,0,0,0
musa-acuminata-banana-9797d340-394a-11ec-b9af-d8c4975e38aa_jpg.rf.YzXeZxV2RdI0D9o4jFB9.jpg,0,0,1,0,1,0
musa-acuminata-overripe-a0be946c-1d0a-11ec-b866-d8c4975e38aa_jpg.rf.AhvtDg1Yp44G7X20PUsE.jpg,0,0,1,0,0,0
musa-acuminata-banana-968daa36-4037-11ec-97e7-94b86d66fd1d_jpg.rf.AkmHosY0zHHpldnLIWlx.jpg,1,0,0,0,0,0
musa-acuminata-freshunripe-6b661073-1d0a-11ec-9d88-d8c4975e38aa_jpg.rf.AtEd672bJD1tzypaPJCK.jpg,0,1,0,0,0,0
musa-acuminata-rotten-893e3e4d-2653-11ec-8347-d8c4975e38aa_jpg.rf.AluVs2nrQEy5SqQ4U8vh.jpg,0,0,0,0,1,0
musa-acuminata-rotten-8de0caa9-2653-11ec-a23b-d8c4975e38aa_jpg.rf.ZEcpNEBPL970bJtgJYgR.jpg,0,0,0,0,1,0
musa-acuminata-ripe-9250472f-1d0a-11ec-8621-d8c4975e38aa_jpg.rf.BnkQlHFi4GMPzAkTjoJf.jpg,0,0,0,1,0,0
musa-acuminata-freshunripe-70549bed-1d0a-11ec-9635-d8c4975e38aa_jpg.rf.BphWQsGbicI7LWDyVW4g.jpg,0,1,0,0,0,0
musa-acuminata-freshunripe-676e40c8-1d0a-11ec-82e3-d8c4975e38aa_jpg.rf.BtWV0Mmc4aIQAYuGtqbg.jpg,0,1,0,0,0,0
musa-acuminata-banana-b68e2e05-394a-11ec-a3eb-d8c4975e38aa_jpg.rf.C1xZGpL4oVpovjeZ73ZD.jpg,1,0,0,1,1,0
musa-acuminata-ripe-9680d043-1d0a-11ec-b0d3-d8c4975e38aa_jpg.rf.C7KYbjoVJmkIXHafJwYg.jpg,0,0,0,1,1,0
musa-acuminata-freshripe-4db1089b-2653-11ec-abb1-d8c4975e38aa_jpg.rf.C8ArZdY4sarH82mP26nq.jpg,1,0,0,0,0,0
musa-acuminata-ripe-968a58e3-1d0a-11ec-a6cf-d8c4975e38aa_jpg.rf.7Egl2SizqqsEOyHpFb6d.jpg,0,0,0,1,1,0
musa-acuminata-banana-d9f02852-4037-11ec-9912-94b86d66fd1d_jpg.rf.7JSx78kBc6V8lPxN5cAH.jpg,0,0,0,1,0,0
musa-acuminata-banana-9892cb57-394a-11ec-9b36-d8c4975e38aa_jpg.rf.7TAsV6QazdxPoW8pBia5.jpg,0,0,1,0,0,0
musa-acuminata-mold-e495fc21-1d0a-11ec-8fe8-d8c4975e38aa_jpg.rf.7VsTkFsVL6pePJiFNIeK.jpg,0,0,1,0,0,0
musa-acuminata-mold-e4dfdf0a-1d0a-11ec-ba2f-d8c4975e38aa_jpg.rf.7eWHgxiK7nhmEajgunDs.jpg,0,0,1,0,1,0
musa-acuminata-mold-e548c026-1d0a-11ec-993c-d8c4975e38aa_jpg.rf.7o0vdwivhwwvK1ChlruC.jpg,0,0,1,0,0,0
musa-acuminata-banana-c3c161a3-394a-11ec-8fa3-d8c4975e38aa_jpg.rf.aLqDSzmXADABTvC1DKnn.jpg,1,0,0,1,0,0
musa-acuminata-banana-fabb9eb4-394a-11ec-ab5c-d8c4975e38aa_jpg.rf.Bh1aCaa2vzc2TV02jIWe.jpg,0,0,0,1,0,0
musa-acuminata-unripe-8f7e1862-1d0a-11ec-a2ad-d8c4975e38aa-1-_jpg.rf.bo5nrPYCf2gKLvlup1dB.jpg,0,0,0,0,0,1
musa-acuminata-freshripe-44286a98-2653-11ec-936e-d8c4975e38aa_jpg.rf.bFG1qxvbkCten7smYE2n.jpg,1,0,0,0,0,0
musa-acuminata-banana-ad9f40f8-394a-11ec-8172-d8c4975e38aa_jpg.rf.ZAEMC315e2F3K8fQFJw3.jpg,1,0,0,0,0,0
musa-acuminata-freshripe-79fdb8fd-1d0a-11ec-922e-d8c4975e38aa_jpg.rf.abwFPBmOrUXZmNFplazJ.jpg,1,0,0,0,0,0
musa-acuminata-freshunripe-273b1f54-2653-11ec-8dc3-d8c4975e38aa_jpg.rf.BmT42hycgoi0KgOCy1z6.jpg,0,1,0,0,0,0
musa-acuminata-rotten-829716e2-2653-11ec-97b3-d8c4975e38aa_jpg.rf.80Se14b31xD3mMmqbOOi.jpg,0,0,0,0,1,0
musa-acuminata-overripe-7f84dc0a-2653-11ec-8c37-d8c4975e38aa_jpg.rf.82szbtUNMiM9KidWo5YW.jpg,0,0,1,0,0,0
musa-acuminata-ripe-6afb4662-2653-11ec-8128-d8c4975e38aa_jpg.rf.83Wocc2HX8s1HHDnORzk.jpg,0,0,0,1,0,0
musa-acuminata-ripe-947dfe71-1d0a-11ec-bca7-d8c4975e38aa_jpg.rf.85tuCb4UIVKZJjQIfHLP.jpg,0,0,0,1,0,0
musa-acuminata-ripe-6deed1ee-2653-11ec-bdb6-d8c4975e38aa_jpg.rf.86JXkAOCUsLHqwGjdqBD.jpg,0,0,0,1,1,0
musa-acuminata-ripe-7129ddbd-2653-11ec-94dd-d8c4975e38aa_jpg.rf.88xRkdSpEO4sqi2F6WoS.jpg,0,0,0,1,1,0
musa-acuminata-freshunripe-6b6c7b72-1d0a-11ec-8dd6-d8c4975e38aa_jpg.rf.89EbgwHVoQldx8oeDFXc.jpg,0,1,0,0,0,0
musa-acuminata-mold-e21e6205-1d0a-11ec-bd57-d8c4975e38aa_jpg.rf.8AQkcXDj1NY7BPLduXD3.jpg,0,0,1,0,1,0
musa-acuminata-ripe-6b000ac9-2653-11ec-bb12-d8c4975e38aa_jpg.rf.8HXtr7983NbUSlv3Z0OU.jpg,0,0,0,1,0,0
musa-acuminata-unripe-8bce427b-1d0a-11ec-a789-d8c4975e38aa-1-_jpg.rf.8IYApg1f4jtFAWgz48wb.jpg,0,0,0,0,0,1
musa-acuminata-mold-e2cc5f51-1d0a-11ec-9acb-d8c4975e38aa_jpg.rf.8NCtqZW8rr8XRsvDn4nu.jpg,0,0,1,0,0,0
musa-acuminata-unripe-5d101114-2653-11ec-94c5-d8c4975e38aa---Copy_jpg.rf.8NPspxNWM4a4Fk9lBUna.jpg,0,0,0,0,1,1
musa-acuminata-banana-9ee23353-394a-11ec-a6b7-d8c4975e38aa_jpg.rf.8OqnpyjU45b6cIYRzuDL.jpg,0,0,0,0,1,0
musa-acuminata-banana-d57b6620-4037-11ec-b875-94b86d66fd1d_jpg.rf.8VIG1tzX5WxBF6K58j4d.jpg,0,0,0,1,0,0
musa-acuminata-ripe-94688b2c-1d0a-11ec-a48f-d8c4975e38aa_jpg.rf.8bMiYRf499VARbnGl5JI.jpg,0,0,0,1,0,0
musa-acuminata-freshunripe-66439767-1d0a-11ec-84a6-d8c4975e38aa_jpg.rf.7aLIzFP1rQbCFOK4qnU1.jpg,0,1,0,0,0,0
musa-acuminata-rotten-b71d646b-1d0a-11ec-b8cf-d8c4975e38aa_jpg.rf.7y7YYVFSDAdh2RWwoEex.jpg,0,0,0,0,1,0
musa-acuminata-banana-c6273ff3-394a-11ec-92e3-d8c4975e38aa_jpg.rf.7xW3QHjjyTdbA0LZCM8x.jpg,1,0,0,1,0,0
musa-acuminata-banana-b0acbaa9-394a-11ec-a58c-d8c4975e38aa_jpg.rf.7sEdUYiQsT3RZ7g1VqdP.jpg,1,0,0,0,0,0
musa-acuminata-rotten-a22b3e60-1d0a-11ec-8161-d8c4975e38aa_jpg.rf.7skHlrjVnn4xvRyNseTG.jpg,0,0,0,0,1,0
musa-acuminata-unripe-85025f0d-1d0a-11ec-affe-d8c4975e38aa-1-_jpg.rf.80B8hDO6AzJMpzjlIpas.jpg,0,0,0,0,1,1
musa-acuminata-ripe-94e47b47-1d0a-11ec-a4ef-d8c4975e38aa_jpg.rf.pvphjGXDQsVAmZkM43Ng.jpg,0,0,0,1,0,0
musa-acuminata-banana-8560d92e-394a-11ec-a0de-d8c4975e38aa_jpg.rf.q8Eh6xBhr6HMz5LH8zX9.jpg,0,0,1,0,1,0
musa-acuminata-rotten-82b8767c-2653-11ec-b600-d8c4975e38aa_jpg.rf.qDvhEaGevOtFz7Uzvw3u.jpg,0,0,0,0,1,0
musa-acuminata-rotten-81cff237-2653-11ec-9161-d8c4975e38aa_jpg.rf.qGQbXhBq9MNw0p35OkJT.jpg,0,0,0,0,1,0
musa-acuminata-banana-979ce869-394a-11ec-a51d-d8c4975e38aa_jpg.rf.qXetLSMeqMxUx2MNeUt9.jpg,0,0,1,0,1,0
musa-acuminata-banana-a41c70f5-394a-11ec-8013-d8c4975e38aa_jpg.rf.qZQv1fKL7Q6Qiaz2Ljxj.jpg,0,0,0,1,1,0
musa-acuminata-ripe-972ecdaa-1d0a-11ec-9e81-d8c4975e38aa_jpg.rf.qcMp5gOndMZREYlR1ds9.jpg,0,0,0,1,1,0
musa-acuminata-overripe-7ddd7eec-2653-11ec-8b98-d8c4975e38aa_jpg.rf.qlB6hxs827mnxsKe9CQB.jpg,0,0,1,0,0,0
musa-acuminata-freshunripe-6ce5e0f7-1d0a-11ec-942f-d8c4975e38aa_jpg.rf.qm3DD58bmBPja8fDa3tT.jpg,0,1,0,0,0,0
musa-acuminata-banana-b0af4e40-394a-11ec-b9b9-d8c4975e38aa_jpg.rf.qm9CNODajQbVwJ16KjRb.jpg,1,0,0,0,0,0
musa-acuminata-rotten-b56ee133-1d0a-11ec-ae92-d8c4975e38aa_jpg.rf.r0nUk0YcA9gYndHvREnq.jpg,0,0,0,0,1,0
musa-acuminata-rotten-811c3a26-2653-11ec-b854-d8c4975e38aa_jpg.rf.r3sed2HVq6lj2NJaYSu0.jpg,0,0,1,0,0,0
musa-acuminata-mold-e1d47dce-1d0a-11ec-a1ed-d8c4975e38aa_jpg.rf.r4qqvyIg31w7559E6yD4.jpg,0,0,1,0,1,0
musa-acuminata-banana-91056cef-394a-11ec-8dc8-d8c4975e38aa_jpg.rf.rV7wIq80EfaIuklZ7aaG.jpg,0,0,0,1,1,0
musa-acuminata-banana-ed694e8b-394a-11ec-a50d-d8c4975e38aa_jpg.rf.rWLkCUss5vgineRnUAWs.jpg,0,0,0,1,0,0
musa-acuminata-rotten-85041b0c-2653-11ec-a67c-d8c4975e38aa_jpg.rf.rjdWcmD085zze8kDS3qW.jpg,0,0,0,0,1,0
musa-acuminata-banana-945b5473-394a-11ec-b66b-d8c4975e38aa_jpg.rf.8i5AksUz31gKhyjBFTlN.jpg,0,0,1,0,1,0
musa-acuminata-freshripe-46ec4990-2653-11ec-bc61-d8c4975e38aa_jpg.rf.8kPrSVL5TQZePVqrgk5e.jpg,1,0,0,0,0,0
musa-acuminata-mold-e609cdf7-1d0a-11ec-be1d-d8c4975e38aa_jpg.rf.pcfOam7WCKJgnLq5i70Z.jpg,0,0,1,0,0,0
musa-acuminata-freshunripe-6be2b0ae-1d0a-11ec-b4bf-d8c4975e38aa_jpg.rf.sKgCc3ea5cR43gxAvufx.jpg,0,1,0,0,0,0
musa-acuminata-banana-b9f03551-4037-11ec-b805-94b86d66fd1d_jpg.rf.sMpw0Q8UKW35fF7O6WYp.jpg,0,1,0,0,0,1
musa-acuminata-ripe-91c60a4b-1d0a-11ec-badb-d8c4975e38aa_jpg.rf.sOQBws2cTU8glXjNSbkO.jpg,0,0,0,1,0,0
musa-acuminata-banana-d1c95416-4037-11ec-a035-94b86d66fd1d_jpg.rf.tBImxuLggm0CPy7d0xiv.jpg,0,0,0,1,0,0
musa-acuminata-unripe-82b2be23-1d0a-11ec-bea0-d8c4975e38aa-1-_jpg.rf.tBWdDL7uYxJAbixMhyTo.jpg,0,0,0,0,0,1
musa-acuminata-banana-c8e3d9f8-394a-11ec-9157-d8c4975e38aa_jpg.rf.tURfwmrmzmhZZJ4b1YHJ.jpg,0,0,0,1,0,0
musa-acuminata-rotten-8997109f-2653-11ec-b7f1-d8c4975e38aa_jpg.rf.tXtoiezcvxI3E01VZ1fu.jpg,0,0,0,0,1,0
musa-acuminata-rotten-8b19ea60-2653-11ec-99f9-d8c4975e38aa_jpg.rf.tb1KhivqbBZva3pjpEBE.jpg,0,0,0,0,1,0
musa-acuminata-unripe-8b86c1d8-1d0a-11ec-bd7c-d8c4975e38aa-1-_jpg.rf.tmxnM5LM79E7MsOwuwHg.jpg,0,0,0,0,0,1
musa-acuminata-unripe-882cb97e-1d0a-11ec-9e97-d8c4975e38aa-1-_jpg.rf.trPBDEXDSgeKfqN0PgeP.jpg,0,0,0,0,1,1
musa-acuminata-ripe-6ab627e3-2653-11ec-807d-d8c4975e38aa_jpg.rf.8ckraEoddRRH7YMqe865.jpg,0,0,0,1,0,0
musa-acuminata-freshunripe-74d9ee48-1d0a-11ec-9fd8-d8c4975e38aa_jpg.rf.rcP35xNdkMdVfTdOnICs.jpg,0,0,0,0,0,1
musa-acuminata-overripe-80bbb6be-2653-11ec-b050-d8c4975e38aa_jpg.rf.rk2RcZIJUeAqAOU6FeMv.jpg,0,0,1,0,1,0
musa-acuminata-banana-ab07a410-394a-11ec-8894-d8c4975e38aa_jpg.rf.sAryVjsOrC0BPsLG7nIE.jpg,0,0,1,1,1,0
musa-acuminata-banana-f3271fce-394a-11ec-9369-d8c4975e38aa_jpg.rf.rtRgieoohiB8qv4OyWDw.jpg,0,0,0,1,0,0
musa-acuminata-rotten-b1e2ea37-1d0a-11ec-9c7f-d8c4975e38aa_jpg.rf.sFg67zZ1KqTMNj2beaq2.jpg,0,0,0,0,1,0
musa-acuminata-ripe-6ba47fa6-2653-11ec-a530-d8c4975e38aa_jpg.rf.ujQvKZF8QmkZEgbLQruS.jpg,0,0,0,1,0,0
musa-acuminata-freshunripe-296b3a0b-2653-11ec-b6fc-d8c4975e38aa_jpg.rf.v8bTJpf8NIndzE12TAXN.jpg,0,1,0,0,0,0
musa-acuminata-unripe-6029bd94-2653-11ec-8095-d8c4975e38aa---Copy_jpg.rf.vDwnWXs3mWy84htRXi69.jpg,0,0,0,0,1,0
musa-acuminata-freshunripe-2782a015-2653-11ec-af77-d8c4975e38aa_jpg.rf.vKm5xm0DTfQd9NjP0z6J.jpg,0,1,0,0,0,0
musa-acuminata-overripe-8023eab1-2653-11ec-8d84-d8c4975e38aa_jpg.rf.vMC9RaLtCnW1ms8fgPI3.jpg,0,0,1,0,0,0
musa-acuminata-unripe-89033b7e-1d0a-11ec-a31c-d8c4975e38aa-1-_jpg.rf.vMm0XzJM2gtmtxRed5SR.jpg,0,0,0,0,0,1
musa-acuminata-banana-d7beac04-4037-11ec-81ae-94b86d66fd1d_jpg.rf.vPyMclJx1ipBh6hFPQWU.jpg,1,0,0,0,0,0
musa-acuminata-ripe-940b96ec-1d0a-11ec-a6eb-d8c4975e38aa_jpg.rf.vVe4cBNTyuYDvxnVsu4b.jpg,0,0,0,1,0,0
musa-acuminata-freshunripe-6cc34702-1d0a-11ec-94ba-d8c4975e38aa_jpg.rf.vnwDM0D7F8Ch1T8L9gYv.jpg,0,1,0,0,0,0
musa-acuminata-freshripe-470b457f-2653-11ec-ac69-d8c4975e38aa_jpg.rf.voATPcKoWao5Tgd9F4kw.jpg,1,0,0,0,0,0
musa-acuminata-ripe-6bbc54f7-2653-11ec-8f91-d8c4975e38aa_jpg.rf.w1jVOLpsTXAensEuIBCa.jpg,0,0,0,1,0,0
musa-acuminata-banana-98365f56-4037-11ec-a597-94b86d66fd1d_jpg.rf.wNuljRFWd2ZWnKvpwXim.jpg,0,0,0,1,0,0
musa-acuminata-unripe-5ca730f1-2653-11ec-9d4e-d8c4975e38aa---Copy_jpg.rf.tph5WH0PGZExIxefxD8E.jpg,0,0,0,0,1,1
musa-acuminata-banana-adebf291-394a-11ec-99da-d8c4975e38aa_jpg.rf.tutiyBcBz12zyr6k2Djc.jpg,0,0,0,1,0,0
musa-acuminata-unripe-5dc533b1-2653-11ec-9576-d8c4975e38aa---Copy_jpg.rf.tsuTw5rQvFLlDdrlIBpx.jpg,0,0,0,0,1,1
musa-acuminata-rotten-89e57354-2653-11ec-b09e-d8c4975e38aa_jpg.rf.uFle6C2cI5lzx5KpwnYE.jpg,0,0,0,1,1,0
musa-acuminata-freshripe-78cb5dce-1d0a-11ec-8b52-d8c4975e38aa_jpg.rf.tygXuxO7SIw2GwaLDx5k.jpg,1,0,0,0,0,0
musa-acuminata-ripe-6d8390bc-2653-11ec-8bee-d8c4975e38aa_jpg.rf.uU35eWnNJUUJ9YhbtqS4.jpg,0,0,0,1,0,0
musa-acuminata-rotten-82b3b243-2653-11ec-8f2f-d8c4975e38aa_jpg.rf.uHAz19VTNR2Z6Csz0Q1O.jpg,0,0,0,0,1,0
musa-acuminata-mold-e5c71277-1d0a-11ec-902c-d8c4975e38aa_jpg.rf.uI6lYJBteaxOkTCDkpZs.jpg,0,0,1,0,0,0
musa-acuminata-ripe-9b3df9f1-1d0a-11ec-ada9-d8c4975e38aa_jpg.rf.xFQwzCykrUqFmapzyWSI.jpg,0,0,0,1,1,0
musa-acuminata-mold-e220c422-1d0a-11ec-a966-d8c4975e38aa_jpg.rf.xU7iaFFkbEq2HcbXtzKD.jpg,0,0,1,0,1,0
musa-acuminata-overripe-a1571fb5-1d0a-11ec-9448-d8c4975e38aa_jpg.rf.xYAOrbHsAfkeMVQu1utg.jpg,0,0,1,0,0,0
musa-acuminata-ripe-7352d1d9-2653-11ec-bdad-d8c4975e38aa_jpg.rf.0eTEYFfBBpphewuD0TTT.jpg,0,0,0,0,1,0
musa-acuminata-banana-c5cb5f36-4037-11ec-b37f-94b86d66fd1d_jpg.rf.0el8Dga854WqmcU0NSRN.jpg,1,0,0,0,0,0
musa-acuminata-overripe-9ce1756c-1d0a-11ec-9f60-d8c4975e38aa_jpg.rf.0fij4AN3X0Uo7TAAsvT1.jpg,0,0,1,0,0,0
musa-acuminata-rotten-a3362ff9-1d0a-11ec-b0a4-d8c4975e38aa_jpg.rf.0lAcNuORMI2HdcjcjfGs.jpg,0,0,0,0,1,0
musa-acuminata-freshripe-7c49b4be-1d0a-11ec-b5e4-d8c4975e38aa_jpg.rf.0mhYmepQMB36zWw7Dfnx.jpg,1,0,0,0,0,0
musa-acuminata-overripe-7c315ab3-2653-11ec-a9d6-d8c4975e38aa_jpg.rf.0pLrQMnqLNizp4MbOSTE.jpg,0,0,1,0,0,0
musa-acuminata-unripe-832a5f00-1d0a-11ec-9ef8-d8c4975e38aa-1-_jpg.rf.0qaogeHtJcFfmWoeZuG9.jpg,0,0,0,0,1,1
musa-acuminata-banana-8389cdaf-394a-11ec-9c4a-d8c4975e38aa_jpg.rf.0sPBTHk9LMMAPtHFxP1Y.jpg,0,0,1,0,1,0
musa-acuminata-ripe-942a92ef-1d0a-11ec-a820-d8c4975e38aa_jpg.rf.0suYulaN7LF3zrGNFneX.jpg,0,0,0,1,0,0
musa-acuminata-rotten-8decb56a-2653-11ec-8087-d8c4975e38aa_jpg.rf.0uwK1tMlABoXmgD3J8mr.jpg,0,0,0,0,1,0
musa-acuminata-rotten-ae81a829-1d0a-11ec-9977-d8c4975e38aa_jpg.rf.0xqyq0fLEJF73nZztlzw.jpg,0,0,0,0,1,0
musa-acuminata-unripe-552162e6-2653-11ec-8300-d8c4975e38aa---Copy_jpg.rf.0yMTxAbZc5GGp3cUMRd2.jpg,0,0,0,0,0,1
musa-acuminata-rotten-a8f75100-1d0a-11ec-b336-d8c4975e38aa_jpg.rf.11qwzRNUfRicBH6B8tBo.jpg,0,0,0,0,1,0
musa-acuminata-banana-f2536546-394a-11ec-8268-d8c4975e38aa_jpg.rf.uTiBzOSQHglggYTMIX74.jpg,1,0,0,1,0,0
musa-acuminata-banana-87d1b2b9-394a-11ec-bfba-d8c4975e38aa_jpg.rf.x02TiVjYEckiPoVGqlg0.jpg,0,0,1,0,1,0
musa-acuminata-freshripe-45c4bf8c-2653-11ec-b639-d8c4975e38aa_jpg.rf.xAhbMTDCma4XU7KFauZQ.jpg,1,0,0,0,0,0
musa-acuminata-banana-ed25c573-394a-11ec-a69e-d8c4975e38aa_jpg.rf.wpGb7nbGDEPGC7qpAMNW.jpg,1,0,0,1,0,0
musa-acuminata-ripe-6e744a65-2653-11ec-9f2e-d8c4975e38aa_jpg.rf.1OXc1PnYUUAIxQWcweoh.jpg,0,0,0,1,1,0
musa-acuminata-overripe-7d43d2a8-2653-11ec-8e4b-d8c4975e38aa_jpg.rf.1PtssExKK3HXPpsYgHUU.jpg,0,0,1,0,1,0
musa-acuminata-banana-9f3e245e-394a-11ec-9e2f-d8c4975e38aa_jpg.rf.1SbMGDeFRNc1B4kCrKsd.jpg,0,0,0,0,1,0
musa-acuminata-ripe-966b5e21-1d0a-11ec-ab19-d8c4975e38aa_jpg.rf.1UE8HeXifo07cuRBUfHO.jpg,0,0,0,1,1,0
musa-acuminata-banana-e6fb5cd5-394a-11ec-b3de-d8c4975e38aa_jpg.rf.1WcY3AjDRn2JSAo2iReC.jpg,0,0,0,1,0,0
musa-acuminata-freshripe-45335a82-2653-11ec-b896-d8c4975e38aa_jpg.rf.1fYMLdHik0QrRd3emgoR.jpg,1,0,0,0,0,0
musa-acuminata-rotten-a798c793-1d0a-11ec-aee6-d8c4975e38aa_jpg.rf.1gNLB2oayT554aTrxVoa.jpg,0,0,0,0,1,0
musa-acuminata-banana-e7b4ade8-394a-11ec-8bf6-d8c4975e38aa_jpg.rf.1ggIMgj6OMjOCwTIfVAj.jpg,0,0,0,1,0,0
musa-acuminata-overripe-7f5d1d04-2653-11ec-8b8f-d8c4975e38aa_jpg.rf.1oAKGHaI5yQQSD3XS1Ri.jpg,0,0,1,0,0,0
musa-acuminata-banana-fb3de974-394a-11ec-97cb-d8c4975e38aa_jpg.rf.1oxG3Vu6U4xgaJTpFm0p.jpg,1,0,0,1,0,0
musa-acuminata-overripe-9c99f4c4-1d0a-11ec-aa76-d8c4975e38aa_jpg.rf.1qplOCC5opMD35SfqLBc.jpg,0,0,1,0,0,0
musa-acuminata-overripe-9ec7ad66-1d0a-11ec-a377-d8c4975e38aa_jpg.rf.1siiNgFUJpWPSOkvR7Hb.jpg,0,0,1,0,0,0
musa-acuminata-unripe-8ccfab4f-1d0a-11ec-a1c6-d8c4975e38aa-1-_jpg.rf.1wQVF1NEGcxgib6odMw3.jpg,0,0,0,0,0,1
musa-acuminata-rotten-8ecf2240-2653-11ec-aa8c-d8c4975e38aa_jpg.rf.03V3912hVGmJcfuPMcR3.jpg,0,0,0,0,1,0
musa-acuminata-freshripe-7d950a0f-1d0a-11ec-beb5-d8c4975e38aa_jpg.rf.05Un0N7zy0AjZfEhKId0.jpg,1,0,0,0,0,0
musa-acuminata-freshripe-452c358b-2653-11ec-ab71-d8c4975e38aa_jpg.rf.09em1rJQuHMX4xj2LHlD.jpg,1,0,0,0,0,0
musa-acuminata-banana-aac176d3-394a-11ec-af49-d8c4975e38aa_jpg.rf.0BQBiygIZK5N5QDXAwU3.jpg,0,0,0,1,0,0
musa-acuminata-banana-85c2c1bd-394a-11ec-95a1-d8c4975e38aa_jpg.rf.0BUL5QeuNcq8RCcxWUUA.jpg,0,0,1,0,1,0
musa-acuminata-banana-aeb83fe7-394a-11ec-b89c-d8c4975e38aa_jpg.rf.17cCbhi3TqcfX228pVzn.jpg,0,0,0,1,0,0
musa-acuminata-banana-a675104b-394a-11ec-8ac7-d8c4975e38aa_jpg.rf.1Hraa0uue6P3Cq0zaItk.jpg,0,0,1,0,1,0
musa-acuminata-freshunripe-705365c4-1d0a-11ec-805a-d8c4975e38aa_jpg.rf.1IUsMn3r53z2kVQtf25k.jpg,0,1,0,0,0,0
musa-acuminata-freshunripe-717b3ecb-1d0a-11ec-9fc0-d8c4975e38aa_jpg.rf.18i3t3Up1UA7VVzTQoD5.jpg,0,1,0,0,0,0
musa-acuminata-rotten-8b57f429-2653-11ec-8d1d-d8c4975e38aa_jpg.rf.0GV8JHvfp0gt127IXtHw.jpg,0,0,0,0,1,0
musa-acuminata-freshunripe-1fdb035f-2653-11ec-b703-d8c4975e38aa_jpg.rf.0H5KsrO5Mb7gEowjEGD9.jpg,0,1,0,0,0,0
musa-acuminata-overripe-a148d2cb-1d0a-11ec-ad21-d8c4975e38aa_jpg.rf.0H7nIBS4YgePFL1FMGEL.jpg,0,0,1,0,1,0
musa-acuminata-unripe-8f2d108d-1d0a-11ec-91a7-d8c4975e38aa-1-_jpg.rf.0HbtDiUH0fzObWunp19p.jpg,0,0,0,0,0,1
musa-acuminata-unripe-81a7cb27-1d0a-11ec-8095-d8c4975e38aa-1-_jpg.rf.0Mj29v7sJu4vNSIl7FEI.jpg,0,0,0,0,1,1
musa-acuminata-banana-89e1c325-394a-11ec-93d6-d8c4975e38aa_jpg.rf.0VCEnTbqgfcZtrCdXmJ5.jpg,0,0,0,0,1,0
musa-acuminata-banana-c61631a6-394a-11ec-b6c3-d8c4975e38aa_jpg.rf.0WsvPzpCJgTBtBf7kVYQ.jpg,1,0,0,1,0,0
musa-acuminata-overripe-9bb9ea14-1d0a-11ec-8d8b-d8c4975e38aa_jpg.rf.0aI01SnJNUywTYCW2Vp2.jpg,0,0,1,0,0,0
musa-acuminata-freshripe-79b553bb-1d0a-11ec-9634-d8c4975e38aa_jpg.rf.xasb49MM5pdeXhf87RYj.jpg,1,0,0,0,0,0
musa-acuminata-rotten-89db8b2c-2653-11ec-9206-d8c4975e38aa_jpg.rf.y9uarDs9XORvlXVfmJzN.jpg,0,0,0,0,1,0
musa-acuminata-banana-a55f35e7-394a-11ec-8746-d8c4975e38aa_jpg.rf.yD91DnXa6IAi0f5a5CUn.jpg,0,0,1,1,1,0
musa-acuminata-freshunripe-71d06d76-1d0a-11ec-b088-d8c4975e38aa_jpg.rf.z0daaWheuaRKpQwfAsZT.jpg,0,1,0,0,0,0
musa-acuminata-banana-8d830e88-394a-11ec-b3fe-d8c4975e38aa_jpg.rf.0BXpCBzmDKX3XQRahCHC.jpg,0,0,1,0,0,0
musa-acuminata-unripe-80478df9-1d0a-11ec-8ef1-d8c4975e38aa_jpg.rf.0Fu6CORzKEBozkR2YCfx.jpg,0,0,0,0,1,1
musa-acuminata-banana-96c7bc63-394a-11ec-8c14-d8c4975e38aa_jpg.rf.zpbUEecV6bYtxx8sYYgp.jpg,0,0,1,0,1,0
musa-acuminata-freshunripe-6df9539e-1d0a-11ec-b281-d8c4975e38aa_jpg.rf.HmCR4JRk1J7DO1trdex6.jpg,0,1,0,0,0,0
musa-acuminata-ripe-73edbdf5-2653-11ec-8ba4-d8c4975e38aa_jpg.rf.HrunxFFwdX5rMmIZ65Zi.jpg,0,0,0,0,1,0
musa-acuminata-banana-fab69f0f-394a-11ec-a5d6-d8c4975e38aa_jpg.rf.yTTbiFYvo7OQjeynIy1N.jpg,0,0,0,1,0,0
musa-acuminata-banana-9be48081-394a-11ec-86cc-d8c4975e38aa_jpg.rf.z1vWBaArwMPxSmJ9A3Nu.jpg,0,0,0,0,1,0
musa-acuminata-banana-a4604a0d-394a-11ec-b4e3-d8c4975e38aa_jpg.rf.0T5kuKC2wEEgo50cMktY.jpg,0,0,1,0,1,0
musa-acuminata-banana-a8a9c3c5-394a-11ec-95f7-d8c4975e38aa_jpg.rf.zWJoEjuNzhdTmvFylrOu.jpg,0,0,1,0,0,0
musa-acuminata-ripe-97764e54-1d0a-11ec-acb1-d8c4975e38aa_jpg.rf.xi2RIA9WKZ00IMbyav6g.jpg,0,0,0,1,1,0
musa-acuminata-rotten-b871cf1f-1d0a-11ec-9079-d8c4975e38aa_jpg.rf.zK5DMOaE7HonnOgMHb6N.jpg,0,0,0,0,1,0
musa-acuminata-banana-eacbab48-394a-11ec-abb2-d8c4975e38aa_jpg.rf.zkCqGh4PMz0UjXH3xQgl.jpg,0,0,0,1,0,0
musa-acuminata-banana-897af9ef-394a-11ec-8d14-d8c4975e38aa_jpg.rf.zXJst8mKXHZvUS9UsZKh.jpg,0,0,0,0,1,0
musa-acuminata-unripe-83828e5f-1d0a-11ec-a886-d8c4975e38aa-1-_jpg.rf.zJXjgxPkqK6gizMd3NIs.jpg,0,0,0,0,1,1
musa-acuminata-freshripe-447e383b-2653-11ec-acee-d8c4975e38aa_jpg.rf.zpSRUNnVSnsMOlsLqpV7.jpg,1,0,0,0,0,0
musa-acuminata-freshunripe-674f6bcd-1d0a-11ec-9a0d-d8c4975e38aa_jpg.rf.wl6ue8gOIMT29MiqcBjk.jpg,0,1,0,0,0,0
musa-acuminata-overripe-9cc73f93-1d0a-11ec-9c2d-d8c4975e38aa_jpg.rf.IhEuE3HrnVs8sH5leGAr.jpg,0,0,1,0,0,0
musa-acuminata-ripe-70db36c2-2653-11ec-a2cb-d8c4975e38aa_jpg.rf.IhFNrHNLp5HgLyaUsDmQ.jpg,0,0,0,0,1,0
musa-acuminata-freshunripe-6be65b7f-1d0a-11ec-80c2-d8c4975e38aa_jpg.rf.Iikm42wUur0z5nrL2Py0.jpg,0,1,0,0,0,0
musa-acuminata-mold-e318a307-1d0a-11ec-9c38-d8c4975e38aa_jpg.rf.IpAnrU0xUtSIFgYFlZv7.jpg,0,0,1,0,0,0
musa-acuminata-freshripe-78c4e960-1d0a-11ec-8450-d8c4975e38aa_jpg.rf.Iq1vjGXHFrfySTKenaMV.jpg,1,0,0,0,0,0
musa-acuminata-overripe-a1bd9b25-1d0a-11ec-8a28-d8c4975e38aa_jpg.rf.Iy75w7kHuYdgX4mQJ4Eh.jpg,0,0,1,0,0,0
musa-acuminata-banana-d935c400-394a-11ec-840c-d8c4975e38aa_jpg.rf.ITPnKgASstxE0yFEHqUC.jpg,0,0,0,1,0,0
musa-acuminata-rotten-856540c5-2653-11ec-94a3-d8c4975e38aa_jpg.rf.I2jQjzc2IkfGzplkS6hx.jpg,0,0,0,0,1,0
musa-acuminata-unripe-83d39903-1d0a-11ec-b383-d8c4975e38aa-1-_jpg.rf.HzYniK3x72MWP1orIdvD.jpg,0,0,0,0,0,1
musa-acuminata-ripe-6e95a8ad-2653-11ec-a848-d8c4975e38aa_jpg.rf.IUmzutSYUENfIhbbeLEJ.jpg,0,0,0,1,1,0
musa-acuminata-unripe-8833e0f6-1d0a-11ec-a9da-d8c4975e38aa-1-_jpg.rf.IJ5jCSzgM2JEa50tTlm3.jpg,0,0,0,0,1,1
musa-acuminata-banana-f2cd050b-394a-11ec-958b-d8c4975e38aa_jpg.rf.Ic8HfZBIPt9OP0Peuwa0.jpg,1,0,0,0,0,0
musa-acuminata-mold-e21275f0-1d0a-11ec-8c2f-d8c4975e38aa_jpg.rf.I6T06leWFcH7kNqafU6V.jpg,0,0,1,0,1,0
musa-acuminata-banana-b59392fc-394a-11ec-ae1c-d8c4975e38aa_jpg.rf.IYEMrqkoBgCZorbQWUkT.jpg,1,0,0,1,0,0
musa-acuminata-freshripe-7adfb2cb-1d0a-11ec-a591-d8c4975e38aa_jpg.rf.HztDEjUxaYTy3dBS0n1l.jpg,1,0,0,0,0,0
musa-acuminata-mold-e3c43e5c-1d0a-11ec-928d-d8c4975e38aa_jpg.rf.Ic2t7iRmAjbTqDVNhrfI.jpg,0,0,1,0,1,0
musa-acuminata-freshripe-794e0164-1d0a-11ec-a33a-d8c4975e38aa_jpg.rf.mX3pfjpxUsVCvJ3pgfGp.jpg,1,0,0,0,0,0
musa-acuminata-ripe-961590a4-1d0a-11ec-9fb8-d8c4975e38aa_jpg.rf.Iql5BatMS6nUplokyUJi.jpg,0,0,0,1,1,0
musa-acuminata-banana-e4881863-394a-11ec-a33c-d8c4975e38aa_jpg.rf.IzfU0UWMMqEftsWQTSKJ.jpg,0,0,0,1,0,0
musa-acuminata-mold-e21bfeb3-1d0a-11ec-9030-d8c4975e38aa_jpg.rf.I2qKmcyww5hGtY1JVIez.jpg,0,0,1,0,1,0
musa-acuminata-overripe-800d2441-2653-11ec-8b88-d8c4975e38aa_jpg.rf.JM47QuI3g3G4eJ2DWDgm.jpg,0,0,1,0,1,0
musa-acuminata-banana-e70207cb-394a-11ec-9d04-d8c4975e38aa_jpg.rf.JCppwj56wEy5wBXoTqNW.jpg,0,0,0,1,0,0
musa-acuminata-banana-d4a025ae-4037-11ec-8374-94b86d66fd1d_jpg.rf.IygJQbTZU81d6nzsDKkb.jpg,0,0,0,1,0,0
musa-acuminata-banana-c46ec75c-394a-11ec-ad18-d8c4975e38aa_jpg.rf.JCEI7g5mtCds4yLa8WnV.jpg,0,0,0,1,0,0
musa-acuminata-ripe-6f43a61b-2653-11ec-a83b-d8c4975e38aa_jpg.rf.JNA26Bs1w9V6twqE0haa.jpg,0,0,0,1,1,0
musa-acuminata-ripe-9233abec-1d0a-11ec-b0e5-d8c4975e38aa_jpg.rf.mY9sOqpAV9f7h4oePMln.jpg,0,0,0,1,0,0
musa-acuminata-banana-9b4a7fa7-394a-11ec-a61a-d8c4975e38aa_jpg.rf.Jfmeoix1rKo5kSIPHmf1.jpg,0,0,0,0,1,0
musa-acuminata-overripe-9d648d3b-1d0a-11ec-8385-d8c4975e38aa_jpg.rf.meL86yDWgTJEU9adOeaW.jpg,0,0,1,0,0,0
musa-acuminata-freshunripe-64a1b624-1d0a-11ec-bfbb-d8c4975e38aa_jpg.rf.mnHAFiaQEQ13AqUvK7tP.jpg,0,1,0,0,0,0
musa-acuminata-mold-e48a139f-1d0a-11ec-a8e5-d8c4975e38aa_jpg.rf.n996rtEE3T7S6t0CzYIc.jpg,0,0,1,0,0,0
musa-acuminata-freshripe-78f2b1ca-1d0a-11ec-b45f-d8c4975e38aa_jpg.rf.osE1oRebEZihCbIQKQt7.jpg,1,0,0,0,0,0
musa-acuminata-ripe-6b7998b7-2653-11ec-ae8d-d8c4975e38aa_jpg.rf.mcdm423sl8BB5lk5ukzw.jpg,0,0,0,1,0,0
musa-acuminata-rotten-aee37626-1d0a-11ec-9a58-d8c4975e38aa_jpg.rf.nSnYqbxGN3yyzSpFxT5X.jpg,0,0,0,0,1,0
musa-acuminata-unripe-8c6b90b4-1d0a-11ec-8cd8-d8c4975e38aa-1-_jpg.rf.nQXLtAfu3DTvDvbEyHHq.jpg,0,0,0,0,0,1
musa-acuminata-overripe-7beebaa6-2653-11ec-bead-d8c4975e38aa_jpg.rf.J3z7IWSll3BZd7fVIuZ2.jpg,0,0,1,0,1,0
musa-acuminata-unripe-81f8d47b-1d0a-11ec-aeae-d8c4975e38aa-1-_jpg.rf.nAeJPaOzXxvgV8bJpWaK.jpg,0,0,0,0,0,1
musa-acuminata-banana-c2d74fc0-394a-11ec-b048-d8c4975e38aa_jpg.rf.nWYLgtat4lMshaf2nSzh.jpg,0,0,0,1,0,0
musa-acuminata-unripe-5d5eb6ca-2653-11ec-acde-d8c4975e38aa---Copy_jpg.rf.JAeMAgvZO2tQ2soFS2iG.jpg,0,0,0,0,1,1
musa-acuminata-ripe-985b1d77-1d0a-11ec-aefe-d8c4975e38aa_jpg.rf.ncY7cxhhfLyB5sw9PKCV.jpg,0,0,0,1,1,0
musa-acuminata-banana-a3d4bc27-394a-11ec-878c-d8c4975e38aa_jpg.rf.ndk6bpkn3g14waK1Y2xO.jpg,0,0,0,1,0,0
musa-acuminata-unripe-83ca0e0f-1d0a-11ec-9d82-d8c4975e38aa-1-_jpg.rf.JUTt4uY5SGrc6cqafSQR.jpg,0,0,0,0,0,1
musa-acuminata-overripe-80b32ade-2653-11ec-9e07-d8c4975e38aa_jpg.rf.orxRF3SQBfq7MKFgDOa4.jpg,0,0,1,0,0,0
musa-acuminata-banana-f1876e8c-394a-11ec-b521-d8c4975e38aa_jpg.rf.oQKUpDY6VoVhh23IXk23.jpg,0,0,0,1,0,0
musa-acuminata-banana-adb2a90e-394a-11ec-8f8e-d8c4975e38aa_jpg.rf.odair3dRqbJVjZlkjYtV.jpg,1,0,0,0,0,0
musa-acuminata-freshunripe-6f910b27-1d0a-11ec-9f84-d8c4975e38aa_jpg.rf.nYTcm9XLF51uQnHrJte9.jpg,0,1,0,0,0,0
musa-acuminata-ripe-9271a3f8-1d0a-11ec-990f-d8c4975e38aa_jpg.rf.nYxXVzc6n69jzIoSYpgz.jpg,0,0,0,1,0,0
musa-acuminata-rotten-81cbdabf-2653-11ec-a8c9-d8c4975e38aa_jpg.rf.q8dZCIuBjEgv54YXo2aQ.jpg,0,0,0,0,1,0
musa-acuminata-ripe-6d28fecb-2653-11ec-a10b-d8c4975e38aa_jpg.rf.qAY9Ba0b77jjZ6U4CUmR.jpg,0,0,0,1,0,0
musa-acuminata-banana-91faae42-394a-11ec-90dd-d8c4975e38aa_jpg.rf.qDAj0FzIHOIgh09HbynQ.jpg,0,0,1,0,0,0
musa-acuminata-banana-d2926a54-4037-11ec-8d3f-94b86d66fd1d_jpg.rf.GBsNgq7BifnZZXT0GcEH.jpg,1,0,0,1,0,0
musa-acuminata-banana-a050a7ba-394a-11ec-be2d-d8c4975e38aa_jpg.rf.oRDt4ybh3BUSrA59ZZix.jpg,0,0,0,0,1,0
musa-acuminata-banana-a7adcead-394a-11ec-9484-d8c4975e38aa_jpg.rf.nBWX1hhBv3ZP23TLMedO.jpg,0,0,1,0,0,0
musa-acuminata-freshunripe-71779556-1d0a-11ec-b07e-d8c4975e38aa_jpg.rf.p2drG4Py13uGbfR0NOX2.jpg,0,1,0,0,0,0
musa-acuminata-banana-adb588a5-4037-11ec-8f44-94b86d66fd1d_jpg.rf.oLSbyvJX3YWUAZYMQvDA.jpg,1,0,0,0,0,0
musa-acuminata-banana-96bf8d11-394a-11ec-8220-d8c4975e38aa_jpg.rf.pDJRpVJU002RJsrNxX1L.jpg,0,0,1,0,1,0
musa-acuminata-ripe-92b924b1-1d0a-11ec-881a-d8c4975e38aa_jpg.rf.pRu7dS2SkDLZZsVLaegP.jpg,0,0,0,1,0,0
musa-acuminata-unripe-54b15dbc-2653-11ec-9f37-d8c4975e38aa---Copy_jpg.rf.pftXR9vpj1bWEtsBoZxv.jpg,0,0,0,0,0,1
musa-acuminata-freshripe-7b30b3a3-1d0a-11ec-b1f0-d8c4975e38aa_jpg.rf.pLWZnJuWThq3TldJsBLL.jpg,1,0,0,0,0,0
musa-acuminata-banana-b52ed21a-4037-11ec-80fd-94b86d66fd1d_jpg.rf.GtnuYkggXHH5OebpvnCd.jpg,0,1,0,0,0,0
musa-acuminata-banana-d9292f5c-394a-11ec-b499-d8c4975e38aa_jpg.rf.GtwPEF1LhMIsDBYDhVGa.jpg,0,0,0,1,0,0
musa-acuminata-overripe-9e01da5f-1d0a-11ec-940d-d8c4975e38aa_jpg.rf.GvAVXoq5A6MIcw4MpMXR.jpg,0,0,1,0,1,0
musa-acuminata-unripe-8f31d36d-1d0a-11ec-a142-d8c4975e38aa-1-_jpg.rf.GxlvGWm6aLF7YpHMbqUM.jpg,0,0,0,0,0,1
musa-acuminata-unripe-8728f125-1d0a-11ec-9e03-d8c4975e38aa-1-_jpg.rf.H2RMHrZNMQ7GnPHe2biW.jpg,0,0,0,0,1,1
musa-acuminata-banana-eb4be76b-394a-11ec-bfe4-d8c4975e38aa_jpg.rf.H8xmhxouhsummdb2u9qB.jpg,1,0,0,1,0,0
musa-acuminata-rotten-87570b02-2653-11ec-a614-d8c4975e38aa_jpg.rf.HGQQ51y6RufzMnTqfMWq.jpg,0,0,0,0,1,0
musa-acuminata-overripe-7563f1bd-2653-11ec-84af-d8c4975e38aa_jpg.rf.HGZ0uEjPd3rWPCqMRWJM.jpg,0,0,1,0,1,0
musa-acuminata-ripe-6b858376-2653-11ec-b146-d8c4975e38aa_jpg.rf.HOh3S2nyPp71kTN0fP9S.jpg,0,0,0,1,0,0
musa-acuminata-freshunripe-68d45c50-1d0a-11ec-a3ac-d8c4975e38aa_jpg.rf.HU9xkmesKdwM0h5zxU3f.jpg,0,1,0,0,0,0
musa-acuminata-freshripe-7ed3f364-1d0a-11ec-b2fa-d8c4975e38aa_jpg.rf.G95piZgYEkYwntsCniXx.jpg,1,0,0,0,0,0
musa-acuminata-banana-bb40e20b-4037-11ec-9710-94b86d66fd1d_jpg.rf.GGEZJznY3MU0Lx3LXXg2.jpg,0,1,0,0,0,0
musa-acuminata-freshripe-4656235d-2653-11ec-bb2b-d8c4975e38aa_jpg.rf.GH585WFhKovvGQiBJOuZ.jpg,1,0,0,0,0,0
musa-acuminata-banana-8353eaa9-394a-11ec-a861-d8c4975e38aa_jpg.rf.G5B1QRCU922Q2QI80LVD.jpg,0,0,1,0,1,0
musa-acuminata-unripe-8e3c555c-1d0a-11ec-88b4-d8c4975e38aa-1-_jpg.rf.GG7MHqWxHg8jxwEw5d7D.jpg,0,1,0,0,0,0
musa-acuminata-banana-d35a7b70-4037-11ec-bcb6-94b86d66fd1d_jpg.rf.GIanoE7RgXQByYmHC5NJ.jpg,0,0,0,1,0,0
musa-acuminata-freshunripe-6886c7f7-1d0a-11ec-96b2-d8c4975e38aa_jpg.rf.GI1H7dWb36vnw06Dpgd2.jpg,0,1,0,0,0,0
musa-acuminata-freshripe-7a134876-1d0a-11ec-b9d9-d8c4975e38aa_jpg.rf.GOEaSG7WdjvtVrWJ0hpJ.jpg,1,0,0,0,0,0
musa-acuminata-banana-ebcf0989-394a-11ec-ae8e-d8c4975e38aa_jpg.rf.oTh7QRNAmGLPVTvhRqs9.jpg,1,0,0,0,0,0
musa-acuminata-mold-e4ccd004-1d0a-11ec-b7ab-d8c4975e38aa_jpg.rf.GW3Fsvsua7dMNwOU5R8Z.jpg,0,0,1,0,0,0
musa-acuminata-freshripe-7e25c45a-1d0a-11ec-8c48-d8c4975e38aa_jpg.rf.GKQSDRGlJrNaPLuXCBXt.jpg,1,0,0,0,0,0
musa-acuminata-mold-e61cddcd-1d0a-11ec-a1d9-d8c4975e38aa_jpg.rf.GbJvFxCF6lijfWEIFwQs.jpg,0,0,1,0,0,0
musa-acuminata-freshripe-493dc21e-2653-11ec-9fd3-d8c4975e38aa_jpg.rf.GfV0y5V9oe19lp4SGvN0.jpg,1,0,0,0,0,0
musa-acuminata-overripe-7c7b7f3f-2653-11ec-8270-d8c4975e38aa_jpg.rf.HY9JxK0S0lg0kezQDHFq.jpg,0,0,1,0,0,0
musa-acuminata-freshripe-495a5c16-2653-11ec-a9d6-d8c4975e38aa_jpg.rf.HauR2zxc5uXiDYRlSs30.jpg,1,0,0,0,0,0
musa-acuminata-mold-e6776fb5-1d0a-11ec-8c3a-d8c4975e38aa_jpg.rf.HbpMdIHQCMLd6rgKQ2Qr.jpg,0,0,1,0,0,0
musa-acuminata-freshripe-77e54cb0-1d0a-11ec-88a5-d8c4975e38aa_jpg.rf.HeKIJcIDfHKFaiDM2OSd.jpg,1,0,0,0,0,0
musa-acuminata-ripe-9acb925c-1d0a-11ec-a605-d8c4975e38aa_jpg.rf.HfKYKuh8U7AongY58F6R.jpg,0,0,0,1,1,0
musa-acuminata-banana-c878921c-394a-11ec-9663-d8c4975e38aa_jpg.rf.E7DQPfrr5SNkKim8NOiQ.jpg,1,0,0,0,0,0
musa-acuminata-overripe-9bb9ea16-1d0a-11ec-9f2e-d8c4975e38aa_jpg.rf.EAT0d00x1FJWOSMEvTDX.jpg,0,0,1,0,0,0
musa-acuminata-freshripe-7d42c078-1d0a-11ec-80fe-d8c4975e38aa_jpg.rf.H3VbfsAMjCFjFQ7uWn3Q.jpg,1,0,0,0,0,0
musa-acuminata-banana-b531975a-394a-11ec-badd-d8c4975e38aa_jpg.rf.HVphOcdfqmp8KNd8fCfk.jpg,0,0,0,1,0,0
musa-acuminata-banana-c4bf4319-394a-11ec-829e-d8c4975e38aa_jpg.rf.EUFKGto8JjLTQFthAjZ7.jpg,0,0,0,1,0,0
musa-acuminata-banana-a434f8a3-4037-11ec-afa1-94b86d66fd1d_jpg.rf.EEUMBnmJSjIqrPisTjBs.jpg,0,0,0,1,0,0
musa-acuminata-mold-e3f64bab-1d0a-11ec-bb68-d8c4975e38aa_jpg.rf.EZoudEsesEKzi2y3Sm1F.jpg,0,0,1,0,1,0
musa-acuminata-banana-9102da98-394a-11ec-abf9-d8c4975e38aa_jpg.rf.EfwFQBRsOokUppDmC450.jpg,0,0,1,0,1,0
musa-acuminata-freshripe-4a62eca7-2653-11ec-a862-d8c4975e38aa_jpg.rf.Ed57NOOxud77bT0IfPeA.jpg,1,0,0,0,0,0
musa-acuminata-banana-f3301125-394a-11ec-afc8-d8c4975e38aa_jpg.rf.EaE0FlSAWFLtRKoZlf3g.jpg,0,0,0,1,0,0
musa-acuminata-ripe-6c7b017d-2653-11ec-a138-d8c4975e38aa_jpg.rf.EJ4bMk7t5tuXTrc0pKDW.jpg,0,0,0,1,0,0
musa-acuminata-banana-abb26764-394a-11ec-969c-d8c4975e38aa_jpg.rf.EfBVxCMkCsVjkJvo2N59.jpg,0,0,1,1,0,0
musa-acuminata-banana-a95422c2-394a-11ec-a5bf-d8c4975e38aa_jpg.rf.Eh0OE6hoFH67X38axeL4.jpg,0,0,0,0,1,0
musa-acuminata-ripe-70392432-2653-11ec-8ecf-d8c4975e38aa_jpg.rf.EulXp3k24HeN7fIQufRr.jpg,0,0,0,0,1,0
musa-acuminata-banana-a1122d74-394a-11ec-9b78-d8c4975e38aa_jpg.rf.EsXzwCJrhDiKQj1MWfz1.jpg,0,0,1,0,1,0
musa-acuminata-unripe-88b6f69a-1d0a-11ec-a673-d8c4975e38aa-1-_jpg.rf.EkjOHI32m00l5pfpuGaL.jpg,0,0,0,0,0,1
musa-acuminata-banana-8bf48abc-394a-11ec-9e43-d8c4975e38aa_jpg.rf.EUZwJlJOVYMmhCshTBt5.jpg,0,0,0,0,1,0
musa-acuminata-mold-e18cfd25-1d0a-11ec-9c47-d8c4975e38aa_jpg.rf.F3mrIS2yPOyrrNFxqenJ.jpg,0,0,0,1,1,0
musa-acuminata-ripe-715988de-2653-11ec-a3d4-d8c4975e38aa_jpg.rf.FBPnzYKREYPkRHIyue3L.jpg,0,0,0,1,1,0
musa-acuminata-banana-adf29e02-394a-11ec-ab60-d8c4975e38aa_jpg.rf.FAGoM40S7XGJcHzRG5w1.jpg,0,0,0,1,0,0
musa-acuminata-banana-f0a48e01-394a-11ec-b2ce-d8c4975e38aa_jpg.rf.FAqvjUh6XjMNntp7NOo3.jpg,1,0,0,0,0,0
musa-acuminata-banana-a3376980-394a-11ec-9b46-d8c4975e38aa_jpg.rf.Ehqy4GnVmUJP1fU02gsv.jpg,0,0,1,0,0,0
musa-acuminata-ripe-6d69592e-2653-11ec-8508-d8c4975e38aa_jpg.rf.FZYF6VjAHVgjyoldqhuy.jpg,0,0,0,1,0,0
musa-acuminata-banana-f2cefda7-394a-11ec-a12e-d8c4975e38aa_jpg.rf.FX1NjnD0CIb9W3OtlXc8.jpg,1,0,0,0,0,0
musa-acuminata-banana-a09cdaa3-394a-11ec-bec7-d8c4975e38aa_jpg.rf.EwA19fCpK215v8J4BXVa.jpg,0,0,0,0,1,0
musa-acuminata-mold-e54b224e-1d0a-11ec-9aec-d8c4975e38aa_jpg.rf.FgRX28ImqTmDodji2twU.jpg,0,0,1,0,0,0
musa-acuminata-overripe-9e7441ef-1d0a-11ec-a069-d8c4975e38aa_jpg.rf.FixapBet4jFKxPMxVTJv.jpg,0,0,1,0,0,0
musa-acuminata-freshripe-44b2a633-2653-11ec-a539-d8c4975e38aa_jpg.rf.2AsA1xIp2UwIF2hBxx56.jpg,1,0,0,0,0,0
musa-acuminata-freshripe-4ba4ae9c-2653-11ec-aa5b-d8c4975e38aa_jpg.rf.FrNx5aPJwei12Agu9AUM.jpg,1,0,0,0,0,0
musa-acuminata-banana-aa150c5d-394a-11ec-925b-d8c4975e38aa_jpg.rf.FW2kK8MX0pBBp5rJRxeJ.jpg,0,0,1,0,1,0
musa-acuminata-banana-9eb417dc-394a-11ec-9f48-d8c4975e38aa_jpg.rf.2BIhHsMOyveAIBZ2o9z1.jpg,0,0,0,0,1,0
musa-acuminata-freshunripe-399e60df-2653-11ec-aac3-d8c4975e38aa_jpg.rf.Fcnc2YX9xOa5t5pUSe8x.jpg,0,1,0,0,0,0
musa-acuminata-banana-e8d44d6c-394a-11ec-a6be-d8c4975e38aa_jpg.rf.26nq1lLfwGMFx33wNkr3.jpg,0,0,0,1,0,0
musa-acuminata-banana-f163b765-394a-11ec-bc8a-d8c4975e38aa_jpg.rf.2bw22yis8v05d0jGGAU8.jpg,0,0,0,1,0,0
musa-acuminata-unripe-90e600ca-1d0a-11ec-85c4-d8c4975e38aa-1-_jpg.rf.3DfXefdK2geL2HEqGAyr.jpg,0,0,0,0,0,1
musa-acuminata-banana-9ce15b91-4037-11ec-acab-94b86d66fd1d_jpg.rf.28GUMprPsUaYLJsbFFfN.jpg,1,0,0,1,0,0
musa-acuminata-banana-cc17fce0-4037-11ec-953b-94b86d66fd1d_jpg.rf.FHKR8CjTlY5aYN6U3yJn.jpg,1,0,0,0,0,0
musa-acuminata-ripe-71f47509-2653-11ec-af46-d8c4975e38aa_jpg.rf.3OgN8x8Er3PFHOWIofLm.jpg,0,0,0,1,1,0
musa-acuminata-ripe-92ed9422-1d0a-11ec-abb7-d8c4975e38aa_jpg.rf.2GbisZGlzx8VMWKWshm3.jpg,0,0,0,1,0,0
musa-acuminata-freshripe-4987a518-2653-11ec-b80e-d8c4975e38aa_jpg.rf.1yLrvVnLW2Lqb9c5HqHU.jpg,1,0,0,0,0,0
musa-acuminata-unripe-81035671-1d0a-11ec-a9d4-d8c4975e38aa_jpg.rf.3R09Rb1GQIsQmBbg33WZ.jpg,0,0,0,0,1,1
musa-acuminata-rotten-b876b137-1d0a-11ec-a3df-d8c4975e38aa_jpg.rf.3jL3u1uCNPfiGAGi0lmK.jpg,0,0,0,0,1,0
musa-acuminata-banana-88ebd4f9-394a-11ec-bbe6-d8c4975e38aa_jpg.rf.Fxtqa4U1f82WXYaeB70B.jpg,0,0,1,0,1,0
musa-acuminata-freshunripe-203095d4-2653-11ec-9a32-d8c4975e38aa_jpg.rf.3mOS7INiYcicwTs2qi3h.jpg,0,1,0,0,0,0
musa-acuminata-ripe-735c5a7d-2653-11ec-93cc-d8c4975e38aa_jpg.rf.2uNqU4ph114OaeOeluMu.jpg,0,0,0,0,1,0
musa-acuminata-overripe-a135c179-1d0a-11ec-9426-d8c4975e38aa_jpg.rf.3k4jElr1WmnThMwtLuiG.jpg,0,0,1,0,1,0
musa-acuminata-banana-958dadc6-394a-11ec-a2c1-d8c4975e38aa_jpg.rf.3diYGE5jmY51pDCy4oN1.jpg,0,0,1,0,1,0
musa-acuminata-rotten-84fa54d6-2653-11ec-84a7-d8c4975e38aa_jpg.rf.4H2PS2hm6IsIZIvLyQCi.jpg,0,0,0,0,1,0
musa-acuminata-mold-e27db8e8-1d0a-11ec-95b4-d8c4975e38aa_jpg.rf.3TVgw874TyHUvQjiBgwS.jpg,0,0,1,0,1,0
musa-acuminata-mold-e63715d0-1d0a-11ec-aab6-d8c4975e38aa_jpg.rf.45l2E7sGHGrqfYbJXnis.jpg,0,0,1,0,0,0
musa-acuminata-freshunripe-6a53fe0e-1d0a-11ec-a2c3-d8c4975e38aa_jpg.rf.3qrj4Ariq0EeTRwjtljI.jpg,0,1,0,0,0,0
musa-acuminata-unripe-54b88418-2653-11ec-9666-d8c4975e38aa---Copy_jpg.rf.3ov77kikqOE6GmgD4lmY.jpg,0,0,0,0,1,1
musa-acuminata-overripe-9e043da0-1d0a-11ec-bac3-d8c4975e38aa_jpg.rf.2fM6xbfkNnXWa7menIT6.jpg,0,0,1,0,1,0
musa-acuminata-ripe-98696d2e-1d0a-11ec-8f5e-d8c4975e38aa_jpg.rf.4MKZDgZtXXRwz97KPFwL.jpg,0,0,0,1,1,0
musa-acuminata-rotten-a79d8c04-1d0a-11ec-9b78-d8c4975e38aa_jpg.rf.3yf8DsTppow3pps0Xjy8.jpg,0,0,0,0,1,0
musa-acuminata-unripe-8a2864ba-1d0a-11ec-8948-d8c4975e38aa-1-_jpg.rf.4LpwjnryvfXtBIga9PlB.jpg,0,1,0,0,0,1
musa-acuminata-unripe-810cdf17-1d0a-11ec-8601-d8c4975e38aa_jpg.rf.4QI4hFAQlJfPFAnjJ6HL.jpg,0,0,0,0,1,1
musa-acuminata-unripe-8d14c9dd-1d0a-11ec-871f-d8c4975e38aa-1-_jpg.rf.3wFdD8UlctNpLQ9blLZI.jpg,0,0,0,0,1,1
musa-acuminata-mold-e6776fb7-1d0a-11ec-aa61-d8c4975e38aa_jpg.rf.8ND0VHu39g9uzjQg8fBX.jpg,0,0,1,0,0,0
musa-acuminata-overripe-74d9b4a0-2653-11ec-8104-d8c4975e38aa_jpg.rf.46tvVSGhLDbIykQtiUkO.jpg,0,0,1,0,0,0
musa-acuminata-rotten-bab23817-1d0a-11ec-93a6-d8c4975e38aa_jpg.rf.8dI3s9y28BaDCQGVsqAn.jpg,0,0,0,0,1,0
musa-acuminata-mold-e3ffd43a-1d0a-11ec-907b-d8c4975e38aa_jpg.rf.3vUxaNAvNXS226blZucx.jpg,0,0,1,0,1,0
musa-acuminata-banana-88b806e1-394a-11ec-ac94-d8c4975e38aa_jpg.rf.3EYAYhXobcMwhiSekQNs.jpg,0,0,1,0,1,0
musa-acuminata-rotten-bf2fd4a3-1d0a-11ec-adf3-d8c4975e38aa_jpg.rf.8YTi9U3FLcOhUKQV1Jvq.jpg,0,0,0,0,1,0
musa-acuminata-overripe-7fe64bb8-2653-11ec-90ad-d8c4975e38aa_jpg.rf.8sUzph1CgSnZLIXCi474.jpg,0,0,1,0,0,0
musa-acuminata-unripe-8d71be27-1d0a-11ec-ac84-d8c4975e38aa-1-_jpg.rf.8SfvN586ZT8Erql4IKBJ.jpg,0,0,0,0,0,1
musa-acuminata-unripe-85f7da44-1d0a-11ec-9e39-d8c4975e38aa-1-_jpg.rf.8wNb6L5EksVEUxCPQL9m.jpg,0,0,0,0,1,1
musa-acuminata-banana-b623981b-394a-11ec-a5f0-d8c4975e38aa_jpg.rf.99SmFdvb1eLzsgWV9dx8.jpg,1,0,0,1,1,0
musa-acuminata-overripe-7cb1001a-2653-11ec-89a4-d8c4975e38aa_jpg.rf.9EVHjeCmsHaSTn66kR99.jpg,0,0,1,0,0,0
musa-acuminata-banana-857528bf-394a-11ec-b38a-d8c4975e38aa_jpg.rf.9xSSdUVYOkrLvBtkVQag.jpg,0,0,0,1,1,0
musa-acuminata-unripe-82b74a97-1d0a-11ec-89f3-d8c4975e38aa-1-_jpg.rf.ATtnaKNbPJaGfcSVzytI.jpg,0,0,0,0,0,1
musa-acuminata-banana-ec9ec647-394a-11ec-b09a-d8c4975e38aa_jpg.rf.AOXV2FwWkzMVp5UZ4EHG.jpg,1,0,0,0,0,0
musa-acuminata-freshunripe-27a8c2a8-2653-11ec-845d-d8c4975e38aa_jpg.rf.AVdYMpwNeNlgqSItddYb.jpg,0,1,0,0,0,0
musa-acuminata-ripe-6d4f2150-2653-11ec-a6b3-d8c4975e38aa_jpg.rf.9zsSwLqF1bPSZZAoxHGc.jpg,0,0,0,1,0,0
musa-acuminata-freshripe-7a3ff35e-1d0a-11ec-a98d-d8c4975e38aa_jpg.rf.BeU8ZRPuYjbEN3JpTCtp.jpg,1,0,0,0,0,0
musa-acuminata-unripe-85130e1a-1d0a-11ec-8457-d8c4975e38aa-1-_jpg.rf.AQYkflWWpoFBsOX8AqZd.jpg,0,0,0,0,1,1
musa-acuminata-freshunripe-2bc63b50-2653-11ec-bda4-d8c4975e38aa_jpg.rf.BBLnXkcPYiTHbIUFWHhU.jpg,0,1,0,0,0,0
musa-acuminata-rotten-84593c71-2653-11ec-8a1c-d8c4975e38aa_jpg.rf.AGbJX0OUmMk1uSpcAj2T.jpg,0,0,0,0,1,0
musa-acuminata-rotten-ad52f64c-1d0a-11ec-92f9-d8c4975e38aa_jpg.rf.BhAMSsYORYmkcgUSq6L1.jpg,0,0,0,0,1,0
musa-acuminata-overripe-7e2aa1e4-2653-11ec-b734-d8c4975e38aa_jpg.rf.BnCsMyrjvw0wmoHWTZxv.jpg,0,0,1,0,0,0
musa-acuminata-banana-a41da799-394a-11ec-b7d6-d8c4975e38aa_jpg.rf.BjlIQIFid9DLUgxuZKqp.jpg,0,0,0,1,1,0
musa-acuminata-freshunripe-341dc6ef-2653-11ec-9d7a-d8c4975e38aa_jpg.rf.Bs4J0CQpBJXPcN5XU2dB.jpg,0,1,0,0,0,0
musa-acuminata-banana-d0e5543b-394a-11ec-b59c-d8c4975e38aa_jpg.rf.3LLIKphLeDmlY19t269Q.jpg,0,0,0,1,0,0
musa-acuminata-banana-b982319a-4037-11ec-a376-94b86d66fd1d_jpg.rf.CB0ZpQSFyTYQv6TUGvw3.jpg,0,1,0,0,0,1
musa-acuminata-overripe-8062334d-2653-11ec-996c-d8c4975e38aa_jpg.rf.BpGSBwSEfY0scAzCNTmG.jpg,0,0,1,0,0,0
musa-acuminata-banana-8c628387-394a-11ec-97dc-d8c4975e38aa_jpg.rf.Bixzu0grtOEIn39GAUso.jpg,0,0,0,0,1,0
musa-acuminata-banana-ac2f1376-394a-11ec-bbf3-d8c4975e38aa_jpg.rf.CQhr7RBba61z6JHqbNpQ.jpg,0,0,1,1,0,0
musa-acuminata-overripe-9f00e12a-1d0a-11ec-8620-d8c4975e38aa_jpg.rf.C9cuiRS4sO5YyXOm61iN.jpg,0,0,1,0,1,0
musa-acuminata-overripe-76203acf-2653-11ec-b271-d8c4975e38aa_jpg.rf.fAcov8Y6dHKR8DjLqoFD.jpg,0,0,1,0,0,0
musa-acuminata-freshunripe-76cf8c33-1d0a-11ec-a55d-d8c4975e38aa_jpg.rf.faqReCQz5LkfoqSAvrUR.jpg,0,0,0,0,0,1
musa-acuminata-rotten-b9d4305e-1d0a-11ec-a8ec-d8c4975e38aa_jpg.rf.LwCcZOTTxpBJL8j9UntE.jpg,0,0,0,0,1,0
musa-acuminata-rotten-8604e36a-2653-11ec-b917-d8c4975e38aa_jpg.rf.LwE7JNIlSqABKviUou19.jpg,0,0,0,0,1,0
musa-acuminata-overripe-74dc1585-2653-11ec-a5fb-d8c4975e38aa_jpg.rf.fy6RyFt2yuchVc9a9wCY.jpg,0,0,1,0,0,0
musa-acuminata-banana-84d020a9-394a-11ec-a302-d8c4975e38aa_jpg.rf.g6zkAExtnfVpGinHJVX6.jpg,0,0,1,0,0,0
musa-acuminata-banana-eb49ef05-394a-11ec-a5b2-d8c4975e38aa_jpg.rf.f6WWlw1PHe2XQVWJgU8M.jpg,1,0,0,1,0,0
musa-acuminata-banana-9675bc88-394a-11ec-aa77-d8c4975e38aa_jpg.rf.fvZEmsNBCL8nzyz96DwX.jpg,0,0,1,0,1,0
musa-acuminata-banana-aec90047-394a-11ec-92a0-d8c4975e38aa_jpg.rf.M9dvlXTsSi0cr1JUaOpR.jpg,0,0,0,1,0,0
musa-acuminata-rotten-875a741a-2653-11ec-ab73-d8c4975e38aa_jpg.rf.MQ4mrRX7DCtjmRcjqVdc.jpg,0,0,0,0,1,0
musa-acuminata-freshunripe-704a8d35-1d0a-11ec-9c74-d8c4975e38aa_jpg.rf.MQxwbrp9c6AfyM5gknEb.jpg,0,1,0,0,0,0
musa-acuminata-banana-e269b8e7-394a-11ec-b5f7-d8c4975e38aa_jpg.rf.MSpH57WgCDck4dYiH9cT.jpg,1,0,0,1,0,0
musa-acuminata-banana-89de6c57-394a-11ec-ba54-d8c4975e38aa_jpg.rf.gLmLIuZQyv6p2KBUvZQm.jpg,0,0,0,0,1,0
musa-acuminata-ripe-6d1d1404-2653-11ec-9281-d8c4975e38aa_jpg.rf.McrCVUTJ8CrgIBMWun4Z.jpg,0,0,0,1,0,0
musa-acuminata-banana-f2d5cfd5-394a-11ec-9af0-d8c4975e38aa_jpg.rf.NPYtBPl54VXjlMlsY66K.jpg,1,0,0,0,0,0
musa-acuminata-banana-a9458194-394a-11ec-8fdf-d8c4975e38aa_jpg.rf.MuI8JQixrjSyx0wP3BbZ.jpg,0,0,0,0,1,0
musa-acuminata-overripe-9ea18ad8-1d0a-11ec-a338-d8c4975e38aa_jpg.rf.NCa9etxsjhOegJ4VfMEI.jpg,0,0,1,0,0,0
musa-acuminata-rotten-86bff654-2653-11ec-b3b0-d8c4975e38aa_jpg.rf.Me25zCq0jzUT4FA4R9EL.jpg,0,0,0,0,1,0
musa-acuminata-overripe-7fb903ce-2653-11ec-888f-d8c4975e38aa_jpg.rf.NLzGLfed6ultvMwA3TcJ.jpg,0,0,1,0,1,0
musa-acuminata-rotten-88f4b76c-2653-11ec-b25b-d8c4975e38aa_jpg.rf.NrBdegW3JgAJlubffPUX.jpg,0,0,0,0,1,0
musa-acuminata-overripe-80fba864-2653-11ec-9c73-d8c4975e38aa_jpg.rf.gc2Jsf7bqu426Zo9iEgX.jpg,0,0,1,0,0,0
musa-acuminata-ripe-6ff1a36c-2653-11ec-9d17-d8c4975e38aa_jpg.rf.gOLVQVt31hknO3FuWiqw.jpg,0,0,0,1,1,0
musa-acuminata-banana-a518f552-394a-11ec-a62c-d8c4975e38aa_jpg.rf.g9uvBo4654og5nXjiyrz.jpg,0,0,1,0,0,0
musa-acuminata-rotten-b9449f2c-1d0a-11ec-88b9-d8c4975e38aa_jpg.rf.gbSUb5mzjdQSgyDG2fiS.jpg,0,0,0,0,1,0
musa-acuminata-ripe-97cc1c38-1d0a-11ec-b01c-d8c4975e38aa_jpg.rf.f9rQCfVnthTYicmcvBTI.jpg,0,0,0,1,1,0
musa-acuminata-banana-8b6d4c49-394a-11ec-a52d-d8c4975e38aa_jpg.rf.giHdKnZRPu6Y8gZsG63N.jpg,0,0,0,0,1,0
musa-acuminata-banana-9eba9761-4037-11ec-ad37-94b86d66fd1d_jpg.rf.fgxoYrAcrIH43gP0CUD6.jpg,0,0,0,1,0,0
musa-acuminata-freshripe-4455b234-2653-11ec-ad56-d8c4975e38aa_jpg.rf.NxhWBDE43zb97THnBBfd.jpg,1,0,0,0,0,0
musa-acuminata-banana-b0b6e24e-394a-11ec-9019-d8c4975e38aa_jpg.rf.O4hF5WmSutELZx0J7rXP.jpg,1,0,0,0,0,0
musa-acuminata-banana-a418a6db-394a-11ec-9109-d8c4975e38aa_jpg.rf.NUzNPqtiy1crCXPQhzpL.jpg,0,0,1,0,1,0
musa-acuminata-freshripe-7b17957f-1d0a-11ec-8682-d8c4975e38aa_jpg.rf.gCrRP4P2hyOcnUO2i89X.jpg,1,0,0,0,0,0
musa-acuminata-banana-9463bee1-394a-11ec-b05f-d8c4975e38aa_jpg.rf.NWkhGLMytPSuYbB8YZ0i.jpg,0,0,1,0,1,0
musa-acuminata-unripe-62da8c8d-2653-11ec-8af2-d8c4975e38aa---Copy_jpg.rf.OJDDWYRY1KzQ2uap3dZR.jpg,0,0,0,0,1,0
musa-acuminata-rotten-8125534a-2653-11ec-bf1f-d8c4975e38aa_jpg.rf.ONj7tXrKMFxAtWqHVfO2.jpg,0,0,0,0,1,0
musa-acuminata-mold-e2068b14-1d0a-11ec-9495-d8c4975e38aa_jpg.rf.OQ1wkh93V1edGqPPdIHS.jpg,0,0,1,0,1,0
musa-acuminata-unripe-841191af-1d0a-11ec-aad6-d8c4975e38aa-1-_jpg.rf.OQ88R4SwdY6iPQ8HLZnP.jpg,0,0,0,0,0,1
musa-acuminata-mold-e5ead07b-1d0a-11ec-a6db-d8c4975e38aa_jpg.rf.OWUvtE46EfhJxkZWuqTw.jpg,0,0,1,0,0,0
musa-acuminata-banana-cfc65405-4037-11ec-afc3-94b86d66fd1d_jpg.rf.P00blW5NwW4QKRqurwlU.jpg,1,0,0,0,0,0
musa-acuminata-banana-a052c6f0-394a-11ec-9d47-d8c4975e38aa_jpg.rf.P5HdB8DDN8kv1ThuTWLu.jpg,0,0,0,0,1,0
musa-acuminata-banana-b12d1795-394a-11ec-ba93-d8c4975e38aa_jpg.rf.PA86MEuiU7kaCUEog6m5.jpg,1,0,0,1,0,0
musa-acuminata-banana-b26e081b-394a-11ec-a3c5-d8c4975e38aa_jpg.rf.3FCBU9EwILTN6lhAgKJE.jpg,1,0,0,0,0,0
musa-acuminata-overripe-9db7f7a1-1d0a-11ec-ad3a-d8c4975e38aa_jpg.rf.3FIz2Llb1pd3zEBNjUXb.jpg,0,0,1,0,1,0
musa-acuminata-freshripe-44b04408-2653-11ec-87ec-d8c4975e38aa_jpg.rf.hg6aooCnz6Cwg8W5rJTa.jpg,1,0,0,0,0,0
musa-acuminata-freshunripe-653ccbd1-1d0a-11ec-bdab-d8c4975e38aa_jpg.rf.fgaKPwN1jPHBCH6cRLbc.jpg,0,1,0,0,0,0
musa-acuminata-freshripe-4fe84990-2653-11ec-b8c3-d8c4975e38aa_jpg.rf.LtebteRnWl8YTJyaDHpL.jpg,1,0,0,0,0,0
musa-acuminata-rotten-a2693664-1d0a-11ec-aff2-d8c4975e38aa_jpg.rf.hC4ZqTr96UFmiZuqYTEL.jpg,0,0,0,0,1,0
musa-acuminata-banana-8bb1f2d4-394a-11ec-aab5-d8c4975e38aa_jpg.rf.hD4v88V0c9EpCIKow5VC.jpg,0,0,0,0,1,0
musa-acuminata-banana-8ed30a2c-394a-11ec-a0b5-d8c4975e38aa_jpg.rf.O6DoPJSaTpyw3Y8baB9i.jpg,0,0,1,0,1,0
musa-acuminata-freshripe-7a182a70-1d0a-11ec-ad2d-d8c4975e38aa_jpg.rf.O7cLwU88taF5Y2z9EnEy.jpg,1,0,0,0,0,0
musa-acuminata-banana-fab7d55f-394a-11ec-ad86-d8c4975e38aa_jpg.rf.4G30JTf8ALkoklIoDga8.jpg,0,0,0,1,0,0
musa-acuminata-overripe-7e12d34e-2653-11ec-a53b-d8c4975e38aa_jpg.rf.4J2eNK5H96MYxfaQ3XK9.jpg,0,0,1,0,0,0
musa-acuminata-unripe-612d8862-2653-11ec-99eb-d8c4975e38aa---Copy_jpg.rf.4KnVPyfRUSMgjYVzak9N.jpg,0,0,0,0,0,1
musa-acuminata-banana-af5f64bd-394a-11ec-8abc-d8c4975e38aa_jpg.rf.4RTAElhX8n2Qeqifijk4.jpg,1,0,0,1,0,0
musa-acuminata-banana-f9f040be-394a-11ec-88a6-d8c4975e38aa_jpg.rf.4X2sS4fis0qGTaX1cQxf.jpg,0,0,0,1,0,0
musa-acuminata-ripe-6fcde325-2653-11ec-a256-d8c4975e38aa_jpg.rf.4iuYdyjsoHcX6IhYkAoK.jpg,0,0,0,1,1,0
musa-acuminata-banana-e747d2b3-394a-11ec-9092-d8c4975e38aa_jpg.rf.4uQn9BFBWBCfHEIO28w7.jpg,0,0,0,1,0,0
musa-acuminata-banana-fa2c4a5e-394a-11ec-891d-d8c4975e38aa_jpg.rf.5ZEcxdiO36jGyJGAwk5V.jpg,0,0,0,1,0,0
musa-acuminata-banana-ab770bab-394a-11ec-a6f6-d8c4975e38aa_jpg.rf.5d4JJKGuYqfMAhE2Ck11.jpg,0,0,1,1,0,0
musa-acuminata-unripe-87301739-1d0a-11ec-852c-d8c4975e38aa-1-_jpg.rf.5enXyW4HJ1o6LTIUxhKQ.jpg,0,0,0,0,0,1
musa-acuminata-mold-e1ae5b43-1d0a-11ec-80fd-d8c4975e38aa_jpg.rf.5jfhYhVXC5ym5aErDx5t.jpg,0,0,1,0,1,0
musa-acuminata-ripe-9516886f-1d0a-11ec-a056-d8c4975e38aa_jpg.rf.62Lb3wazOoR9Hb7Len9R.jpg,0,0,0,1,0,0
musa-acuminata-mold-e34d1292-1d0a-11ec-aa20-d8c4975e38aa_jpg.rf.63vrWe7L7CDbr0GOgiVW.jpg,0,0,1,0,1,0
musa-acuminata-banana-ae55919c-394a-11ec-8a28-d8c4975e38aa_jpg.rf.6F5zAjus12jem7l7swtQ.jpg,0,0,0,1,0,0
musa-acuminata-ripe-6cf6f1a1-2653-11ec-b872-d8c4975e38aa_jpg.rf.3o0TpR5DY0DChX7bZcJR.jpg,0,0,0,1,0,0
musa-acuminata-banana-de2f05f4-394a-11ec-87a5-d8c4975e38aa_jpg.rf.hMMD30WDX5NxuKZrXhOt.jpg,0,0,0,1,0,0
musa-acuminata-banana-b3bd6139-394a-11ec-85f1-d8c4975e38aa_jpg.rf.3J180q3DTM2EaRq5gp70.jpg,1,0,0,0,0,0
musa-acuminata-freshunripe-27f9cbc5-2653-11ec-92a4-d8c4975e38aa_jpg.rf.3w6yE4tXDdbgjdqF1CcS.jpg,0,1,0,0,0,0
musa-acuminata-mold-e6076cb7-1d0a-11ec-832f-d8c4975e38aa_jpg.rf.f4ypA8A6Q8woZvUMR35y.jpg,0,0,1,0,0,0
musa-acuminata-overripe-7d7a23d6-2653-11ec-bd56-d8c4975e38aa_jpg.rf.6fmFi41qF3zNF78Q5J4V.jpg,0,0,1,0,1,0
musa-acuminata-rotten-8c532311-2653-11ec-815b-d8c4975e38aa_jpg.rf.6k6Hk8FPRj8pxjBc5dmD.jpg,0,0,0,0,1,0
musa-acuminata-rotten-ba7d0f5a-1d0a-11ec-a228-d8c4975e38aa_jpg.rf.6qJgpqnfmUNq8V4BDodi.jpg,0,0,0,0,1,0
musa-acuminata-freshunripe-73936c97-1d0a-11ec-ac01-d8c4975e38aa_jpg.rf.7H6LWPhcOHrvBK6Rd4QV.jpg,0,1,0,0,0,0
musa-acuminata-banana-f0924712-394a-11ec-8fb8-d8c4975e38aa_jpg.rf.7ISGdOpABUnziuEgPRpU.jpg,1,0,0,0,0,0
musa-acuminata-banana-bf299e53-394a-11ec-b153-d8c4975e38aa_jpg.rf.7QFCWv3v1pa6hsptwjqx.jpg,0,0,0,1,0,0
musa-acuminata-freshripe-7a3d83bd-1d0a-11ec-832b-d8c4975e38aa_jpg.rf.7ZDXsgX3VzME3keuV0OA.jpg,1,0,0,0,0,0
musa-acuminata-banana-001ad568-394b-11ec-bc04-d8c4975e38aa_jpg.rf.7aGWqMDVRhphwxa72R7b.jpg,0,0,0,1,0,0
musa-acuminata-ripe-6c41cdc2-2653-11ec-bc69-d8c4975e38aa_jpg.rf.7hVt9kUlqqTQuORQTtoh.jpg,0,0,0,1,0,0
musa-acuminata-overripe-764b2198-2653-11ec-92f8-d8c4975e38aa_jpg.rf.7z9TXpT3tDlS47mLIaos.jpg,0,0,1,0,0,0
musa-acuminata-ripe-6be2779b-2653-11ec-8516-d8c4975e38aa_jpg.rf.8CoHmK47ndvXo6fW9YgV.jpg,0,0,0,1,0,0
musa-acuminata-unripe-8988b5da-1d0a-11ec-8d54-d8c4975e38aa-1-_jpg.rf.8TC3YeayVaHYudxjib6W.jpg,0,0,0,0,0,1
musa-acuminata-freshripe-7bca5c4b-1d0a-11ec-9155-d8c4975e38aa_jpg.rf.8ZBhjyeaqXYm3BB4IWlL.jpg,1,0,0,0,0,0
musa-acuminata-ripe-7390c9e3-2653-11ec-842d-d8c4975e38aa_jpg.rf.8jK7S66sKw0r5HaxyOoc.jpg,0,0,0,0,1,0
musa-acuminata-rotten-8c99cdfa-2653-11ec-9525-d8c4975e38aa_jpg.rf.8nPEhWT1VDmekxx8bwZl.jpg,0,0,0,0,1,0
musa-acuminata-overripe-9c5bfca4-1d0a-11ec-a50e-d8c4975e38aa_jpg.rf.6X8FLahGpD3lEQN2ROwi.jpg,0,0,1,0,0,0
musa-acuminata-rotten-ba125c5b-1d0a-11ec-8ca6-d8c4975e38aa_jpg.rf.Ln0vTe8QX2p61nK8fdws.jpg,0,0,0,0,1,0
musa-acuminata-ripe-99eb87ca-1d0a-11ec-987f-d8c4975e38aa_jpg.rf.6eY48qYkHsBMZX8um2Zx.jpg,0,0,0,1,1,0
musa-acuminata-banana-c61dc5c9-394a-11ec-9170-d8c4975e38aa_jpg.rf.6aUl3DULCwAR2nQgM3b1.jpg,1,0,0,1,0,0
musa-acuminata-freshunripe-6ed11a7a-1d0a-11ec-83c0-d8c4975e38aa_jpg.rf.9VKxQOywiAeUxcGQS44d.jpg,0,1,0,0,0,0
musa-acuminata-rotten-a82c8d53-1d0a-11ec-90a7-d8c4975e38aa_jpg.rf.9aOXRJwys9oVXuQvPLM6.jpg,0,0,0,0,1,0
musa-acuminata-banana-8e241c3d-394a-11ec-bf61-d8c4975e38aa_jpg.rf.9arcIRgn3Qa2scsOInpJ.jpg,0,0,0,0,1,0
musa-acuminata-unripe-89d75b5b-1d0a-11ec-a6cc-d8c4975e38aa-1-_jpg.rf.9xFyqyTLCx9aoaHDA3KF.jpg,0,0,0,0,0,1
musa-acuminata-overripe-7e96b91f-2653-11ec-96ec-d8c4975e38aa_jpg.rf.9zgy6LNfcWUpPn62qRo6.jpg,0,0,1,0,0,0
musa-acuminata-overripe-a10150cb-1d0a-11ec-a72a-d8c4975e38aa_jpg.rf.A0R2cE0h6xb94oUaB3Ds.jpg,0,0,1,0,1,0
musa-acuminata-banana-e05ff2a3-394a-11ec-a1a4-d8c4975e38aa_jpg.rf.ANgzUVZOvxy9oPPOypGE.jpg,0,0,0,1,0,0
musa-acuminata-freshripe-4a275569-2653-11ec-ab3a-d8c4975e38aa_jpg.rf.APmBccdlCT97gU1tE8sP.jpg,1,0,0,0,0,0
musa-acuminata-mold-e3ef251d-1d0a-11ec-bbe6-d8c4975e38aa_jpg.rf.ARNdpPl84djQtRVdRz2o.jpg,0,0,1,0,1,0
musa-acuminata-freshripe-790e8bd7-1d0a-11ec-aae6-d8c4975e38aa_jpg.rf.AjOjSK3UrhsuT4FiKQV9.jpg,1,0,0,0,0,0
musa-acuminata-rotten-8460f4cf-2653-11ec-9f1e-d8c4975e38aa_jpg.rf.AtINuRRBPJ8BpDVbjQmH.jpg,0,0,0,0,1,0
musa-acuminata-rotten-bdd8fe82-1d0a-11ec-a07d-d8c4975e38aa_jpg.rf.AtwY1AHZrQt1bsTMquhr.jpg,0,0,0,0,1,0
musa-acuminata-ripe-6aa0b466-2653-11ec-9ab5-d8c4975e38aa_jpg.rf.AyOnNymQHKlP5kWGCkn9.jpg,0,0,0,1,0,0
musa-acuminata-banana-b8c11074-4037-11ec-a610-94b86d66fd1d_jpg.rf.hPW2P6mzB4sp4ZyNBj96.jpg,0,1,0,0,0,1
musa-acuminata-rotten-8e3dbeb3-2653-11ec-b716-d8c4975e38aa_jpg.rf.8slraG8p4rFD1YzozyRl.jpg,0,0,0,0,1,0
musa-acuminata-ripe-972544fb-1d0a-11ec-b3bc-d8c4975e38aa_jpg.rf.90s7Q1hamtOVlzFN8aGb.jpg,0,0,0,1,1,0
musa-acuminata-mold-e34ab068-1d0a-11ec-a74a-d8c4975e38aa_jpg.rf.LnbQgn9kl53qUgeujMkb.jpg,0,0,1,0,1,0
musa-acuminata-freshunripe-65e449ac-1d0a-11ec-bf8a-d8c4975e38aa_jpg.rf.8Cag1ix6dt75C0t2Ru6d.jpg,0,1,0,0,0,0
musa-acuminata-rotten-ba80b8ae-1d0a-11ec-b804-d8c4975e38aa_jpg.rf.9MqWHc5jW9TAcbNV8po1.jpg,0,0,0,0,1,0
musa-acuminata-banana-83502079-394a-11ec-a331-d8c4975e38aa_jpg.rf.M4UQNuVfb7kqTXxop1lJ.jpg,0,0,0,1,1,0
musa-acuminata-banana-a7711cf2-394a-11ec-8e65-d8c4975e38aa_jpg.rf.M5VQF5D42Gx5qbCrQzJL.jpg,0,0,0,0,1,0
musa-acuminata-rotten-bea94e83-1d0a-11ec-b68d-d8c4975e38aa_jpg.rf.MBz2aMiFHBZdZXS9hGuM.jpg,0,0,0,0,1,0
musa-acuminata-banana-eca54b04-394a-11ec-8009-d8c4975e38aa_jpg.rf.MGvQryX2I2pzW2BrbCjD.jpg,1,0,0,0,0,0
musa-acuminata-banana-b3fa9d71-394a-11ec-818c-d8c4975e38aa_jpg.rf.MRCvkgconGBni4oDEXX4.jpg,0,0,0,1,0,0
musa-acuminata-mold-e1c16c8c-1d0a-11ec-b452-d8c4975e38aa_jpg.rf.MS5FDHsqVvAkGAty7kVN.jpg,0,0,1,0,1,0
musa-acuminata-banana-ac670374-394a-11ec-8e47-d8c4975e38aa_jpg.rf.MTrl5ISQ1ifKEAzZXYqV.jpg,0,0,1,1,1,0
musa-acuminata-ripe-6a9bf021-2653-11ec-b729-d8c4975e38aa_jpg.rf.Me2jhpAZj4uHMDygxKOi.jpg,0,0,0,1,0,0
musa-acuminata-unripe-9142f234-1d0a-11ec-9475-d8c4975e38aa-1-_jpg.rf.MsLPfAYG157rxJlNLqK9.jpg,0,1,0,0,0,0
musa-acuminata-overripe-a0b2a993-1d0a-11ec-8702-d8c4975e38aa_jpg.rf.MxIztmwlPEQLNDF9feew.jpg,0,0,1,0,0,0
musa-acuminata-ripe-918f3754-1d0a-11ec-8259-d8c4975e38aa_jpg.rf.N2wjBj6T8xd3Afgv3dhW.jpg,0,0,0,1,0,0
musa-acuminata-banana-de2c724d-394a-11ec-9eda-d8c4975e38aa_jpg.rf.N4U8ebtVnomReswMWUHu.jpg,0,0,0,1,0,0
musa-acuminata-unripe-8dd37665-1d0a-11ec-a12e-d8c4975e38aa-1-_jpg.rf.NCyJ74I2IvA7jgdSvzba.jpg,0,1,0,0,0,0
musa-acuminata-freshunripe-697e9643-1d0a-11ec-adcb-d8c4975e38aa_jpg.rf.NEg9dvfcmgtDUEDfTruA.jpg,0,1,0,0,0,0
musa-acuminata-ripe-968cbaff-1d0a-11ec-adba-d8c4975e38aa_jpg.rf.NTaT823IrRbuKnzi1fqM.jpg,0,0,0,1,1,0
musa-acuminata-ripe-93c8da75-1d0a-11ec-a343-d8c4975e38aa_jpg.rf.NY8OLWC0WlslIzouIVnf.jpg,0,0,0,1,0,0
musa-acuminata-overripe-9c194256-1d0a-11ec-9c21-d8c4975e38aa_jpg.rf.Nf3JjOg08jkAL5rOwlus.jpg,0,0,1,0,0,0
musa-acuminata-rotten-b940ab58-1d0a-11ec-ab13-d8c4975e38aa_jpg.rf.Nli3gmHG5aMCj5yyWtQU.jpg,0,0,0,0,1,0
musa-acuminata-unripe-8e39f326-1d0a-11ec-9975-d8c4975e38aa-1-_jpg.rf.BDJx0KYD8mx43pNvkrLg.jpg,0,1,0,0,0,0
musa-acuminata-freshripe-7d264c28-1d0a-11ec-80c3-d8c4975e38aa_jpg.rf.AXdLzwuVZWtylJ9qJLHc.jpg,1,0,0,0,0,0
musa-acuminata-freshripe-7cde287e-1d0a-11ec-991d-d8c4975e38aa_jpg.rf.BEUxYkXYKMSjICe9gk3X.jpg,1,0,0,0,0,0
musa-acuminata-freshunripe-208ed240-2653-11ec-891a-d8c4975e38aa_jpg.rf.BPKLoxg1ZaFXwr9iQToq.jpg,0,1,0,0,0,0
musa-acuminata-banana-a5f830e3-394a-11ec-a5ba-d8c4975e38aa_jpg.rf.B6hraxFUsjJEXHLzVZho.jpg,0,0,1,0,1,0
musa-acuminata-unripe-5dc06f2e-2653-11ec-9e31-d8c4975e38aa---Copy_jpg.rf.BYUsAuD74gCCywHunM5A.jpg,0,0,0,0,1,1
musa-acuminata-ripe-6c953937-2653-11ec-b36f-d8c4975e38aa_jpg.rf.NvPLO0B1FBSXWWF2lT19.jpg,0,0,0,1,0,0
musa-acuminata-freshripe-7e92e579-1d0a-11ec-99b2-d8c4975e38aa_jpg.rf.OSyoU5xWsWUKT6qy94zd.jpg,1,0,0,0,0,0
musa-acuminata-banana-85c74dbe-394a-11ec-bfae-d8c4975e38aa_jpg.rf.OWhljGMlmAchWYSJAl0k.jpg,0,0,1,0,1,0
musa-acuminata-banana-adedeb0a-394a-11ec-a562-d8c4975e38aa_jpg.rf.ObTwyDppHduflvuuIAaL.jpg,0,0,0,1,0,0
musa-acuminata-banana-8df019e5-394a-11ec-9c99-d8c4975e38aa_jpg.rf.OhEeaYEHIrE7OSAr0zAW.jpg,0,0,0,0,1,0
musa-acuminata-banana-a342a357-394a-11ec-84a6-d8c4975e38aa_jpg.rf.PQ7Bf1Xhyh3VnvkrCqzm.jpg,0,0,1,0,0,0
musa-acuminata-freshunripe-3bb90808-2653-11ec-aa86-d8c4975e38aa_jpg.rf.PXSWM0bGrn8ZOrudjQA2.jpg,0,1,0,0,0,0
musa-acuminata-freshunripe-1f5a5a18-2653-11ec-b286-d8c4975e38aa_jpg.rf.PcijnqXDM4tAKmR1cSct.jpg,0,1,0,0,0,0
musa-acuminata-overripe-80b4881e-2653-11ec-a0f2-d8c4975e38aa_jpg.rf.Ps3pLaIVnNu7jiPgjsBg.jpg,0,0,1,0,1,0
musa-acuminata-banana-8abd4d93-394a-11ec-9e45-d8c4975e38aa_jpg.rf.QOIwCsjx2Yu8nWRFiEB3.jpg,0,0,1,0,1,0
musa-acuminata-banana-d37d45eb-4037-11ec-a565-94b86d66fd1d_jpg.rf.QWeZGdB4i08GGAsNoTJ7.jpg,0,0,0,1,0,0
musa-acuminata-banana-ebc239df-394a-11ec-b8f2-d8c4975e38aa_jpg.rf.T0hEkzFuzsQ3qZOHZH3I.jpg,1,0,0,0,0,0
musa-acuminata-ripe-6c789f5b-2653-11ec-8644-d8c4975e38aa_jpg.rf.T4tiVf5W9gv7SbshO1zG.jpg,0,0,0,1,0,0
musa-acuminata-banana-b15fa3d8-4037-11ec-bcd9-94b86d66fd1d_jpg.rf.T9guLyA9UIAaiZe44PIA.jpg,0,1,0,0,0,1
musa-acuminata-banana-96eb7abf-394a-11ec-8e3b-d8c4975e38aa_jpg.rf.TF0XZVTbgrqKfhSTjbb3.jpg,0,0,0,0,1,0
musa-acuminata-overripe-7e76d163-2653-11ec-a958-d8c4975e38aa_jpg.rf.TNtn5NKFyXDlekRyx5tY.jpg,0,0,1,0,0,0
musa-acuminata-ripe-93e57487-1d0a-11ec-82b1-d8c4975e38aa_jpg.rf.TT6gAoYkwHP3pHXMG5x9.jpg,0,0,0,1,0,0
musa-acuminata-banana-f15da734-394a-11ec-b9bf-d8c4975e38aa_jpg.rf.Tb5G9LUbvmLgAHAd14rN.jpg,0,0,0,1,0,0
musa-acuminata-freshunripe-36b9239c-2653-11ec-855b-d8c4975e38aa_jpg.rf.TemB17tqLw0snZ9s6If5.jpg,0,1,0,0,0,0
musa-acuminata-ripe-6cfe1804-2653-11ec-9d86-d8c4975e38aa_jpg.rf.TrP2MBv2JT92Sg2a9GLy.jpg,0,0,0,1,0,0
musa-acuminata-overripe-9dfab53a-1d0a-11ec-8d66-d8c4975e38aa_jpg.rf.TxyRd3NKyotZ0eBedJRo.jpg,0,0,1,0,1,0
musa-acuminata-rotten-a2f374e2-1d0a-11ec-8b94-d8c4975e38aa_jpg.rf.NmhQECFXTh4aO33TFEq1.jpg,0,0,0,0,1,0
musa-acuminata-freshunripe-18f6ed60-2653-11ec-9fad-d8c4975e38aa_jpg.rf.U6RepIVuSdT0vlItxOvX.jpg,0,1,0,0,0,0
musa-acuminata-unripe-8a26028a-1d0a-11ec-84ed-d8c4975e38aa-1-_jpg.rf.UIOTVPIx2VwpqKwOSgKA.jpg,0,1,0,0,0,1
musa-acuminata-overripe-9fffe7df-1d0a-11ec-b86d-d8c4975e38aa_jpg.rf.URGz40HZhKHTSn5gd3BE.jpg,0,0,1,0,0,0
musa-acuminata-unripe-897a673b-1d0a-11ec-8d2e-d8c4975e38aa-1-_jpg.rf.UdWZEiRSjHQUWjKmxQ6Z.jpg,0,0,0,0,0,1
musa-acuminata-ripe-6c7178db-2653-11ec-9568-d8c4975e38aa_jpg.rf.UfOn90ovSj0U9XXutSJ4.jpg,0,0,0,1,0,0
musa-acuminata-ripe-9685949e-1d0a-11ec-8b85-d8c4975e38aa_jpg.rf.UiwdpXxCfRR2r3zwkg2T.jpg,0,0,0,1,1,0
musa-acuminata-freshunripe-68d6cd29-1d0a-11ec-bb51-d8c4975e38aa_jpg.rf.UmTTAjyGLYPOo1qspfsg.jpg,0,1,0,0,0,0
musa-acuminata-freshunripe-63ed890c-1d0a-11ec-b4e4-d8c4975e38aa_jpg.rf.UzBqhEvXjvFJpZESV3Cs.jpg,0,1,0,0,0,0
musa-acuminata-freshripe-4c635c10-2653-11ec-9551-d8c4975e38aa_jpg.rf.VSzV0iKiJVd86wU7BhDN.jpg,1,0,0,0,0,0
musa-acuminata-banana-aaaf943e-394a-11ec-82d6-d8c4975e38aa_jpg.rf.TybJcOdIhcZFErebzQY5.jpg,0,0,1,1,0,0
musa-acuminata-freshunripe-72b18b62-1d0a-11ec-934a-d8c4975e38aa_jpg.rf.U4SnhlWVuKVyOzEeV8bS.jpg,0,1,0,0,0,0
musa-acuminata-overripe-9e1c122b-1d0a-11ec-a36f-d8c4975e38aa_jpg.rf.TzHjH1Hait50kpkAv1mk.jpg,0,0,1,0,0,0
musa-acuminata-freshunripe-6a5ef92d-1d0a-11ec-bdff-d8c4975e38aa_jpg.rf.Rbh4cxGlSjEPoqBDycg9.jpg,0,1,0,0,0,0
musa-acuminata-banana-ac7178e9-394a-11ec-b2dc-d8c4975e38aa_jpg.rf.RvvoDqFDWybHCRb8UU6e.jpg,0,0,1,1,1,0
musa-acuminata-banana-ed5bbcba-394a-11ec-ab00-d8c4975e38aa_jpg.rf.S0HmF6xf0a7UEp4lnshf.jpg,0,0,0,1,0,0
musa-acuminata-banana-9d7a6f2f-4037-11ec-ad17-94b86d66fd1d_jpg.rf.S6dpTxRNkKGpUQQYW9KT.jpg,0,0,0,1,0,0
musa-acuminata-freshunripe-729058fa-1d0a-11ec-9c47-d8c4975e38aa_jpg.rf.UeZ3ZGtEamuk4NcMq0fU.jpg,0,1,0,0,0,0
musa-acuminata-rotten-ad4bcfe3-1d0a-11ec-9aa5-d8c4975e38aa_jpg.rf.VbznOoxnDkUs1azvipce.jpg,0,0,0,0,1,0
musa-acuminata-overripe-7d7c85e7-2653-11ec-9921-d8c4975e38aa_jpg.rf.VoW2LAKBOTIfGIPZ0Rk5.jpg,0,0,1,0,1,0
musa-acuminata-ripe-7209e858-2653-11ec-9622-d8c4975e38aa_jpg.rf.WGQk3un00PSb34Kv6DVN.jpg,0,0,0,1,1,0
musa-acuminata-unripe-837dca41-1d0a-11ec-adb4-d8c4975e38aa-1-_jpg.rf.W9PCEeSF1Jrxikt1XLlg.jpg,0,0,0,0,1,1
musa-acuminata-unripe-55b52aef-2653-11ec-a259-d8c4975e38aa---Copy_jpg.rf.VuxTgNJnDT6KH4u58dMe.jpg,0,0,0,0,0,1
musa-acuminata-rotten-b6d152c6-1d0a-11ec-afc2-d8c4975e38aa_jpg.rf.RGxlOCmd5J4JNsNdrkJt.jpg,0,0,0,0,1,0
musa-acuminata-mold-e36e71e8-1d0a-11ec-a866-d8c4975e38aa_jpg.rf.WDNlR3TgJBgXQqGHqqqI.jpg,0,0,1,0,1,0
musa-acuminata-ripe-6dec6f99-2653-11ec-a9a7-d8c4975e38aa_jpg.rf.QcqpaUNRjuwjzicDbpd3.jpg,0,0,0,1,1,0
musa-acuminata-banana-f116dcc6-394a-11ec-9e20-d8c4975e38aa_jpg.rf.R3tSrQHNcYA0V6gofUM0.jpg,1,0,0,1,0,0
musa-acuminata-rotten-84fedfe5-2653-11ec-a5d9-d8c4975e38aa_jpg.rf.QdBSOi8J6WFWDorfr1Mm.jpg,0,0,0,0,1,0
musa-acuminata-overripe-9fdc2775-1d0a-11ec-b4b0-d8c4975e38aa_jpg.rf.TA1rZCfFnOHGBPxDqJaZ.jpg,0,0,1,0,0,0
musa-acuminata-ripe-929a28a5-1d0a-11ec-a682-d8c4975e38aa_jpg.rf.TBqZSP4c7QF6RZ0Z6HDj.jpg,0,0,0,1,0,0
musa-acuminata-freshunripe-688a6f1f-1d0a-11ec-a468-d8c4975e38aa_jpg.rf.TEKKHYtX3WnINM4ERaZZ.jpg,0,1,0,0,0,0
musa-acuminata-banana-fde159b7-394a-11ec-aee0-d8c4975e38aa_jpg.rf.Ts7RHpP0Le7d67xWplTs.jpg,0,0,0,1,0,0
musa-acuminata-banana-aec694b2-394a-11ec-9bff-d8c4975e38aa_jpg.rf.WE20ZkD25ST9WOZFVSDs.jpg,0,0,0,1,0,0
musa-acuminata-ripe-975e78c2-1d0a-11ec-85ad-d8c4975e38aa_jpg.rf.ReqRKGvjdYJQZJQa8Kop.jpg,0,0,0,1,1,0
musa-acuminata-rotten-b0c28581-1d0a-11ec-b9b5-d8c4975e38aa_jpg.rf.SBlGYpYzLOTP2wcq8sHC.jpg,0,0,0,0,1,0
musa-acuminata-overripe-a0f5661c-1d0a-11ec-9aff-d8c4975e38aa_jpg.rf.ScbBhnoCHgl1pmtrxBjU.jpg,0,0,1,0,0,0
musa-acuminata-banana-b2eef74e-394a-11ec-b184-d8c4975e38aa_jpg.rf.STEngxvJyiNeB09lGZl1.jpg,1,0,0,0,0,0
musa-acuminata-rotten-a643f357-1d0a-11ec-b4c8-d8c4975e38aa_jpg.rf.SCHo8pGSTlPBGfquX4wC.jpg,0,0,0,0,1,0
musa-acuminata-banana-f050d561-394a-11ec-88a7-d8c4975e38aa_jpg.rf.T3iZKLcJZ7qNgVNj7nnf.jpg,0,0,0,1,0,0
musa-acuminata-overripe-7c374403-2653-11ec-92be-d8c4975e38aa_jpg.rf.Sen9bG4z7AXa5WoXli2q.jpg,0,0,1,0,1,0
musa-acuminata-banana-e4c18a5a-394a-11ec-a7d9-d8c4975e38aa_jpg.rf.StmhnVJuAxrO5yTz5wt5.jpg,0,0,0,1,0,0
musa-acuminata-mold-e65d3a4a-1d0a-11ec-96cf-d8c4975e38aa_jpg.rf.RJbXj6cEYkRF5IGmCpGS.jpg,0,0,1,0,0,0
musa-acuminata-banana-ab413cf0-394a-11ec-b6bd-d8c4975e38aa_jpg.rf.TYJuijnlqtBFjcyLnv7x.jpg,0,0,1,0,1,0
musa-acuminata-unripe-8cba3929-1d0a-11ec-89f2-d8c4975e38aa-1-_jpg.rf.TJtMU8I1xN6vpuNzoSCa.jpg,0,0,0,0,0,1
musa-acuminata-rotten-8fba1865-2653-11ec-a139-d8c4975e38aa_jpg.rf.TxpV7y1DEKQ5EhoKWYRt.jpg,0,0,0,0,1,0
musa-acuminata-unripe-5673d668-2653-11ec-8d48-d8c4975e38aa---Copy_jpg.rf.U53THfaIMtjhYf97DxA8.jpg,0,0,0,0,1,1
musa-acuminata-rotten-b735844b-1d0a-11ec-bebf-d8c4975e38aa_jpg.rf.U1B2Vh7l1HVKiT4Vt4Qo.jpg,0,0,0,0,1,0
musa-acuminata-banana-8413d006-394a-11ec-af73-d8c4975e38aa_jpg.rf.UFFMQ3arioEICE0ohDzC.jpg,0,0,1,0,1,0
musa-acuminata-freshunripe-390f5fb9-2653-11ec-90d8-d8c4975e38aa_jpg.rf.UQYoBXm2JCuk5cooeS6G.jpg,0,1,0,0,0,0
musa-acuminata-banana-de2a0574-394a-11ec-9337-d8c4975e38aa_jpg.rf.Hbn6th8viLtxdl3jCjOI.jpg,0,0,0,1,0,0
musa-acuminata-rotten-bdf50326-1d0a-11ec-a670-d8c4975e38aa_jpg.rf.UNT7hUJUkfdgmClHPhQA.jpg,0,0,0,0,1,0
musa-acuminata-banana-86421ee5-394a-11ec-932a-d8c4975e38aa_jpg.rf.UDBYKYZqVekX7YSEmMVT.jpg,0,0,0,1,1,0
musa-acuminata-ripe-7432dc75-2653-11ec-84fd-d8c4975e38aa_jpg.rf.I3fFu0kzos3ZoXM1cE6e.jpg,0,0,0,0,1,0
musa-acuminata-banana-8bf60ec7-394a-11ec-94b9-d8c4975e38aa_jpg.rf.HUYtQKJF2rJluDfoCqNt.jpg,0,0,0,0,1,0
musa-acuminata-freshripe-7b082ea8-1d0a-11ec-bd2b-d8c4975e38aa_jpg.rf.HwNvve9AKxj9ILErrOe4.jpg,1,0,0,0,0,0
musa-acuminata-banana-8deb0501-394a-11ec-8bbd-d8c4975e38aa_jpg.rf.IFIt9RNGh04GCje3D2AF.jpg,0,0,0,0,1,0
musa-acuminata-unripe-84c9298a-1d0a-11ec-bdc6-d8c4975e38aa-1-_jpg.rf.Hhg36ROu4Uqeh8AVRwaY.jpg,0,0,0,0,1,1
musa-acuminata-overripe-9c632318-1d0a-11ec-b19d-d8c4975e38aa_jpg.rf.IXMCDV42lwBtowRUuPlC.jpg,0,0,1,0,0,0
musa-acuminata-ripe-92e8cff2-1d0a-11ec-bd65-d8c4975e38aa_jpg.rf.IIrCMEmEKjBznTYViOLi.jpg,0,0,0,1,0,0
musa-acuminata-rotten-b67bee66-1d0a-11ec-8a73-d8c4975e38aa_jpg.rf.IF3f2C6jd4yYNJuUlpc8.jpg,0,0,0,0,1,0
musa-acuminata-freshripe-4949ad16-2653-11ec-b245-d8c4975e38aa_jpg.rf.JXvLJe4dIRucqAeP1IaC.jpg,1,0,0,0,0,0
musa-acuminata-unripe-5dc2d13a-2653-11ec-ae1b-d8c4975e38aa---Copy_jpg.rf.IgD7wSDbxcLIif5y0u6j.jpg,0,0,0,0,1,1
musa-acuminata-rotten-88a08b39-2653-11ec-a7b0-d8c4975e38aa_jpg.rf.Jp3FBDC2TIRQ4PCGMZJb.jpg,0,0,0,0,1,0
musa-acuminata-overripe-7edc6ec8-2653-11ec-95fa-d8c4975e38aa_jpg.rf.JZHr4Dk1xNi9JLuVY4AI.jpg,0,0,1,0,1,0
musa-acuminata-freshripe-7d53937e-1d0a-11ec-aa93-d8c4975e38aa_jpg.rf.Jh8VbKI59ThFtVEnO6CD.jpg,1,0,0,0,0,0
musa-acuminata-banana-c6ebc63a-394a-11ec-b9a2-d8c4975e38aa_jpg.rf.KyR2vF7w9mgNlkBPZDV8.jpg,1,0,0,0,0,0
musa-acuminata-mold-e3aa06a7-1d0a-11ec-91a5-d8c4975e38aa_jpg.rf.KVwAJJqLafCZ6WsubZ8L.jpg,0,0,1,0,1,0
musa-acuminata-ripe-739f16c6-2653-11ec-842a-d8c4975e38aa_jpg.rf.LM3jZkoS98UfhEwd3EN3.jpg,0,0,0,0,1,0
musa-acuminata-freshunripe-39bafaf1-2653-11ec-9d43-d8c4975e38aa_jpg.rf.KkGvcVKgXp4nF5JhjH1j.jpg,0,1,0,0,0,0
musa-acuminata-banana-d92dbb89-394a-11ec-96d3-d8c4975e38aa_jpg.rf.Ir85Wcpofbcnzw0JgSmR.jpg,0,0,0,1,0,0
musa-acuminata-unripe-83744084-1d0a-11ec-af63-d8c4975e38aa-1-_jpg.rf.LQLeqYQCsHpDlNsPGp0c.jpg,0,0,0,0,0,1
musa-acuminata-freshripe-4d436565-2653-11ec-927e-d8c4975e38aa_jpg.rf.LBJkMB81hcYCIc5I851b.jpg,1,0,0,0,0,0
musa-acuminata-banana-b1ef2f5e-394a-11ec-aa39-d8c4975e38aa_jpg.rf.LkSVOrDZ6LLiXeRstoOh.jpg,0,0,0,1,0,0
musa-acuminata-banana-9cf49e13-394a-11ec-a29d-d8c4975e38aa_jpg.rf.LcJl58xMdh4Rez19uQn5.jpg,0,0,1,0,1,0
musa-acuminata-banana-a41aecc2-394a-11ec-b6a2-d8c4975e38aa_jpg.rf.L78eXJyVCgApHmcmCt0e.jpg,0,0,0,1,1,0
musa-acuminata-unripe-8a7e3259-1d0a-11ec-b42b-d8c4975e38aa-1-_jpg.rf.KCSrzrTwbMLksJvtgILD.jpg,0,1,0,0,0,1
musa-acuminata-freshunripe-2f950cfb-2653-11ec-8341-d8c4975e38aa_jpg.rf.JKgrGrOG1je24zAIwTWa.jpg,0,1,0,0,0,0
musa-acuminata-overripe-a082fe75-1d0a-11ec-a4de-d8c4975e38aa_jpg.rf.LZPPJituQL1nLNMXzMsA.jpg,0,0,1,0,1,0
musa-acuminata-rotten-a849271f-1d0a-11ec-83eb-d8c4975e38aa_jpg.rf.JKR1nF8ajrz1ZRSElSGV.jpg,0,0,0,0,1,0
musa-acuminata-rotten-b72ddf54-1d0a-11ec-bb5c-d8c4975e38aa_jpg.rf.0jApVrPHf0aNY5rPboBr.jpg,0,0,0,0,1,0
musa-acuminata-banana-91f40304-394a-11ec-acb0-d8c4975e38aa_jpg.rf.0nc6ESjaJWkRGpKo2TWd.jpg,0,0,1,0,0,0
musa-acuminata-freshunripe-2f8b8475-2653-11ec-8f25-d8c4975e38aa_jpg.rf.0Hu1aV9CGbX5XOg0SFbq.jpg,0,1,0,0,0,0
musa-acuminata-banana-b12b5ab3-394a-11ec-8b4c-d8c4975e38aa_jpg.rf.0jTWx2kythAwyPlNgW0p.jpg,1,0,0,1,0,0
musa-acuminata-overripe-802b4171-2653-11ec-aa0e-d8c4975e38aa_jpg.rf.LSbyLuKfi0VYgcSEjKdT.jpg,0,0,1,0,0,0
musa-acuminata-ripe-94daf284-1d0a-11ec-86b8-d8c4975e38aa_jpg.rf.1K2S62m8Q57H7Q5YB5rr.jpg,0,0,0,1,0,0
musa-acuminata-banana-cba29708-4037-11ec-aa37-94b86d66fd1d_jpg.rf.1gx19gWSdhwW3aA70Xb7.jpg,0,0,0,1,0,0
musa-acuminata-banana-da5766f8-394a-11ec-8aa2-d8c4975e38aa_jpg.rf.1aeub4NyzqL4c332LoI3.jpg,0,0,0,1,0,0
musa-acuminata-banana-ba5ab8da-4037-11ec-a26d-94b86d66fd1d_jpg.rf.1RfSvtPYwFpQAXResVvk.jpg,0,1,0,0,0,1
musa-acuminata-banana-a59c113d-394a-11ec-ba59-d8c4975e38aa_jpg.rf.2JHy8e2AVTyNpiDW9KGc.jpg,0,0,1,0,1,0
musa-acuminata-banana-f8c201ba-394a-11ec-950d-d8c4975e38aa_jpg.rf.1Zmcl4b8jU0bY8wuwuJY.jpg,0,0,0,1,0,0
musa-acuminata-banana-c473ee97-394a-11ec-8372-d8c4975e38aa_jpg.rf.2Qa3L58t9kdVWWg8s7W2.jpg,0,0,0,1,0,0
musa-acuminata-banana-999c6750-4037-11ec-95a5-94b86d66fd1d_jpg.rf.2UnTDgAiokCNU1isSs5m.jpg,0,0,0,1,0,0
musa-acuminata-rotten-88ae1737-2653-11ec-a323-d8c4975e38aa_jpg.rf.2hqnI2sE1cKD7rBRzZCO.jpg,0,0,0,0,1,0
musa-acuminata-banana-abc30caa-4037-11ec-a56c-94b86d66fd1d_jpg.rf.1Re0I1HrU0GHVrLbQMn7.jpg,1,0,0,0,0,0
musa-acuminata-banana-a8791c48-394a-11ec-ae48-d8c4975e38aa_jpg.rf.2iy9vixTOdI0RiHqSSS6.jpg,0,0,0,0,1,0
musa-acuminata-banana-84557f1d-394a-11ec-a508-d8c4975e38aa_jpg.rf.3vcsuXVHTWE9Bew9Pycz.jpg,0,0,0,1,1,0
musa-acuminata-banana-8c6e7d01-394a-11ec-88a1-d8c4975e38aa_jpg.rf.3yJWtSkpFCvs4dQND95r.jpg,0,0,0,0,1,0
musa-acuminata-ripe-6cf6f1a0-2653-11ec-8871-d8c4975e38aa_jpg.rf.44oLMAPR1jnsmMxn7Ows.jpg,0,0,0,1,0,0
musa-acuminata-rotten-8ced36a6-2653-11ec-9b51-d8c4975e38aa_jpg.rf.4C2drroR3mvB3nfU8xK9.jpg,0,0,0,0,1,0
musa-acuminata-banana-b0f242f2-4037-11ec-abe3-94b86d66fd1d_jpg.rf.4I7lj3FdT4X5urbHSp5L.jpg,0,1,0,0,0,1
musa-acuminata-freshunripe-1cdd100c-2653-11ec-bf7f-d8c4975e38aa_jpg.rf.cpvz2pW8gp91EI7qKufi.jpg,0,1,0,0,0,0
musa-acuminata-banana-c6e69f32-394a-11ec-a474-d8c4975e38aa_jpg.rf.cuyhmutkJ8JtgeYDvg54.jpg,1,0,0,0,0,0
musa-acuminata-banana-eac54d73-394a-11ec-8f60-d8c4975e38aa_jpg.rf.cxgB1vGuXmEj4xuQwGpE.jpg,0,0,0,1,0,0
musa-acuminata-unripe-54aefb7e-2653-11ec-9e9f-d8c4975e38aa---Copy_jpg.rf.2nQYKvbRTWEYq1SuzbYs.jpg,0,0,0,0,0,1
musa-acuminata-rotten-860b684e-2653-11ec-8ee5-d8c4975e38aa_jpg.rf.3AnDem0Li3hCCQpiYV0l.jpg,0,0,0,0,1,0
musa-acuminata-rotten-8215fe58-2653-11ec-9ad0-d8c4975e38aa_jpg.rf.2ZbgznztYbbA3Vc9MCAD.jpg,0,0,0,0,1,0
musa-acuminata-banana-c9e4f602-394a-11ec-85ec-d8c4975e38aa_jpg.rf.LeoNx5fx8rtV6i4nSWaq.jpg,0,0,0,1,0,0
musa-acuminata-ripe-91e766f7-1d0a-11ec-b8f7-d8c4975e38aa_jpg.rf.2r5sRffXcWKdRIG1HtXf.jpg,0,0,0,1,0,0
musa-acuminata-banana-c69dde2e-394a-11ec-8ea9-d8c4975e38aa_jpg.rf.2sQs6OgAiGrmGy9cw7mt.jpg,1,0,0,0,0,0
musa-acuminata-mold-e329521d-1d0a-11ec-b934-d8c4975e38aa_jpg.rf.3dEV1cxWMdf1n2dGb1cp.jpg,0,0,1,0,1,0
musa-acuminata-freshunripe-70aa194d-1d0a-11ec-a9b9-d8c4975e38aa_jpg.rf.3Tpn1XS1as6lA332cLti.jpg,0,1,0,0,0,0
musa-acuminata-banana-86bbc68f-394a-11ec-b223-d8c4975e38aa_jpg.rf.3iTKBkZZCSs20MqBG2Zk.jpg,0,0,1,0,1,0
musa-acuminata-rotten-86018c8b-2653-11ec-aaf6-d8c4975e38aa_jpg.rf.2V2yaVAQHQ2RraM2tNIX.jpg,0,0,0,0,1,0
musa-acuminata-overripe-804ce5c9-2653-11ec-823b-d8c4975e38aa_jpg.rf.2lmCUBfwzSVQzEJggyBX.jpg,0,0,1,0,0,0
musa-acuminata-banana-d0e7e7db-394a-11ec-a0a7-d8c4975e38aa_jpg.rf.dKqjPFkLght41Ryndvo8.jpg,0,0,0,1,0,0
musa-acuminata-banana-9108e96b-394a-11ec-9ff1-d8c4975e38aa_jpg.rf.dOeH2CUpAJGbj3TuAQ7b.jpg,0,0,1,0,1,0
musa-acuminata-freshunripe-746a12c7-1d0a-11ec-af79-d8c4975e38aa_jpg.rf.dfypVElluEulynEPT4n9.jpg,0,1,0,0,0,0
musa-acuminata-banana-cf9505ea-394a-11ec-961b-d8c4975e38aa_jpg.rf.e5VD3sgsEMXhvUNF33Uh.jpg,0,0,0,1,0,0
musa-acuminata-overripe-74d75173-2653-11ec-9044-d8c4975e38aa_jpg.rf.eILMeu6ty5luOlqnIQtA.jpg,0,0,1,0,0,0
musa-acuminata-ripe-9ac9304f-1d0a-11ec-8f96-d8c4975e38aa_jpg.rf.eJgzzNCI374V7jdri2WW.jpg,0,0,0,1,1,0
musa-acuminata-mold-e487af18-1d0a-11ec-b2f9-d8c4975e38aa_jpg.rf.epoEireKnkP06RWRA5Wd.jpg,0,0,1,0,0,0
musa-acuminata-freshunripe-7610cc8f-1d0a-11ec-b7a7-d8c4975e38aa_jpg.rf.evg95pr4LlslXbQ6C5H7.jpg,0,1,0,0,0,0
musa-acuminata-ripe-6bfa4cfd-2653-11ec-98de-d8c4975e38aa_jpg.rf.f9ptVg2yOL3xjJvE4r9G.jpg,0,0,0,1,0,0
musa-acuminata-freshunripe-6ff165b9-1d0a-11ec-83ed-d8c4975e38aa_jpg.rf.fTJehlCvtb7AhPrYc9aD.jpg,0,1,0,0,0,0
musa-acuminata-freshunripe-22877ee4-2653-11ec-a1a4-d8c4975e38aa_jpg.rf.fcXJlkNH430pQrxDpftP.jpg,0,1,0,0,0,0
musa-acuminata-rotten-8990ea6c-2653-11ec-8a4e-d8c4975e38aa_jpg.rf.d0xDIaK7vbXxeUpO2neb.jpg,0,0,0,0,1,0
musa-acuminata-banana-fc7e0945-394a-11ec-8bbb-d8c4975e38aa_jpg.rf.d2Pf7e8qqqLttrf2r6b9.jpg,1,0,0,0,0,0
musa-acuminata-ripe-9505d964-1d0a-11ec-a382-d8c4975e38aa_jpg.rf.chTepcqnF1pZnk5fDTXz.jpg,0,0,0,1,0,0
musa-acuminata-banana-9cec7023-394a-11ec-ab5f-d8c4975e38aa_jpg.rf.d7qIIPilAPkPvPczeVx8.jpg,0,0,1,0,1,0
musa-acuminata-freshunripe-67d299ab-1d0a-11ec-b602-d8c4975e38aa_jpg.rf.dCF4i2cb5SHZrciRkyut.jpg,0,1,0,0,0,0
musa-acuminata-ripe-71c005a4-2653-11ec-b0a0-d8c4975e38aa_jpg.rf.gfPzg81nzQPiz88uRO9z.jpg,0,0,0,1,1,0
musa-acuminata-unripe-804c52ac-1d0a-11ec-84c4-d8c4975e38aa_jpg.rf.ggRKuafSTMFMWr46wOKZ.jpg,0,0,0,0,1,1
musa-acuminata-banana-d33e5958-394a-11ec-8435-d8c4975e38aa_jpg.rf.WY0nWjX0hzC1VEbwlOLI.jpg,1,0,0,1,0,0
musa-acuminata-ripe-6cc9a896-2653-11ec-bf2b-d8c4975e38aa_jpg.rf.fDQJXQGPqbAD2bM0Jydx.jpg,0,0,0,1,0,0
musa-acuminata-ripe-945317b2-1d0a-11ec-802a-d8c4975e38aa_jpg.rf.fm7U0wthv0mJWhQfQr50.jpg,0,0,0,1,0,0
musa-acuminata-mold-e634b364-1d0a-11ec-bcc4-d8c4975e38aa_jpg.rf.eZBUv8w6DQYSV7nS9uVl.jpg,0,0,1,0,0,0
musa-acuminata-banana-df296534-394a-11ec-af71-d8c4975e38aa_jpg.rf.dP7k8Fb335bqGvrQ44XI.jpg,0,0,0,1,0,0
musa-acuminata-freshunripe-6a367ea2-1d0a-11ec-b717-d8c4975e38aa_jpg.rf.gFD44RIU9D2hW0hC2ULF.jpg,0,1,0,0,0,0
musa-acuminata-banana-b5cd049f-394a-11ec-bfe3-d8c4975e38aa_jpg.rf.gLJqRREurZg8pkBJv5SA.jpg,1,0,0,1,1,0
musa-acuminata-mold-e33ec803-1d0a-11ec-be87-d8c4975e38aa_jpg.rf.gH4zgTFaqckcxqQ2vKUE.jpg,0,0,1,0,1,0
musa-acuminata-freshunripe-72aab7dd-1d0a-11ec-b71b-d8c4975e38aa_jpg.rf.gaBxmQYtzTN5vYbxOuq4.jpg,0,1,0,0,0,0
musa-acuminata-banana-b59b05d4-4037-11ec-b031-94b86d66fd1d_jpg.rf.gac7wC9rYX56vQ3Kh5AE.jpg,0,1,0,0,0,1
musa-acuminata-banana-97969cb7-394a-11ec-b1bf-d8c4975e38aa_jpg.rf.WunX8mFt9jdUutfEh9fj.jpg,0,0,0,1,1,0
musa-acuminata-overripe-7eea9ccc-2653-11ec-be97-d8c4975e38aa_jpg.rf.WukMRWbkYw2pJLL9hIIW.jpg,0,0,1,0,0,0
musa-acuminata-unripe-617c30ea-2653-11ec-9fd7-d8c4975e38aa---Copy_jpg.rf.XGtLEsKMKaAslrw5DDg8.jpg,0,0,0,0,0,1
musa-acuminata-overripe-9f35509c-1d0a-11ec-9c9a-d8c4975e38aa_jpg.rf.XSgJR0rH7NK5cMXEJ3hY.jpg,0,0,1,0,1,0
musa-acuminata-ripe-6bf7ec2a-2653-11ec-aa0a-d8c4975e38aa_jpg.rf.XErymjiy6DHhkTjeeE2g.jpg,0,0,0,1,0,0
musa-acuminata-banana-c478063c-394a-11ec-91f6-d8c4975e38aa_jpg.rf.XWkzjwd5nP2CeItP5WRC.jpg,0,0,0,1,0,0
musa-acuminata-overripe-7edf28fc-2653-11ec-bf31-d8c4975e38aa_jpg.rf.WeCe5xshHueqzD48ekEc.jpg,0,0,1,0,1,0
musa-acuminata-ripe-6d40d44c-2653-11ec-91bf-d8c4975e38aa_jpg.rf.XDUS4O9N275FXhZ0DwYk.jpg,0,0,0,1,0,0
musa-acuminata-freshripe-50cf7ab3-2653-11ec-87ef-d8c4975e38aa_jpg.rf.Xcqagu6qO6jnKybSuQQe.jpg,1,0,0,0,0,0
musa-acuminata-banana-8a2a0fe7-394a-11ec-aeea-d8c4975e38aa_jpg.rf.Y811ie8dcZHgZJYCzruT.jpg,0,0,0,0,1,0
musa-acuminata-banana-de7388a1-394a-11ec-a4b1-d8c4975e38aa_jpg.rf.YSx8C7mfMF1LBdo5cCKt.jpg,0,0,0,1,0,0
musa-acuminata-overripe-9f1d7b11-1d0a-11ec-91db-d8c4975e38aa_jpg.rf.XgFZJhHJsmL0H2sjiM3e.jpg,0,0,1,0,1,0
musa-acuminata-rotten-82f95067-2653-11ec-b6df-d8c4975e38aa_jpg.rf.Wp2b12kEAJiPb8Zgj2nu.jpg,0,0,0,0,1,0
musa-acuminata-rotten-82b14e83-2653-11ec-ba8b-d8c4975e38aa_jpg.rf.ZCCNBAiEKf5bzkrbJ1kW.jpg,0,0,0,0,1,0
musa-acuminata-banana-8d7091d1-394a-11ec-a636-d8c4975e38aa_jpg.rf.XuhkdZSWeXccOT5q8lCz.jpg,0,0,1,0,0,0
musa-acuminata-banana-c3bfdd98-394a-11ec-b058-d8c4975e38aa_jpg.rf.YX4uVhg4AkL08Z8zLrVl.jpg,1,0,0,1,0,0
musa-acuminata-freshripe-7f0d377f-1d0a-11ec-8699-d8c4975e38aa_jpg.rf.XCCLp00NogDcS4PpoPgO.jpg,1,0,0,0,0,0
musa-acuminata-ripe-957840d3-1d0a-11ec-bcf9-d8c4975e38aa_jpg.rf.WdinPkBFI1WK85eSX9xC.jpg,0,0,0,1,1,0
musa-acuminata-freshunripe-6bce5f69-1d0a-11ec-afe8-d8c4975e38aa_jpg.rf.YhIhE3gS5rLtUHcSw0jI.jpg,0,1,0,0,0,0
musa-acuminata-unripe-5d199834-2653-11ec-bb3a-d8c4975e38aa---Copy_jpg.rf.ZL2fmtM6hRbt8YQDDXPZ.jpg,0,0,0,0,1,1
musa-acuminata-overripe-7de49e86-2653-11ec-ac07-d8c4975e38aa_jpg.rf.YVBkyPTGepEjTD8mw9hI.jpg,0,0,1,0,0,0
musa-acuminata-banana-ed27495c-394a-11ec-bffd-d8c4975e38aa_jpg.rf.Yo7x6O40LjuySJ2O4CyV.jpg,1,0,0,1,0,0
musa-acuminata-freshunripe-2d00d7ec-2653-11ec-978a-d8c4975e38aa_jpg.rf.Z5EXeCi6fQTsXFxnZpTy.jpg,0,1,0,0,0,0
musa-acuminata-banana-98413cb2-394a-11ec-bf53-d8c4975e38aa_jpg.rf.ZOKBHsEtIksl4qTT6R64.jpg,0,0,1,1,0,0
musa-acuminata-banana-b2a9e6f4-394a-11ec-bb1f-d8c4975e38aa_jpg.rf.ZLDcf91hjful591qzt2X.jpg,0,0,0,1,0,0
musa-acuminata-unripe-60275b4b-2653-11ec-82cb-d8c4975e38aa---Copy_jpg.rf.81SxJcJ6ACheonPycB2M.jpg,0,0,0,0,1,0
musa-acuminata-banana-a4727b59-394a-11ec-8e20-d8c4975e38aa_jpg.rf.ZbRKg2q6yV8aiVqKrwgB.jpg,0,0,1,0,1,0
musa-acuminata-ripe-73101585-2653-11ec-b978-d8c4975e38aa_jpg.rf.8nN2IUmCgS1NTn0CmDgd.jpg,0,0,0,0,1,0
musa-acuminata-rotten-860384fa-2653-11ec-abc0-d8c4975e38aa_jpg.rf.8tTtxCbfchd0j6dA03Ou.jpg,0,0,0,0,1,0
musa-acuminata-freshunripe-336fcabe-2653-11ec-840e-d8c4975e38aa_jpg.rf.82WDdcxVGtfQuH9LLZls.jpg,0,1,0,0,0,0
musa-acuminata-freshripe-780f5082-1d0a-11ec-b7c3-d8c4975e38aa_jpg.rf.Z71KgufJ1WpBowkXlF3p.jpg,1,0,0,0,0,0
musa-acuminata-banana-9fec87ac-394a-11ec-8ec1-d8c4975e38aa_jpg.rf.8UBjUiqQuYp5GsLUU2Zi.jpg,0,0,0,0,1,0
musa-acuminata-mold-e52c26dd-1d0a-11ec-8aaa-d8c4975e38aa_jpg.rf.8bAMkKMgsuM5YpW2oZsC.jpg,0,0,1,0,1,0
musa-acuminata-ripe-92d0fb74-1d0a-11ec-b071-d8c4975e38aa_jpg.rf.8xhY0AfYZAQvU4REbFMj.jpg,0,0,0,1,0,0
musa-acuminata-overripe-9c1219c8-1d0a-11ec-aa98-d8c4975e38aa_jpg.rf.8s9a4WLUxbgDdnuaVlHW.jpg,0,0,1,0,0,0
musa-acuminata-banana-d9c5dc94-4037-11ec-9895-94b86d66fd1d_jpg.rf.8H7PGtU9CWB6djsF75gS.jpg,0,0,0,1,0,0
musa-acuminata-ripe-951db00f-1d0a-11ec-a310-d8c4975e38aa_jpg.rf.972obNSAg9Q7JZzZQz1a.jpg,0,0,0,1,0,0
musa-acuminata-unripe-5d71c7f5-2653-11ec-8cc0-d8c4975e38aa---Copy_jpg.rf.9UPkMF2u1CShB2KA0EEZ.jpg,0,0,0,0,1,1
musa-acuminata-banana-8fc7ce0f-394a-11ec-8093-d8c4975e38aa_jpg.rf.9PRp7fsDJtx0WvVXKKlt.jpg,0,0,0,0,1,0
musa-acuminata-banana-9871e5b5-394a-11ec-90a9-d8c4975e38aa_jpg.rf.9f097vsCJcmxJIRQSLBq.jpg,0,0,1,0,0,0
musa-acuminata-banana-a3d22882-394a-11ec-bdde-d8c4975e38aa_jpg.rf.AJOzVqPuVhsAc3f7yu5x.jpg,0,0,0,1,0,0
musa-acuminata-unripe-6227caca-2653-11ec-8818-d8c4975e38aa---Copy_jpg.rf.Av6LYgTC5dPPiDgAJkhJ.jpg,0,0,0,0,0,1
musa-acuminata-freshripe-44666268-2653-11ec-a8e0-d8c4975e38aa_jpg.rf.8oZl5jRUyjW73COkBdlj.jpg,1,0,0,0,0,0
musa-acuminata-banana-addcca4d-394a-11ec-b76c-d8c4975e38aa_jpg.rf.9x4hPonC0rvjRksh9abD.jpg,0,0,0,1,0,0
musa-acuminata-mold-e63e3bfa-1d0a-11ec-8bdc-d8c4975e38aa_jpg.rf.8tUeGNfqvglVbIsLin0j.jpg,0,0,1,0,0,0
musa-acuminata-freshunripe-359d81f1-2653-11ec-88b2-d8c4975e38aa_jpg.rf.9MFSP5Nks8plPGrhtNKb.jpg,0,1,0,0,0,0
musa-acuminata-unripe-898b17ac-1d0a-11ec-a3b7-d8c4975e38aa-1-_jpg.rf.AM4bhAJ8MHs8rSiGWB6G.jpg,0,0,0,0,0,1
musa-acuminata-banana-fc376787-394a-11ec-b4a7-d8c4975e38aa_jpg.rf.AkG6FDixYnp0QILGAd8N.jpg,0,0,0,1,0,0
musa-acuminata-freshunripe-3528b85d-2653-11ec-af88-d8c4975e38aa_jpg.rf.Yq9P3QTiKBnWUEZb1lIK.jpg,0,1,0,0,0,0
musa-acuminata-freshripe-7bc09835-1d0a-11ec-9ef1-d8c4975e38aa_jpg.rf.Bp2g4321ZUWa1UlsNdAI.jpg,1,0,0,0,0,0
musa-acuminata-freshunripe-321fb995-2653-11ec-bcdd-d8c4975e38aa_jpg.rf.BLyj4iwdXp5FkMlpsdMd.jpg,0,1,0,0,0,0
musa-acuminata-unripe-55b2c6b4-2653-11ec-adeb-d8c4975e38aa---Copy_jpg.rf.AWpC2EKdY7GBDVmEiLVn.jpg,0,0,0,0,0,1
musa-acuminata-rotten-8217d186-2653-11ec-ad45-d8c4975e38aa_jpg.rf.UDASzWNqGKUrEjpQXTsK.jpg,0,0,0,0,1,0
musa-acuminata-banana-f0549f6a-394a-11ec-b447-d8c4975e38aa_jpg.rf.B1vdEMNmIwnJF0aNnkb9.jpg,0,0,0,1,0,0
musa-acuminata-freshunripe-687b5dec-1d0a-11ec-8b59-d8c4975e38aa_jpg.rf.Bq595UUEjfgiXYH0ZTHQ.jpg,0,1,0,0,0,0
musa-acuminata-banana-aa379b26-394a-11ec-adbc-d8c4975e38aa_jpg.rf.BNH32VkagtHimVESRmQA.jpg,0,0,1,0,0,0
musa-acuminata-rotten-b8cd1609-1d0a-11ec-af09-d8c4975e38aa_jpg.rf.ByRFpTtPR9QSPw2l2LZn.jpg,0,0,0,0,1,0
musa-acuminata-ripe-6cdf1c33-2653-11ec-b5b5-d8c4975e38aa_jpg.rf.ULBwUUEd21MN6k8ogiAo.jpg,0,0,0,1,0,0
musa-acuminata-unripe-85ccf372-1d0a-11ec-be25-d8c4975e38aa-1-_jpg.rf.UHm6Xks5LWkr90tHT1vv.jpg,0,0,0,0,1,1
musa-acuminata-overripe-8077cdb5-2653-11ec-92e8-d8c4975e38aa_jpg.rf.Bdd6fAXJ4QRjbKLfiP8U.jpg,0,0,1,0,0,0
musa-acuminata-unripe-86aa9e57-1d0a-11ec-a52c-d8c4975e38aa-1-_jpg.rf.VkzPFNIW5mT1AX5XwWmI.jpg,0,0,0,0,1,1
musa-acuminata-banana-b2e34bd5-394a-11ec-bf9f-d8c4975e38aa_jpg.rf.BrX3Jncd7TVLRpDmMk81.jpg,1,0,0,0,0,0
musa-acuminata-rotten-826d0634-2653-11ec-8eff-d8c4975e38aa_jpg.rf.UKvAX8B0rpuO6avjs9QR.jpg,0,0,0,0,1,0
musa-acuminata-rotten-b5728aa8-1d0a-11ec-ba4a-d8c4975e38aa_jpg.rf.UZdv22qPqWuIkQVVxiIe.jpg,0,0,0,0,1,0
musa-acuminata-ripe-944bf12f-1d0a-11ec-9d50-d8c4975e38aa_jpg.rf.UaiKJISuJ5n2MTPtYkTY.jpg,0,0,0,1,0,0
musa-acuminata-freshripe-49c7ff5b-2653-11ec-88ac-d8c4975e38aa_jpg.rf.Uosjms3l8kaCPasNShqD.jpg,1,0,0,0,0,0
musa-acuminata-overripe-7ec630d9-2653-11ec-a86f-d8c4975e38aa_jpg.rf.V9A4xUsNuY3S7BG9JYBk.jpg,0,0,1,0,1,0
musa-acuminata-overripe-9de2df9e-1d0a-11ec-99d9-d8c4975e38aa_jpg.rf.UuFJUiQMylPi4SqUSP4T.jpg,0,0,1,0,1,0
musa-acuminata-banana-c3b396db-394a-11ec-869c-d8c4975e38aa_jpg.rf.WOaoJcO9kBrZ7pqXKqZr.jpg,0,0,0,1,0,0
musa-acuminata-banana-9090d8bd-394a-11ec-940f-d8c4975e38aa_jpg.rf.VLVBJfVxGuUCIGiXsaWs.jpg,0,0,1,0,1,0
musa-acuminata-ripe-93e0b035-1d0a-11ec-a7af-d8c4975e38aa_jpg.rf.VAbbIwdJ6XlJJh0fW88y.jpg,0,0,0,1,0,0
musa-acuminata-banana-97d560ca-394a-11ec-9112-d8c4975e38aa_jpg.rf.WXkdh2baqdd9ZkJqkdNx.jpg,0,0,1,0,0,0
musa-acuminata-mold-e18a9afb-1d0a-11ec-96d8-d8c4975e38aa_jpg.rf.WSYdq0hI9LT4t29AxZRP.jpg,0,0,0,1,0,0
musa-acuminata-overripe-a125112a-1d0a-11ec-89a6-d8c4975e38aa_jpg.rf.WV2bokdQ3oUYXYUhHNTp.jpg,0,0,1,0,0,0
musa-acuminata-banana-a1f220a2-394a-11ec-8fae-d8c4975e38aa_jpg.rf.VJYB05DUC0d4uKf6YZuT.jpg,0,0,0,1,0,0
musa-acuminata-ripe-921e3890-1d0a-11ec-9daa-d8c4975e38aa_jpg.rf.WGIJKUgHh1zcLYmqMD3Z.jpg,0,0,0,1,0,0
musa-acuminata-banana-eca41486-394a-11ec-ad5c-d8c4975e38aa_jpg.rf.WqvUJteoTZdhmpJjnADV.jpg,1,0,0,0,0,0
musa-acuminata-rotten-845f2348-2653-11ec-97ea-d8c4975e38aa_jpg.rf.Ws7fcO84LESkqjErYcAK.jpg,0,0,0,0,1,0
musa-acuminata-freshunripe-20927528-2653-11ec-a667-d8c4975e38aa_jpg.rf.WNQkciMo4bMcXrp2V0xn.jpg,0,1,0,0,0,0
musa-acuminata-banana-d326b419-394a-11ec-91b9-d8c4975e38aa_jpg.rf.WxK5SkQZIqbWvVaQH46v.jpg,1,0,0,1,0,0
musa-acuminata-banana-833c457f-394a-11ec-a5c4-d8c4975e38aa_jpg.rf.W4QnaMC4lKH3nMwAa77v.jpg,0,0,1,0,0,0
musa-acuminata-ripe-99792150-1d0a-11ec-af3a-d8c4975e38aa_jpg.rf.Xf0htejzuYSRWYKEBOs3.jpg,0,0,0,1,1,0
musa-acuminata-rotten-a23264d5-1d0a-11ec-ae63-d8c4975e38aa_jpg.rf.EVc9vg17ksX7H6XvkoPU.jpg,0,0,0,0,1,0
musa-acuminata-ripe-6d88551c-2653-11ec-a456-d8c4975e38aa_jpg.rf.XJHWFvXHZOR96RQfHS6b.jpg,0,0,0,1,0,0
musa-acuminata-rotten-ae309ecb-1d0a-11ec-a415-d8c4975e38aa_jpg.rf.EPxTT5dtMyZ82zEwsewF.jpg,0,0,0,0,1,0
musa-acuminata-banana-8f139d59-394a-11ec-91b5-d8c4975e38aa_jpg.rf.X27J2xV7HfGW6xW1RRBz.jpg,0,0,1,0,1,0
musa-acuminata-overripe-7f086acb-2653-11ec-8fa3-d8c4975e38aa_jpg.rf.XMTas3MjvmhYizPPJxzv.jpg,0,0,1,0,0,0
musa-acuminata-ripe-91cacd10-1d0a-11ec-9dcf-d8c4975e38aa_jpg.rf.EXgfzGtSOwOcauFYkFC2.jpg,0,0,0,1,0,0
musa-acuminata-freshripe-7936cff2-1d0a-11ec-9bfa-d8c4975e38aa_jpg.rf.X0AxyfB6S2xgJcgP39Lh.jpg,1,0,0,0,0,0
musa-acuminata-unripe-89e0e557-1d0a-11ec-9c3a-d8c4975e38aa-1-_jpg.rf.EmbqnZOY2SskIrwyXlTG.jpg,0,0,0,0,0,1
musa-acuminata-freshripe-455bdf29-2653-11ec-a68e-d8c4975e38aa_jpg.rf.ExzHDsnoF0VrsM8lq08p.jpg,1,0,0,0,0,0
musa-acuminata-unripe-51f4a535-2653-11ec-a01b-d8c4975e38aa---Copy_jpg.rf.F3BuVwNscwZOI50DoI9v.jpg,0,0,0,0,0,1
musa-acuminata-ripe-932dee60-1d0a-11ec-bccc-d8c4975e38aa_jpg.rf.Xf07mMzJM4C35qNEj8P7.jpg,0,0,0,1,0,0
musa-acuminata-rotten-a234c6f9-1d0a-11ec-b626-d8c4975e38aa_jpg.rf.EpsXQajy7TkQC6riaBVc.jpg,0,0,0,0,1,0
musa-acuminata-rotten-b3030de6-1d0a-11ec-9f20-d8c4975e38aa_jpg.rf.XNgyNP6IIZrYlkI2YPVM.jpg,0,0,0,0,1,0
musa-acuminata-banana-b0e578af-394a-11ec-9f1e-d8c4975e38aa_jpg.rf.Feg7ntKVfZ6VIApLe15k.jpg,1,0,0,1,0,0
musa-acuminata-ripe-6e90e465-2653-11ec-bda3-d8c4975e38aa_jpg.rf.FJYAUXLntKktcpWioBHj.jpg,0,0,0,1,1,0
musa-acuminata-banana-96fdaaf1-394a-11ec-9f0d-d8c4975e38aa_jpg.rf.FHZHgxcYY4TfLzB0kvCA.jpg,0,0,0,0,1,0
musa-acuminata-banana-c79f430b-394a-11ec-9238-d8c4975e38aa_jpg.rf.F9IUpliQWHHTDJZ7HRCr.jpg,0,0,0,1,0,0
musa-acuminata-banana-f5ca400d-394a-11ec-9521-d8c4975e38aa_jpg.rf.FWDn9I2pQRuB6GWVsJy3.jpg,0,0,0,1,0,0
musa-acuminata-rotten-a51a0598-1d0a-11ec-8c7d-d8c4975e38aa_jpg.rf.G5KGjvXynoAv2QMyAWHI.jpg,0,0,0,0,1,0
musa-acuminata-unripe-5c8cf939-2653-11ec-8889-d8c4975e38aa---Copy_jpg.rf.FfPapG07dJgiLbHVoON7.jpg,0,0,0,0,1,1
musa-acuminata-unripe-83790721-1d0a-11ec-8e50-d8c4975e38aa-1-_jpg.rf.G7XEuTaqBIgaZasKJ3mU.jpg,0,0,0,0,0,1
musa-acuminata-overripe-7d4553d5-2653-11ec-89dc-d8c4975e38aa_jpg.rf.ZRu9KhKI8JGXzG29ekdl.jpg,0,0,1,0,1,0
musa-acuminata-banana-ce38c8fb-394a-11ec-b177-d8c4975e38aa_jpg.rf.GTo8IZHbZrYLxHPiTbVg.jpg,1,0,0,1,0,0
musa-acuminata-ripe-6c789f5a-2653-11ec-b86b-d8c4975e38aa_jpg.rf.GPIg3WINO1RUJACYj8Zx.jpg,0,0,0,1,0,0
musa-acuminata-ripe-970fd1a3-1d0a-11ec-b7aa-d8c4975e38aa_jpg.rf.Gp8XkTOVbhY7GOYjLg75.jpg,0,0,0,1,1,0
musa-acuminata-banana-f8be836a-394a-11ec-8b72-d8c4975e38aa_jpg.rf.HDgd908DnnvjNoWnJzN7.jpg,0,0,0,1,0,0
musa-acuminata-banana-fe58c6fd-394a-11ec-991e-d8c4975e38aa_jpg.rf.H7kOhtcPjaC4Y3zcnNy3.jpg,1,0,0,1,0,0
musa-acuminata-banana-c47cdfe5-394a-11ec-8d1d-d8c4975e38aa_jpg.rf.GqKPAHXD8D31jn9OCnQi.jpg,0,0,0,1,0,0
musa-acuminata-banana-cf85ddb8-394a-11ec-909b-d8c4975e38aa_jpg.rf.HAWFHvfcrJdueLEFG64j.jpg,0,0,0,1,0,0
musa-acuminata-mold-e5229da5-1d0a-11ec-8547-d8c4975e38aa_jpg.rf.Gp6P5pykFGO0jiz9VpVz.jpg,0,0,1,0,1,0
musa-acuminata-banana-8ec77126-394a-11ec-8458-d8c4975e38aa_jpg.rf.FsMsiqIbznAHkjVkW50W.jpg,0,0,1,0,1,0
musa-acuminata-banana-b277bf60-4037-11ec-9fa7-94b86d66fd1d_jpg.rf.HMliPHpf4dMMdutj6A81.jpg,0,1,0,0,0,1
musa-acuminata-overripe-7d623e3d-2653-11ec-b78a-d8c4975e38aa_jpg.rf.F7wOnId6lQngkf5wksju.jpg,0,0,1,0,1,0
musa-acuminata-unripe-851c96be-1d0a-11ec-8b57-d8c4975e38aa-1-_jpg.rf.HMcZ72wt5cSeKC648pgB.jpg,0,0,0,0,1,1
musa-acuminata-unripe-61cd3a1c-2653-11ec-b1c8-d8c4975e38aa---Copy_jpg.rf.HKUaEMWj3HA9R4evtTXY.jpg,0,0,0,0,0,1
musa-acuminata-banana-aa664bed-4037-11ec-9f58-94b86d66fd1d_jpg.rf.UpYZrf9WVgaAhroPWkQz.jpg,1,0,0,0,0,0
musa-acuminata-overripe-9f75aace-1d0a-11ec-9cfe-d8c4975e38aa_jpg.rf.VHoZa4DjQtvZhkK5dJFN.jpg,0,0,1,0,0,0
musa-acuminata-banana-b028db53-394a-11ec-83d2-d8c4975e38aa_jpg.rf.UpxOcGPP20EkJgAJsDgM.jpg,0,0,0,1,0,0
musa-acuminata-rotten-8ce46daa-2653-11ec-b96f-d8c4975e38aa_jpg.rf.UzHMVrEZYHEqZsc00TxI.jpg,0,0,0,0,1,0
musa-acuminata-rotten-bd156b3f-1d0a-11ec-ae50-d8c4975e38aa_jpg.rf.VRymLJMwxkkjlnR1ZvBM.jpg,0,0,0,0,1,0
musa-acuminata-banana-b4ed072d-4037-11ec-b9dd-94b86d66fd1d_jpg.rf.H6GLnr6XAk4YzC7jCMlX.jpg,0,1,0,0,0,0
musa-acuminata-banana-d9b08a6f-394a-11ec-96bc-d8c4975e38aa_jpg.rf.VZ0YryAjWFtzJXGin1op.jpg,0,0,0,1,0,0
musa-acuminata-freshunripe-7390fa20-1d0a-11ec-9693-d8c4975e38aa_jpg.rf.VLgl3d5T4PQjKBnL9KBK.jpg,0,1,0,0,0,0
musa-acuminata-overripe-a1aa89e1-1d0a-11ec-a231-d8c4975e38aa_jpg.rf.W0ngqYI2Q0V2LS9XYWnO.jpg,0,0,1,0,0,0
musa-acuminata-banana-bcbeb700-4037-11ec-b563-94b86d66fd1d_jpg.rf.VlmugC53DWrCYpMaBlgh.jpg,1,0,0,1,0,0
musa-acuminata-freshunripe-3b1e1bfe-2653-11ec-9c6a-d8c4975e38aa_jpg.rf.WD9xGBxs6K91blsqXaeZ.jpg,0,1,0,0,0,0
musa-acuminata-ripe-942f5746-1d0a-11ec-9808-d8c4975e38aa_jpg.rf.XujrsaX95tSKa7LvKXzV.jpg,0,0,0,1,0,0
musa-acuminata-banana-9df1c871-394a-11ec-bf56-d8c4975e38aa_jpg.rf.Xa4RCV2Up4A9aJNHYb0G.jpg,0,0,1,0,1,0
musa-acuminata-banana-8e8d87cf-394a-11ec-af08-d8c4975e38aa_jpg.rf.WTLOjCvaLHOwkJ2xIYTy.jpg,0,0,1,0,1,0
musa-acuminata-banana-c9e84cea-394a-11ec-8ca3-d8c4975e38aa_jpg.rf.Y5HBsm7shOfYBd6c5Gyi.jpg,0,0,0,1,0,0
musa-acuminata-unripe-5e18a027-2653-11ec-aa5f-d8c4975e38aa---Copy_jpg.rf.XgXx83XUdhofizX8utxg.jpg,0,0,0,0,0,1
musa-acuminata-mold-e51dd959-1d0a-11ec-bb30-d8c4975e38aa_jpg.rf.XLlhFZBQ7OwQaywlkimp.jpg,0,0,1,0,1,0
musa-acuminata-freshripe-7886dd2e-1d0a-11ec-b95f-d8c4975e38aa_jpg.rf.YQoLaA3Cf0O4Vy7sEhye.jpg,1,0,0,0,0,0
musa-acuminata-banana-e8c3dacf-394a-11ec-a542-d8c4975e38aa_jpg.rf.Wfze20tSEoTJUht2UraU.jpg,0,0,0,1,0,0
musa-acuminata-banana-c4ef91c9-394a-11ec-8e80-d8c4975e38aa_jpg.rf.UTSeZy5EP5uYBKG8rgdB.jpg,0,0,0,1,0,0
musa-acuminata-freshripe-7af6567f-1d0a-11ec-bee5-d8c4975e38aa_jpg.rf.YRLOvLWowJ6ASbL2x9IX.jpg,1,0,0,0,0,0
musa-acuminata-rotten-ac91e77b-1d0a-11ec-a4ad-d8c4975e38aa_jpg.rf.Y4M4qFUwWPIWab1OIyJY.jpg,0,0,0,0,1,0
musa-acuminata-unripe-62315362-2653-11ec-849a-d8c4975e38aa---Copy_jpg.rf.XF1PwS8tuOCLSYdAqb5P.jpg,0,0,0,0,0,1
musa-acuminata-banana-95881246-394a-11ec-84e4-d8c4975e38aa_jpg.rf.Y3vivFWcZJhutl60IAEZ.jpg,0,0,0,1,1,0
musa-acuminata-banana-acf9b84a-394a-11ec-b29b-d8c4975e38aa_jpg.rf.YfaNJaKmvibYu6DXdmfg.jpg,0,0,1,0,1,0
musa-acuminata-unripe-8c2b3684-1d0a-11ec-a70f-d8c4975e38aa-1-_jpg.rf.HOb0DbJZVyeTbChDY1ln.jpg,0,1,0,0,0,1
musa-acuminata-unripe-7ff40d7f-1d0a-11ec-98ef-d8c4975e38aa-1-_jpg.rf.Z3RTKiLbfQ5IkPz3llGQ.jpg,0,0,0,0,0,1
musa-acuminata-freshripe-46eeacbe-2653-11ec-9e8f-d8c4975e38aa_jpg.rf.Yq5JoHU6I6LCt8CoxPDI.jpg,1,0,0,0,0,0
musa-acuminata-freshripe-7e644219-1d0a-11ec-91e4-d8c4975e38aa_jpg.rf.C0ShaSVL9fA5LpfPeuNv.jpg,1,0,0,0,0,0
musa-acuminata-rotten-a2f11298-1d0a-11ec-98ce-d8c4975e38aa_jpg.rf.YHrpd5pUhM9cyoVpu3LG.jpg,0,0,0,0,1,0
musa-acuminata-banana-de30630b-394a-11ec-906e-d8c4975e38aa_jpg.rf.C5AvVu0wxf9XJmyXIkNL.jpg,0,0,0,1,0,0
musa-acuminata-banana-b33505ad-394a-11ec-8262-d8c4975e38aa_jpg.rf.VJe96KRDtFWLS0mIXDBL.jpg,1,0,0,0,0,0
musa-acuminata-banana-a5a5d8f8-394a-11ec-ac00-d8c4975e38aa_jpg.rf.CPUdwYmzEaaNhxYkkDKg.jpg,0,0,1,0,1,0
musa-acuminata-banana-f1674846-394a-11ec-b5e9-d8c4975e38aa_jpg.rf.CNnrW9sb0dU8Xxua8Wli.jpg,0,0,0,1,0,0
musa-acuminata-unripe-60229714-2653-11ec-bd8b-d8c4975e38aa---Copy_jpg.rf.ChCVj5DHVtwVw5H5Glbs.jpg,0,0,0,0,1,0
musa-acuminata-rotten-bbdf7978-1d0a-11ec-a0b5-d8c4975e38aa_jpg.rf.CiLtMCCn6b0JkqWPlI60.jpg,0,0,0,0,1,0
musa-acuminata-unripe-891189a0-1d0a-11ec-9f57-d8c4975e38aa-1-_jpg.rf.CoiJJcD9CZ31Ts8bPQPx.jpg,0,0,0,0,0,1
musa-acuminata-ripe-6e47017e-2653-11ec-8e2b-d8c4975e38aa_jpg.rf.CplaPrlWt5yMvtafP99B.jpg,0,0,0,1,1,0
musa-acuminata-overripe-9f6038ad-1d0a-11ec-9db0-d8c4975e38aa_jpg.rf.CmlF8vrUdvyX1SrwY1N8.jpg,0,0,1,0,0,0
musa-acuminata-freshunripe-3547b43d-2653-11ec-8704-d8c4975e38aa_jpg.rf.CS1SNkcdMtxusJLD5ceN.jpg,0,1,0,0,0,0
musa-acuminata-rotten-bf7eb6b4-1d0a-11ec-b1ab-d8c4975e38aa_jpg.rf.W6Tcclw48q63MMg1SocL.jpg,0,0,0,0,1,0
musa-acuminata-rotten-84a6a65a-2653-11ec-a777-d8c4975e38aa_jpg.rf.Cwdf198VmGaaNmqyi5os.jpg,0,0,0,0,1,0
musa-acuminata-freshunripe-725097b3-1d0a-11ec-9149-d8c4975e38aa_jpg.rf.CjaLY5hpartdBtZR0ZnK.jpg,0,1,0,0,0,0
musa-acuminata-rotten-b6c1b831-1d0a-11ec-ab30-d8c4975e38aa_jpg.rf.Z2ywdjVbHXXblUKlwfd0.jpg,0,0,0,0,1,0
musa-acuminata-banana-d317a907-4037-11ec-8f8b-94b86d66fd1d_jpg.rf.DFwOAIrlYUXinEh7sYpX.jpg,0,0,0,1,0,0
musa-acuminata-mold-e26f6c3f-1d0a-11ec-b12b-d8c4975e38aa_jpg.rf.Cmo1JmpYRhtLBa1Vt2pI.jpg,0,0,1,0,1,0
musa-acuminata-freshunripe-70a8e0c8-1d0a-11ec-afb6-d8c4975e38aa_jpg.rf.DrnEucyqq68ZHGlBKDIE.jpg,0,1,0,0,0,0
musa-acuminata-banana-eb905b4f-394a-11ec-9252-d8c4975e38aa_jpg.rf.DG5Mmm6xWNqkkN67iDOf.jpg,1,0,0,0,0,0
musa-acuminata-banana-b37ca1f4-4037-11ec-9e62-94b86d66fd1d_jpg.rf.ExbvQVilGY1deWFPcTe3.jpg,0,1,0,0,0,1
musa-acuminata-banana-c841b3c8-394a-11ec-b3ac-d8c4975e38aa_jpg.rf.EIJcgrQsCd61t10dMoCg.jpg,0,0,0,1,0,0
musa-acuminata-freshunripe-709bddee-1d0a-11ec-b5ee-d8c4975e38aa_jpg.rf.ESbI81z3Jo02RUIYQYmh.jpg,0,1,0,0,0,0
musa-acuminata-banana-87882d19-394a-11ec-ad5e-d8c4975e38aa_jpg.rf.FQO1PfZ10BeZFDbVcLw1.jpg,0,0,0,1,1,0
musa-acuminata-banana-a95acdfd-394a-11ec-b543-d8c4975e38aa_jpg.rf.EZXqdratPyG2uVRYll8P.jpg,0,0,0,0,1,0
musa-acuminata-freshunripe-27f2a575-2653-11ec-b884-d8c4975e38aa_jpg.rf.DzjY9m3Az7thTdC0Ii0f.jpg,0,1,0,0,0,0
musa-acuminata-unripe-891d733b-1d0a-11ec-924c-d8c4975e38aa-1-_jpg.rf.DxT9YgBlcRW4Urn2EHsA.jpg,0,0,0,0,0,1
musa-acuminata-unripe-5fb755f0-2653-11ec-b705-d8c4975e38aa---Copy_jpg.rf.EyGTFmNvRswQYhrsPWjs.jpg,0,0,0,0,0,1
musa-acuminata-unripe-88364328-1d0a-11ec-871f-d8c4975e38aa-1-_jpg.rf.FqbObLvKUEiFv0o1aVGi.jpg,0,0,0,0,0,1
musa-acuminata-mold-e1a99710-1d0a-11ec-a6aa-d8c4975e38aa_jpg.rf.Fa0YvyigezcXXAW8e9Ny.jpg,0,0,1,0,1,0
musa-acuminata-banana-acfbd7a6-394a-11ec-824d-d8c4975e38aa_jpg.rf.CEypitSq7jcTgd5k4EYm.jpg,0,0,0,0,1,0
musa-acuminata-banana-fa3e551f-394a-11ec-94a3-d8c4975e38aa_jpg.rf.FdeaEiNH65Rjw3afnYPx.jpg,0,0,0,1,0,0
musa-acuminata-ripe-94eba1ab-1d0a-11ec-8f3c-d8c4975e38aa_jpg.rf.CuauIJ7WJtNiYCXorydj.jpg,0,0,0,1,0,0
musa-acuminata-mold-e5c4b03f-1d0a-11ec-be6a-d8c4975e38aa_jpg.rf.FIZZnGm0WuZQGKCQr94x.jpg,0,0,1,0,0,0